SET FOREIGN_KEY_CHECKS=0;

CREATE DATABASE IF NOT EXISTS db_proyecto_prosecar;

USE db_proyecto_prosecar;

DROP TABLE IF EXISTS tbl_alergias;

CREATE TABLE `tbl_alergias` (
  `CODIGO_ALERGIAS` int(11) NOT NULL AUTO_INCREMENT,
  `NOMBRE` varchar(100) COLLATE utf8mb4_bin NOT NULL,
  `DESCRIPCION` longtext COLLATE utf8mb4_bin DEFAULT NULL,
  `CREADO_POR` varchar(20) COLLATE utf8mb4_bin DEFAULT NULL,
  `FECHA_CREACION` date NOT NULL,
  `MODIFICADO_POR` varchar(20) COLLATE utf8mb4_bin DEFAULT NULL,
  `FECHA_MODIFICACION` date DEFAULT NULL,
  `CODIGO_ESTADO` int(11) NOT NULL,
  PRIMARY KEY (`CODIGO_ALERGIAS`),
  KEY `CODIGO_ESTADO` (`CODIGO_ESTADO`),
  CONSTRAINT `tbl_alergias_ibfk_1` FOREIGN KEY (`CODIGO_ESTADO`) REFERENCES `tbl_estado` (`CODIGO_ESTADO`) ON DELETE CASCADE
) ENGINE=InnoDB AUTO_INCREMENT=3 DEFAULT CHARSET=utf8mb4 COLLATE=utf8mb4_bin;

INSERT INTO tbl_alergias VALUES("1","ALERGIA AL AGUA","EXTRAÑO PADECIMIENTO","DANIEL","2022-07-27","","","2");
INSERT INTO tbl_alergias VALUES("2","ALERGIA CUTÁNEAS","REACCIÓN ALERGICA QUE CAUSA UNA INFLAMACIÓN CUTÁNEA QUE PROVOCA UNA ERUPCIÓN ABULTADA","PAULA","2022-07-27","","","2");



DROP TABLE IF EXISTS tbl_apariencia_fisica;

CREATE TABLE `tbl_apariencia_fisica` (
  `CODIGO_APARIENCIA` int(11) NOT NULL AUTO_INCREMENT,
  `TIPO` varchar(255) COLLATE utf8mb4_bin NOT NULL,
  `CODIGO_ESTADO` int(11) NOT NULL,
  PRIMARY KEY (`CODIGO_APARIENCIA`),
  KEY `CODIGO_ESTADO` (`CODIGO_ESTADO`),
  CONSTRAINT `tbl_apariencia_fisica_ibfk_1` FOREIGN KEY (`CODIGO_ESTADO`) REFERENCES `tbl_estado` (`CODIGO_ESTADO`) ON DELETE CASCADE
) ENGINE=InnoDB AUTO_INCREMENT=7 DEFAULT CHARSET=utf8mb4 COLLATE=utf8mb4_bin;

INSERT INTO tbl_apariencia_fisica VALUES("4","HEMATOMA","2");
INSERT INTO tbl_apariencia_fisica VALUES("5","ICTERICIA","2");
INSERT INTO tbl_apariencia_fisica VALUES("6","OTROS","2");



DROP TABLE IF EXISTS tbl_area;

CREATE TABLE `tbl_area` (
  `CODIGO_AREA` int(11) NOT NULL AUTO_INCREMENT,
  `NOMBRE` varchar(50) COLLATE utf8mb4_bin NOT NULL,
  `DESCRIPCION` varchar(200) COLLATE utf8mb4_bin DEFAULT NULL,
  `CREADO_POR_USUARIO` varchar(20) COLLATE utf8mb4_bin DEFAULT NULL,
  `FECHA_CREACION` date NOT NULL,
  `FECHA_MODIFICACION` date DEFAULT NULL,
  `MODIFICADO_POR` varchar(20) COLLATE utf8mb4_bin DEFAULT NULL,
  PRIMARY KEY (`CODIGO_AREA`)
) ENGINE=InnoDB AUTO_INCREMENT=7 DEFAULT CHARSET=utf8mb4 COLLATE=utf8mb4_bin;

INSERT INTO tbl_area VALUES("1","ACADEMICA","AREA DE CLASES","ADMIN","2022-03-17","2022-04-07","ADMIN");
INSERT INTO tbl_area VALUES("2","MEDICA","AREA DE MEDICINA","ADMIN","2022-03-17","2022-04-07","ADMIN");
INSERT INTO tbl_area VALUES("3","PSICOLOGICA","AREA DE PSICOLOGIA","ADMIN","2022-03-17","2022-04-22","ARNOLDIÑO");
INSERT INTO tbl_area VALUES("4","ESPIRITUAL","AREA ESPIRITUAL","ARNOLDIÑO","2022-04-22","0000-00-00","");



DROP TABLE IF EXISTS tbl_bitacora_sistema;

CREATE TABLE `tbl_bitacora_sistema` (
  `CODIGO_BITACORA` int(11) NOT NULL AUTO_INCREMENT,
  `CODIGO_USUARIO` int(5) NOT NULL,
  `CODIGO_OBJETO` int(5) DEFAULT NULL,
  `FECHA` date DEFAULT NULL,
  `ACCION` varchar(255) COLLATE utf8mb4_bin DEFAULT NULL,
  `DESCRIPCION` varchar(100) COLLATE utf8mb4_bin DEFAULT NULL,
  PRIMARY KEY (`CODIGO_BITACORA`),
  KEY `FK_COD_USU_BIT` (`CODIGO_USUARIO`),
  KEY `FK_COD_OBJ_BIT` (`CODIGO_OBJETO`)
) ENGINE=InnoDB AUTO_INCREMENT=1432 DEFAULT CHARSET=utf8mb4 COLLATE=utf8mb4_bin;

INSERT INTO tbl_bitacora_sistema VALUES("1","0","54","2022-07-25","CERRAR SESIÓN","USUARIO CERRÓ SESIÓN");
INSERT INTO tbl_bitacora_sistema VALUES("2","1","1","2022-07-25","Autoregistro","El usuario se autoregistro");
INSERT INTO tbl_bitacora_sistema VALUES("3","1","54","2022-07-25","AUTENTICACIÓN FALLIDA","EL USUARIO INTENTO INICIAR SESIÓN CON LA CUENTA INACTIVA");
INSERT INTO tbl_bitacora_sistema VALUES("4","1","54","2022-07-25","AUTENTICACIÓN CORRECTA","USUARIO INICIO SESIÓN CORRECTAMENTE");
INSERT INTO tbl_bitacora_sistema VALUES("5","1","13","2022-07-25","INGRESO A LA PANTALLA REGISTRO DE PERSONAS","USUARIO SE AUTENTIFICO");
INSERT INTO tbl_bitacora_sistema VALUES("6","1","54","2022-07-26","AUTENTICACIÓN CORRECTA","USUARIO INICIO SESIÓN CORRECTAMENTE");
INSERT INTO tbl_bitacora_sistema VALUES("7","1","13","2022-07-26","INGRESO A LA PANTALLA REGISTRO DE PERSONAS","USUARIO SE AUTENTIFICO");
INSERT INTO tbl_bitacora_sistema VALUES("8","1","54","2022-07-26","AUTENTICACIÓN CORRECTA","USUARIO INICIO SESIÓN CORRECTAMENTE");
INSERT INTO tbl_bitacora_sistema VALUES("9","1","13","2022-07-26","INGRESO A LA PANTALLA REGISTRO DE PERSONAS","USUARIO SE AUTENTIFICO");
INSERT INTO tbl_bitacora_sistema VALUES("10","1","54","2022-07-26","AUTENTICACIÓN CORRECTA","USUARIO INICIO SESIÓN CORRECTAMENTE");
INSERT INTO tbl_bitacora_sistema VALUES("11","1","54","2022-07-26","AUTENTICACIÓN CORRECTA","USUARIO INICIO SESIÓN CORRECTAMENTE");
INSERT INTO tbl_bitacora_sistema VALUES("12","1","13","2022-07-26","INGRESO A LA PANTALLA REGISTRO DE PERSONAS","USUARIO SE AUTENTIFICO");
INSERT INTO tbl_bitacora_sistema VALUES("13","1","13","2022-07-26","INGRESO A LA PANTALLA REGISTRO DE PERSONAS","USUARIO SE AUTENTIFICO");
INSERT INTO tbl_bitacora_sistema VALUES("14","1","13","2022-07-26","INGRESO A LA PANTALLA REGISTRO DE PERSONAS","USUARIO SE AUTENTIFICO");
INSERT INTO tbl_bitacora_sistema VALUES("15","1","13","2022-07-26","INGRESO A LA PANTALLA REGISTRO DE PERSONAS","USUARIO SE AUTENTIFICO");
INSERT INTO tbl_bitacora_sistema VALUES("16","1","54","2022-07-26","AUTENTICACIÓN CORRECTA","USUARIO INICIO SESIÓN CORRECTAMENTE");
INSERT INTO tbl_bitacora_sistema VALUES("17","1","13","2022-07-26","INGRESO A LA PANTALLA REGISTRO DE PERSONAS","USUARIO SE AUTENTIFICO");
INSERT INTO tbl_bitacora_sistema VALUES("18","1","13","2022-07-26","INSERCIÓN","SE REGISTRO AL USUARIO RUT COMO UN ADMINISTRADOR");
INSERT INTO tbl_bitacora_sistema VALUES("19","1","54","2022-07-26","CERRAR SESIÓN","USUARIO CERRÓ SESIÓN");
INSERT INTO tbl_bitacora_sistema VALUES("20","2","1","2022-07-26","Ingreso de preguntas para recuperacion","Nuevo usuario registro las preguntas");
INSERT INTO tbl_bitacora_sistema VALUES("21","1","13","2022-07-26","INSERCIÓN","SE REGISTRO AL USUARIO LUZ COMO UN ADMINISTRADOR");
INSERT INTO tbl_bitacora_sistema VALUES("22","1","13","2022-07-26","INSERCIÓN","SE REGISTRO AL USUARIO JOSE COMO UN ADMINISTRADOR");
INSERT INTO tbl_bitacora_sistema VALUES("23","2","1","2022-07-26","Cambio de contraseña","Usuario nuevo, hizo el cambio de contraseña");
INSERT INTO tbl_bitacora_sistema VALUES("24","1","13","2022-07-26","INSERCIÓN","SE REGISTRO AL USUARIO GABRIELA COMO UN ADMINISTRADOR");
INSERT INTO tbl_bitacora_sistema VALUES("25","1","13","2022-07-26","INSERCIÓN","SE REGISTRO AL USUARIO ALEXANDER COMO UN ADMINISTRADOR");
INSERT INTO tbl_bitacora_sistema VALUES("26","1","54","2022-07-26","CERRAR SESIÓN","USUARIO CERRÓ SESIÓN");
INSERT INTO tbl_bitacora_sistema VALUES("27","2","54","2022-07-26","AUTENTICACIÓN CORRECTA","USUARIO INICIO SESIÓN CORRECTAMENTE");
INSERT INTO tbl_bitacora_sistema VALUES("28","1","13","2022-07-26","INGRESO A LA PANTALLA REGISTRO DE PERSONAS","USUARIO SE AUTENTIFICO");
INSERT INTO tbl_bitacora_sistema VALUES("29","2","13","2022-07-26","INGRESO A LA PANTALLA REGISTRO DE PERSONAS","USUARIO SE AUTENTIFICO");
INSERT INTO tbl_bitacora_sistema VALUES("30","4","1","2022-07-26","Ingreso de preguntas para recuperacion","Nuevo usuario registro las preguntas");
INSERT INTO tbl_bitacora_sistema VALUES("31","1","54","2022-07-26","CERRAR SESIÓN","USUARIO CERRÓ SESIÓN");
INSERT INTO tbl_bitacora_sistema VALUES("32","4","1","2022-07-26","Cambio de contraseña","Usuario nuevo, hizo el cambio de contraseña");
INSERT INTO tbl_bitacora_sistema VALUES("33","6","1","2022-07-26","Ingreso de preguntas para recuperacion","Nuevo usuario registro las preguntas");
INSERT INTO tbl_bitacora_sistema VALUES("34","6","1","2022-07-26","Cambio de contraseña","Usuario nuevo, hizo el cambio de contraseña");
INSERT INTO tbl_bitacora_sistema VALUES("35","6","54","2022-07-26","AUTENTICACIÓN CORRECTA","USUARIO INICIO SESIÓN CORRECTAMENTE");
INSERT INTO tbl_bitacora_sistema VALUES("36","2","13","2022-07-26","INGRESO A LA PANTALLA REGISTRO DE PERSONAS","USUARIO SE AUTENTIFICO");
INSERT INTO tbl_bitacora_sistema VALUES("37","6","13","2022-07-26","INGRESO A LA PANTALLA REGISTRO DE PERSONAS","USUARIO SE AUTENTIFICO");
INSERT INTO tbl_bitacora_sistema VALUES("38","6","13","2022-07-26","INGRESO A LA PANTALLA REGISTRO DE PERSONAS","USUARIO SE AUTENTIFICO");
INSERT INTO tbl_bitacora_sistema VALUES("39","2","14","2022-07-26","MODIFICACIÓN","SE MODIFICO UN USUARIO");
INSERT INTO tbl_bitacora_sistema VALUES("40","2","14","2022-07-26","MODIFICACIÓN","SE MODIFICO UN USUARIO");
INSERT INTO tbl_bitacora_sistema VALUES("41","1","54","2022-07-26","CERRAR SESIÓN","USUARIO CERRÓ SESIÓN");
INSERT INTO tbl_bitacora_sistema VALUES("42","4","54","2022-07-26","AUTENTICACIÓN CORRECTA","USUARIO INICIO SESIÓN CORRECTAMENTE");
INSERT INTO tbl_bitacora_sistema VALUES("43","1","54","2022-07-26","CERRAR SESIÓN","USUARIO CERRÓ SESIÓN");
INSERT INTO tbl_bitacora_sistema VALUES("44","2","13","2022-07-26","INGRESO A LA PANTALLA REGISTRO DE PERSONAS","USUARIO SE AUTENTIFICO");
INSERT INTO tbl_bitacora_sistema VALUES("45","4","13","2022-07-26","INGRESO A LA PANTALLA REGISTRO DE PERSONAS","USUARIO SE AUTENTIFICO");
INSERT INTO tbl_bitacora_sistema VALUES("46","3","54","2022-07-26","AUTENTICACIÓN FALLIDA","INTENTÓ DE INICIO DE SESIÓN FALLIDO");
INSERT INTO tbl_bitacora_sistema VALUES("47","4","13","2022-07-26","INGRESO A LA PANTALLA REGISTRO DE PERSONAS","USUARIO SE AUTENTIFICO");
INSERT INTO tbl_bitacora_sistema VALUES("48","5","1","2022-07-26","Ingreso de preguntas para recuperacion","Nuevo usuario registro las preguntas");
INSERT INTO tbl_bitacora_sistema VALUES("49","6","19","2022-07-26","Ingreso a mantenimiento especialidad","mantenimiento especialidad");
INSERT INTO tbl_bitacora_sistema VALUES("50","3","1","2022-07-26","Ingreso de preguntas para recuperacion","Nuevo usuario registro las preguntas");
INSERT INTO tbl_bitacora_sistema VALUES("51","5","1","2022-07-26","Cambio de contraseña","Usuario nuevo, hizo el cambio de contraseña");
INSERT INTO tbl_bitacora_sistema VALUES("52","3","1","2022-07-26","Cambio de contraseña","Usuario nuevo, hizo el cambio de contraseña");
INSERT INTO tbl_bitacora_sistema VALUES("53","5","54","2022-07-26","AUTENTICACIÓN CORRECTA","USUARIO INICIO SESIÓN CORRECTAMENTE");
INSERT INTO tbl_bitacora_sistema VALUES("54","3","54","2022-07-26","AUTENTICACIÓN CORRECTA","USUARIO INICIO SESIÓN CORRECTAMENTE");
INSERT INTO tbl_bitacora_sistema VALUES("55","6","19","2022-07-26","Ingreso a mantenimiento especialidad","mantenimiento especialidad");
INSERT INTO tbl_bitacora_sistema VALUES("56","1","54","2022-07-26","AUTENTICACIÓN CORRECTA","USUARIO INICIO SESIÓN CORRECTAMENTE");
INSERT INTO tbl_bitacora_sistema VALUES("57","5","13","2022-07-26","INGRESO A LA PANTALLA REGISTRO DE PERSONAS","USUARIO SE AUTENTIFICO");
INSERT INTO tbl_bitacora_sistema VALUES("58","5","13","2022-07-26","INGRESO A LA PANTALLA REGISTRO DE PERSONAS","USUARIO SE AUTENTIFICO");
INSERT INTO tbl_bitacora_sistema VALUES("59","1","13","2022-07-26","INGRESO A LA PANTALLA REGISTRO DE PERSONAS","USUARIO SE AUTENTIFICO");
INSERT INTO tbl_bitacora_sistema VALUES("60","2","13","2022-07-26","INGRESO A LA PANTALLA REGISTRO DE PERSONAS","USUARIO SE AUTENTIFICO");
INSERT INTO tbl_bitacora_sistema VALUES("61","6","19","2022-07-26","Ingreso a mantenimiento especialidad","mantenimiento especialidad");
INSERT INTO tbl_bitacora_sistema VALUES("62","3","13","2022-07-26","INGRESO A LA PANTALLA REGISTRO DE PERSONAS","USUARIO SE AUTENTIFICO");
INSERT INTO tbl_bitacora_sistema VALUES("63","1","13","2022-07-26","INSERCIÓN","SE REGISTRO AL USUARIO CESAR COMO UN ADMINISTRADOR");
INSERT INTO tbl_bitacora_sistema VALUES("64","1","54","2022-07-26","CERRAR SESIÓN","USUARIO CERRÓ SESIÓN");
INSERT INTO tbl_bitacora_sistema VALUES("65","6","12","2022-07-26","Ingreso a mantenimiento preguntas","Pregunta realizadas al usuario para cambio de contraseña");
INSERT INTO tbl_bitacora_sistema VALUES("66","7","1","2022-07-26","Ingreso de preguntas para recuperacion","Nuevo usuario registro las preguntas");
INSERT INTO tbl_bitacora_sistema VALUES("67","6","13","2022-07-26","INGRESO A LA PANTALLA REGISTRO DE PERSONAS","USUARIO SE AUTENTIFICO");
INSERT INTO tbl_bitacora_sistema VALUES("68","7","1","2022-07-26","Cambio de contraseña","Usuario nuevo, hizo el cambio de contraseña");
INSERT INTO tbl_bitacora_sistema VALUES("69","7","54","2022-07-26","AUTENTICACIÓN CORRECTA","USUARIO INICIO SESIÓN CORRECTAMENTE");
INSERT INTO tbl_bitacora_sistema VALUES("70","6","13","2022-07-26","INGRESO A LA PANTALLA REGISTRO DE PERSONAS","USUARIO SE AUTENTIFICO");
INSERT INTO tbl_bitacora_sistema VALUES("71","6","13","2022-07-26","INGRESO A LA PANTALLA REGISTRO DE PERSONAS","USUARIO SE AUTENTIFICO");
INSERT INTO tbl_bitacora_sistema VALUES("72","3","13","2022-07-26","INSERCIÓN","SE REGISTRO AL USUARIO JUAN COMO UN TUTOR");
INSERT INTO tbl_bitacora_sistema VALUES("73","7","13","2022-07-26","INGRESO A LA PANTALLA REGISTRO DE PERSONAS","USUARIO SE AUTENTIFICO");
INSERT INTO tbl_bitacora_sistema VALUES("74","6","13","2022-07-26","INGRESO A LA PANTALLA REGISTRO DE PERSONAS","USUARIO SE AUTENTIFICO");
INSERT INTO tbl_bitacora_sistema VALUES("75","5","13","2022-07-26","INGRESO A LA PANTALLA REGISTRO DE PERSONAS","USUARIO SE AUTENTIFICO");
INSERT INTO tbl_bitacora_sistema VALUES("76","6","13","2022-07-26","INGRESO A LA PANTALLA REGISTRO DE PERSONAS","USUARIO SE AUTENTIFICO");
INSERT INTO tbl_bitacora_sistema VALUES("77","4","13","2022-07-26","INGRESO A LA PANTALLA REGISTRO DE PERSONAS","USUARIO SE AUTENTIFICO");
INSERT INTO tbl_bitacora_sistema VALUES("78","7","13","2022-07-26","INSERCIÓN","SE REGISTRO AL USUARIO DAVID COMO UN ESTUDIANTE");
INSERT INTO tbl_bitacora_sistema VALUES("79","4","13","2022-07-26","INGRESO A LA PANTALLA REGISTRO DE PERSONAS","USUARIO SE AUTENTIFICO");
INSERT INTO tbl_bitacora_sistema VALUES("80","6","13","2022-07-26","INSERCIÓN","SE REGISTRO AL USUARIO IKER COMO UN ESTUDIANTE");
INSERT INTO tbl_bitacora_sistema VALUES("81","7","13","2022-07-26","INGRESO A LA PANTALLA REGISTRO DE PERSONAS","USUARIO SE AUTENTIFICO");
INSERT INTO tbl_bitacora_sistema VALUES("82","4","13","2022-07-26","INGRESO A LA PANTALLA REGISTRO DE PERSONAS","USUARIO SE AUTENTIFICO");
INSERT INTO tbl_bitacora_sistema VALUES("83","4","13","2022-07-26","INGRESO A LA PANTALLA REGISTRO DE PERSONAS","USUARIO SE AUTENTIFICO");
INSERT INTO tbl_bitacora_sistema VALUES("84","5","13","2022-07-26","INGRESO A LA PANTALLA REGISTRO DE PERSONAS","USUARIO SE AUTENTIFICO");
INSERT INTO tbl_bitacora_sistema VALUES("85","2","13","2022-07-26","INGRESO A LA PANTALLA REGISTRO DE PERSONAS","USUARIO SE AUTENTIFICO");
INSERT INTO tbl_bitacora_sistema VALUES("86","7","13","2022-07-26","INGRESO A LA PANTALLA REGISTRO DE PERSONAS","USUARIO SE AUTENTIFICO");
INSERT INTO tbl_bitacora_sistema VALUES("87","6","13","2022-07-26","INGRESO A LA PANTALLA REGISTRO DE PERSONAS","USUARIO SE AUTENTIFICO");
INSERT INTO tbl_bitacora_sistema VALUES("88","3","13","2022-07-26","INGRESO A LA PANTALLA REGISTRO DE PERSONAS","USUARIO SE AUTENTIFICO");
INSERT INTO tbl_bitacora_sistema VALUES("89","4","13","2022-07-26","INSERCIÓN","SE REGISTRO AL USUARIO DANIEL COMO UN MEDICO");
INSERT INTO tbl_bitacora_sistema VALUES("90","2","13","2022-07-26","INSERCIÓN","SE REGISTRO AL USUARIO RAQUEL COMO UN PSICOLOGO");
INSERT INTO tbl_bitacora_sistema VALUES("91","4","54","2022-07-26","CERRAR SESIÓN","USUARIO CERRÓ SESIÓN");
INSERT INTO tbl_bitacora_sistema VALUES("92","2","54","2022-07-26","CERRAR SESIÓN","USUARIO CERRÓ SESIÓN");
INSERT INTO tbl_bitacora_sistema VALUES("93","11","1","2022-07-26","Ingreso de preguntas para recuperacion","Nuevo usuario registro las preguntas");
INSERT INTO tbl_bitacora_sistema VALUES("94","5","13","2022-07-26","INSERCIÓN","SE REGISTRO AL USUARIO YAMILETH COMO UN CATEQUISTA");
INSERT INTO tbl_bitacora_sistema VALUES("95","5","13","2022-07-26","INGRESO A LA PANTALLA REGISTRO DE PERSONAS","USUARIO SE AUTENTIFICO");
INSERT INTO tbl_bitacora_sistema VALUES("96","12","1","2022-07-26","Ingreso de preguntas para recuperacion","Nuevo usuario registro las preguntas");
INSERT INTO tbl_bitacora_sistema VALUES("97","11","1","2022-07-26","Cambio de contraseña","Usuario nuevo, hizo el cambio de contraseña");
INSERT INTO tbl_bitacora_sistema VALUES("98","1","54","2022-07-26","AUTENTICACIÓN CORRECTA","USUARIO INICIO SESIÓN CORRECTAMENTE");
INSERT INTO tbl_bitacora_sistema VALUES("99","12","1","2022-07-26","Cambio de contraseña","Usuario nuevo, hizo el cambio de contraseña");
INSERT INTO tbl_bitacora_sistema VALUES("100","1","13","2022-07-26","INGRESO A LA PANTALLA REGISTRO DE PERSONAS","USUARIO SE AUTENTIFICO");
INSERT INTO tbl_bitacora_sistema VALUES("101","2","54","2022-07-26","AUTENTICACIÓN CORRECTA","USUARIO INICIO SESIÓN CORRECTAMENTE");
INSERT INTO tbl_bitacora_sistema VALUES("102","2","13","2022-07-26","INGRESO A LA PANTALLA REGISTRO DE PERSONAS","USUARIO SE AUTENTIFICO");
INSERT INTO tbl_bitacora_sistema VALUES("103","6","13","2022-07-26","INSERCIÓN","SE REGISTRO AL USUARIO  COMO UN FAMILIAR");
INSERT INTO tbl_bitacora_sistema VALUES("104","7","13","2022-07-26","INSERCIÓN","SE REGISTRO AL USUARIO  COMO UN FAMILIAR");
INSERT INTO tbl_bitacora_sistema VALUES("105","3","13","2022-07-26","INSERCIÓN","SE REGISTRO AL USUARIO MARGARITA COMO UN TUTOR");
INSERT INTO tbl_bitacora_sistema VALUES("106","1","13","2022-07-26","INSERCIÓN","SE REGISTRO AL USUARIO RAMON COMO UN MEDICO");
INSERT INTO tbl_bitacora_sistema VALUES("107","1","54","2022-07-26","CERRAR SESIÓN","USUARIO CERRÓ SESIÓN");
INSERT INTO tbl_bitacora_sistema VALUES("108","15","1","2022-07-26","Ingreso de preguntas para recuperacion","Nuevo usuario registro las preguntas");
INSERT INTO tbl_bitacora_sistema VALUES("109","5","13","2022-07-26","INSERCIÓN","SE REGISTRO AL USUARIO FRANCISCO COMO UN CATEQUISTA");
INSERT INTO tbl_bitacora_sistema VALUES("110","15","1","2022-07-26","Cambio de contraseña","Usuario nuevo, hizo el cambio de contraseña");
INSERT INTO tbl_bitacora_sistema VALUES("111","6","13","2022-07-26","INGRESO A LA PANTALLA REGISTRO DE PERSONAS","USUARIO SE AUTENTIFICO");
INSERT INTO tbl_bitacora_sistema VALUES("112","1","54","2022-07-26","AUTENTICACIÓN CORRECTA","USUARIO INICIO SESIÓN CORRECTAMENTE");
INSERT INTO tbl_bitacora_sistema VALUES("113","3","13","2022-07-26","INGRESO A LA PANTALLA REGISTRO DE PERSONAS","USUARIO SE AUTENTIFICO");
INSERT INTO tbl_bitacora_sistema VALUES("114","1","13","2022-07-26","INGRESO A LA PANTALLA REGISTRO DE PERSONAS","USUARIO SE AUTENTIFICO");
INSERT INTO tbl_bitacora_sistema VALUES("115","5","13","2022-07-26","INGRESO A LA PANTALLA REGISTRO DE PERSONAS","USUARIO SE AUTENTIFICO");
INSERT INTO tbl_bitacora_sistema VALUES("116","2","13","2022-07-26","INSERCIÓN","SE REGISTRO AL USUARIO JOSUE COMO UN PSICOLOGO");
INSERT INTO tbl_bitacora_sistema VALUES("117","7","13","2022-07-26","INGRESO A LA PANTALLA REGISTRO DE PERSONAS","USUARIO SE AUTENTIFICO");
INSERT INTO tbl_bitacora_sistema VALUES("118","2","54","2022-07-26","CERRAR SESIÓN","USUARIO CERRÓ SESIÓN");
INSERT INTO tbl_bitacora_sistema VALUES("119","17","1","2022-07-26","Ingreso de preguntas para recuperacion","Nuevo usuario registro las preguntas");
INSERT INTO tbl_bitacora_sistema VALUES("120","17","1","2022-07-26","Cambio de contraseña","Usuario nuevo, hizo el cambio de contraseña");
INSERT INTO tbl_bitacora_sistema VALUES("121","2","54","2022-07-26","AUTENTICACIÓN CORRECTA","USUARIO INICIO SESIÓN CORRECTAMENTE");
INSERT INTO tbl_bitacora_sistema VALUES("122","5","13","2022-07-26","INSERCIÓN","SE REGISTRO AL USUARIO LAURA COMO UN CATEQUISTA");
INSERT INTO tbl_bitacora_sistema VALUES("123","2","13","2022-07-26","INGRESO A LA PANTALLA REGISTRO DE PERSONAS","USUARIO SE AUTENTIFICO");
INSERT INTO tbl_bitacora_sistema VALUES("124","5","54","2022-07-26","CERRAR SESIÓN","USUARIO CERRÓ SESIÓN");
INSERT INTO tbl_bitacora_sistema VALUES("125","13","1","2022-07-26","Ingreso de preguntas para recuperacion","Nuevo usuario registro las preguntas");
INSERT INTO tbl_bitacora_sistema VALUES("126","3","13","2022-07-26","INSERCIÓN","SE REGISTRO AL USUARIO MAJO COMO UN TUTOR");
INSERT INTO tbl_bitacora_sistema VALUES("127","1","13","2022-07-26","INSERCIÓN","SE REGISTRO AL USUARIO PAULA COMO UN MEDICO");
INSERT INTO tbl_bitacora_sistema VALUES("128","1","54","2022-07-26","CERRAR SESIÓN","USUARIO CERRÓ SESIÓN");
INSERT INTO tbl_bitacora_sistema VALUES("129","13","1","2022-07-26","Cambio de contraseña","Usuario nuevo, hizo el cambio de contraseña");
INSERT INTO tbl_bitacora_sistema VALUES("130","7","13","2022-07-26","INGRESO A LA PANTALLA REGISTRO DE PERSONAS","USUARIO SE AUTENTIFICO");
INSERT INTO tbl_bitacora_sistema VALUES("131","20","1","2022-07-26","Ingreso de preguntas para recuperacion","Nuevo usuario registro las preguntas");
INSERT INTO tbl_bitacora_sistema VALUES("132","2","13","2022-07-26","INSERCIÓN","SE REGISTRO AL USUARIO MARIO COMO UN PSICOLOGO");
INSERT INTO tbl_bitacora_sistema VALUES("133","20","1","2022-07-26","Cambio de contraseña","Usuario nuevo, hizo el cambio de contraseña");
INSERT INTO tbl_bitacora_sistema VALUES("134","13","54","2022-07-26","AUTENTICACIÓN CORRECTA","USUARIO INICIO SESIÓN CORRECTAMENTE");
INSERT INTO tbl_bitacora_sistema VALUES("135","2","54","2022-07-26","CERRAR SESIÓN","USUARIO CERRÓ SESIÓN");
INSERT INTO tbl_bitacora_sistema VALUES("136","13","54","2022-07-26","CERRAR SESIÓN","USUARIO CERRÓ SESIÓN");
INSERT INTO tbl_bitacora_sistema VALUES("137","3","54","2022-07-26","CERRAR SESIÓN","USUARIO CERRÓ SESIÓN");
INSERT INTO tbl_bitacora_sistema VALUES("138","21","1","2022-07-26","Ingreso de preguntas para recuperacion","Nuevo usuario registro las preguntas");
INSERT INTO tbl_bitacora_sistema VALUES("139","6","13","2022-07-26","INSERCIÓN","SE REGISTRO AL USUARIO CRIS COMO UN ESTUDIANTE");
INSERT INTO tbl_bitacora_sistema VALUES("140","21","1","2022-07-26","Cambio de contraseña","Usuario nuevo, hizo el cambio de contraseña");
INSERT INTO tbl_bitacora_sistema VALUES("141","16","1","2022-07-26","Ingreso de preguntas para recuperacion","Nuevo usuario registro las preguntas");
INSERT INTO tbl_bitacora_sistema VALUES("142","8","1","2022-07-26","Ingreso de preguntas para recuperacion","Nuevo usuario registro las preguntas");
INSERT INTO tbl_bitacora_sistema VALUES("143","2","54","2022-07-26","AUTENTICACIÓN CORRECTA","USUARIO INICIO SESIÓN CORRECTAMENTE");
INSERT INTO tbl_bitacora_sistema VALUES("144","16","1","2022-07-26","Cambio de contraseña","Usuario nuevo, hizo el cambio de contraseña");
INSERT INTO tbl_bitacora_sistema VALUES("145","8","1","2022-07-26","Cambio de contraseña","Usuario nuevo, hizo el cambio de contraseña");
INSERT INTO tbl_bitacora_sistema VALUES("146","2","13","2022-07-26","INGRESO A LA PANTALLA REGISTRO DE PERSONAS","USUARIO SE AUTENTIFICO");
INSERT INTO tbl_bitacora_sistema VALUES("147","16","54","2022-07-26","AUTENTICACIÓN CORRECTA","USUARIO INICIO SESIÓN CORRECTAMENTE");
INSERT INTO tbl_bitacora_sistema VALUES("148","6","54","2022-07-26","CERRAR SESIÓN","USUARIO CERRÓ SESIÓN");
INSERT INTO tbl_bitacora_sistema VALUES("149","16","54","2022-07-26","CERRAR SESIÓN","USUARIO CERRÓ SESIÓN");
INSERT INTO tbl_bitacora_sistema VALUES("150","14","1","2022-07-26","Ingreso de preguntas para recuperacion","Nuevo usuario registro las preguntas");
INSERT INTO tbl_bitacora_sistema VALUES("151","10","1","2022-07-26","Ingreso de preguntas para recuperacion","Nuevo usuario registro las preguntas");
INSERT INTO tbl_bitacora_sistema VALUES("152","1","54","2022-07-26","AUTENTICACIÓN CORRECTA","USUARIO INICIO SESIÓN CORRECTAMENTE");
INSERT INTO tbl_bitacora_sistema VALUES("153","10","1","2022-07-26","Cambio de contraseña","Usuario nuevo, hizo el cambio de contraseña");
INSERT INTO tbl_bitacora_sistema VALUES("154","7","13","2022-07-26","INSERCIÓN","SE REGISTRO AL USUARIO ANDREA COMO UN ESTUDIANTE");
INSERT INTO tbl_bitacora_sistema VALUES("155","1","13","2022-07-26","INGRESO A LA PANTALLA REGISTRO DE PERSONAS","USUARIO SE AUTENTIFICO");
INSERT INTO tbl_bitacora_sistema VALUES("156","14","1","2022-07-26","Cambio de contraseña","Usuario nuevo, hizo el cambio de contraseña");
INSERT INTO tbl_bitacora_sistema VALUES("157","18","1","2022-07-26","Ingreso de preguntas para recuperacion","Nuevo usuario registro las preguntas");
INSERT INTO tbl_bitacora_sistema VALUES("158","7","13","2022-07-26","INGRESO A LA PANTALLA REGISTRO DE PERSONAS","USUARIO SE AUTENTIFICO");
INSERT INTO tbl_bitacora_sistema VALUES("159","18","1","2022-07-26","Cambio de contraseña","Usuario nuevo, hizo el cambio de contraseña");
INSERT INTO tbl_bitacora_sistema VALUES("160","2","14","2022-07-26","MODIFICACIÓN","SE MODIFICO UN USUARIO");
INSERT INTO tbl_bitacora_sistema VALUES("161","18","54","2022-07-26","AUTENTICACIÓN CORRECTA","USUARIO INICIO SESIÓN CORRECTAMENTE");
INSERT INTO tbl_bitacora_sistema VALUES("162","19","1","2022-07-26","Ingreso de preguntas para recuperacion","Nuevo usuario registro las preguntas");
INSERT INTO tbl_bitacora_sistema VALUES("163","22","1","2022-07-26","Ingreso de preguntas para recuperacion","Nuevo usuario registro las preguntas");
INSERT INTO tbl_bitacora_sistema VALUES("164","18","54","2022-07-26","CERRAR SESIÓN","USUARIO CERRÓ SESIÓN");
INSERT INTO tbl_bitacora_sistema VALUES("165","5","54","2022-07-26","AUTENTICACIÓN CORRECTA","USUARIO INICIO SESIÓN CORRECTAMENTE");
INSERT INTO tbl_bitacora_sistema VALUES("166","19","1","2022-07-26","Cambio de contraseña","Usuario nuevo, hizo el cambio de contraseña");
INSERT INTO tbl_bitacora_sistema VALUES("167","22","1","2022-07-26","Cambio de contraseña","Usuario nuevo, hizo el cambio de contraseña");
INSERT INTO tbl_bitacora_sistema VALUES("168","3","54","2022-07-26","AUTENTICACIÓN CORRECTA","USUARIO INICIO SESIÓN CORRECTAMENTE");
INSERT INTO tbl_bitacora_sistema VALUES("169","22","54","2022-07-26","AUTENTICACIÓN CORRECTA","USUARIO INICIO SESIÓN CORRECTAMENTE");
INSERT INTO tbl_bitacora_sistema VALUES("170","22","54","2022-07-26","CERRAR SESIÓN","USUARIO CERRÓ SESIÓN");
INSERT INTO tbl_bitacora_sistema VALUES("171","6","54","2022-07-26","AUTENTICACIÓN CORRECTA","USUARIO INICIO SESIÓN CORRECTAMENTE");
INSERT INTO tbl_bitacora_sistema VALUES("172","6","13","2022-07-26","INGRESO A LA PANTALLA REGISTRO DE PERSONAS","USUARIO SE AUTENTIFICO");
INSERT INTO tbl_bitacora_sistema VALUES("173","7","13","2022-07-26","INSERCIÓN","SE REGISTRO AL USUARIO  COMO UN FAMILIAR");
INSERT INTO tbl_bitacora_sistema VALUES("174","6","2","2022-07-26","Ingreso a la tabla de roles","Usuario se autentifico ");
INSERT INTO tbl_bitacora_sistema VALUES("175","6","13","2022-07-26","INGRESO A LA PANTALLA REGISTRO DE PERSONAS","USUARIO SE AUTENTIFICO");
INSERT INTO tbl_bitacora_sistema VALUES("176","5","13","2022-07-26","INGRESO A LA PANTALLA REGISTRO DE PERSONAS","USUARIO SE AUTENTIFICO");
INSERT INTO tbl_bitacora_sistema VALUES("177","2","13","2022-07-26","INGRESO A LA PANTALLA REGISTRO DE PERSONAS","USUARIO SE AUTENTIFICO");
INSERT INTO tbl_bitacora_sistema VALUES("178","3","13","2022-07-26","INGRESO A LA PANTALLA REGISTRO DE PERSONAS","USUARIO SE AUTENTIFICO");
INSERT INTO tbl_bitacora_sistema VALUES("179","7","54","2022-07-26","CERRAR SESIÓN","USUARIO CERRÓ SESIÓN");
INSERT INTO tbl_bitacora_sistema VALUES("180","1","13","2022-07-26","INGRESO A LA PANTALLA REGISTRO DE PERSONAS","USUARIO SE AUTENTIFICO");
INSERT INTO tbl_bitacora_sistema VALUES("181","6","14","2022-07-26","MODIFICACIÓN","SE MODIFICO UN USUARIO");
INSERT INTO tbl_bitacora_sistema VALUES("182","6","14","2022-07-26","MODIFICACIÓN","SE MODIFICO UN USUARIO");
INSERT INTO tbl_bitacora_sistema VALUES("183","6","13","2022-07-26","INGRESO A LA PANTALLA REGISTRO DE PERSONAS","USUARIO SE AUTENTIFICO");
INSERT INTO tbl_bitacora_sistema VALUES("184","23","1","2022-07-26","Ingreso de preguntas para recuperacion","Nuevo usuario registro las preguntas");
INSERT INTO tbl_bitacora_sistema VALUES("185","23","1","2022-07-26","Cambio de contraseña","Usuario nuevo, hizo el cambio de contraseña");
INSERT INTO tbl_bitacora_sistema VALUES("186","2","13","2022-07-26","INSERCIÓN","SE REGISTRO AL USUARIO KATY COMO UN ESTUDIANTE");
INSERT INTO tbl_bitacora_sistema VALUES("187","2","54","2022-07-26","CERRAR SESIÓN","USUARIO CERRÓ SESIÓN");
INSERT INTO tbl_bitacora_sistema VALUES("188","24","1","2022-07-26","Ingreso de preguntas para recuperacion","Nuevo usuario registro las preguntas");
INSERT INTO tbl_bitacora_sistema VALUES("189","9","1","2022-07-26","Ingreso de preguntas para recuperacion","Nuevo usuario registro las preguntas");
INSERT INTO tbl_bitacora_sistema VALUES("190","6","13","2022-07-26","INSERCIÓN","SE REGISTRO AL USUARIO  COMO UN FAMILIAR");
INSERT INTO tbl_bitacora_sistema VALUES("191","24","1","2022-07-26","Cambio de contraseña","Usuario nuevo, hizo el cambio de contraseña");
INSERT INTO tbl_bitacora_sistema VALUES("192","6","13","2022-07-26","INGRESO A LA PANTALLA REGISTRO DE PERSONAS","USUARIO SE AUTENTIFICO");
INSERT INTO tbl_bitacora_sistema VALUES("193","2","54","2022-07-26","AUTENTICACIÓN CORRECTA","USUARIO INICIO SESIÓN CORRECTAMENTE");
INSERT INTO tbl_bitacora_sistema VALUES("194","6","13","2022-07-26","INGRESO A LA PANTALLA REGISTRO DE PERSONAS","USUARIO SE AUTENTIFICO");
INSERT INTO tbl_bitacora_sistema VALUES("195","5","13","2022-07-26","INSERCIÓN","SE REGISTRO AL USUARIO DESIRETH COMO UN ESTUDIANTE");
INSERT INTO tbl_bitacora_sistema VALUES("196","5","54","2022-07-26","CERRAR SESIÓN","USUARIO CERRÓ SESIÓN");
INSERT INTO tbl_bitacora_sistema VALUES("197","2","13","2022-07-26","INGRESO A LA PANTALLA REGISTRO DE PERSONAS","USUARIO SE AUTENTIFICO");
INSERT INTO tbl_bitacora_sistema VALUES("198","3","13","2022-07-26","INSERCIÓN","SE REGISTRO AL USUARIO NAOMI COMO UN ESTUDIANTE");
INSERT INTO tbl_bitacora_sistema VALUES("199","25","1","2022-07-26","Ingreso de preguntas para recuperacion","Nuevo usuario registro las preguntas");
INSERT INTO tbl_bitacora_sistema VALUES("200","3","54","2022-07-26","CERRAR SESIÓN","USUARIO CERRÓ SESIÓN");
INSERT INTO tbl_bitacora_sistema VALUES("201","25","1","2022-07-26","Cambio de contraseña","Usuario nuevo, hizo el cambio de contraseña");
INSERT INTO tbl_bitacora_sistema VALUES("202","6","13","2022-07-26","INGRESO A LA PANTALLA REGISTRO DE PERSONAS","USUARIO SE AUTENTIFICO");
INSERT INTO tbl_bitacora_sistema VALUES("203","1","13","2022-07-26","INSERCIÓN","SE REGISTRO AL USUARIO ERICK COMO UN ESTUDIANTE");
INSERT INTO tbl_bitacora_sistema VALUES("204","1","54","2022-07-26","CERRAR SESIÓN","USUARIO CERRÓ SESIÓN");
INSERT INTO tbl_bitacora_sistema VALUES("205","25","54","2022-07-26","AUTENTICACIÓN CORRECTA","USUARIO INICIO SESIÓN CORRECTAMENTE");
INSERT INTO tbl_bitacora_sistema VALUES("206","25","54","2022-07-26","CERRAR SESIÓN","USUARIO CERRÓ SESIÓN");
INSERT INTO tbl_bitacora_sistema VALUES("207","26","1","2022-07-26","Ingreso de preguntas para recuperacion","Nuevo usuario registro las preguntas");
INSERT INTO tbl_bitacora_sistema VALUES("208","6","2","2022-07-26","Ingreso a la tabla de roles","Usuario se autentifico ");
INSERT INTO tbl_bitacora_sistema VALUES("209","5","54","2022-07-26","AUTENTICACIÓN CORRECTA","USUARIO INICIO SESIÓN CORRECTAMENTE");
INSERT INTO tbl_bitacora_sistema VALUES("210","27","1","2022-07-26","Ingreso de preguntas para recuperacion","Nuevo usuario registro las preguntas");
INSERT INTO tbl_bitacora_sistema VALUES("211","26","1","2022-07-26","Cambio de contraseña","Usuario nuevo, hizo el cambio de contraseña");
INSERT INTO tbl_bitacora_sistema VALUES("212","2","22","2022-07-26","INGRESO AL MANTENIMIENTO TUTORÍAS","USUARIO SE AUTENTIFICO");
INSERT INTO tbl_bitacora_sistema VALUES("213","6","13","2022-07-26","INGRESO A LA PANTALLA REGISTRO DE PERSONAS","USUARIO SE AUTENTIFICO");
INSERT INTO tbl_bitacora_sistema VALUES("214","27","1","2022-07-26","Cambio de contraseña","Usuario nuevo, hizo el cambio de contraseña");
INSERT INTO tbl_bitacora_sistema VALUES("215","2","22","2022-07-26","INSERCIÓN","SE REGISTRO UNA TUTORÍA");
INSERT INTO tbl_bitacora_sistema VALUES("216","2","22","2022-07-26","INGRESO AL MANTENIMIENTO TUTORÍAS","USUARIO SE AUTENTIFICO");
INSERT INTO tbl_bitacora_sistema VALUES("217","2","21","2022-07-26","INGRESO AL MANTENIMIENTO ÁREAS","USUARIO SE AUTENTIFICO");
INSERT INTO tbl_bitacora_sistema VALUES("218","3","54","2022-07-26","AUTENTICACIÓN CORRECTA","USUARIO INICIO SESIÓN CORRECTAMENTE");
INSERT INTO tbl_bitacora_sistema VALUES("219","2","46","2022-07-26","INGRESO AL MANTENIMIENTO SECCIONES","USUARIO SE AUTENTIFICO");
INSERT INTO tbl_bitacora_sistema VALUES("220","2","46","2022-07-26","INSERCIÓN","SE REGISTRO UNA SECCIÓN");
INSERT INTO tbl_bitacora_sistema VALUES("221","2","46","2022-07-26","INGRESO AL MANTENIMIENTO SECCIONES","USUARIO SE AUTENTIFICO");
INSERT INTO tbl_bitacora_sistema VALUES("222","6","2","2022-07-26","Ingreso a la tabla de roles","Usuario se autentifico ");
INSERT INTO tbl_bitacora_sistema VALUES("223","2","19","2022-07-26","INGRESO A MANTENIMIENTO MODALIDAD","MANTENIMIENTO A LOS REGISTROS DE MODALIDAD");
INSERT INTO tbl_bitacora_sistema VALUES("224","6","13","2022-07-26","INGRESO A LA PANTALLA REGISTRO DE PERSONAS","USUARIO SE AUTENTIFICO");
INSERT INTO tbl_bitacora_sistema VALUES("225","1","54","2022-07-26","AUTENTICACIÓN CORRECTA","USUARIO INICIO SESIÓN CORRECTAMENTE");
INSERT INTO tbl_bitacora_sistema VALUES("226","2","22","2022-07-26","INGRESO AL MANTENIMIENTO TUTORÍAS","USUARIO SE AUTENTIFICO");
INSERT INTO tbl_bitacora_sistema VALUES("227","9","1","2022-07-26","Cambio de contraseña","Usuario nuevo, hizo el cambio de contraseña");
INSERT INTO tbl_bitacora_sistema VALUES("228","1","2","2022-07-26","Ingreso a la tabla de roles","Usuario se autentifico ");
INSERT INTO tbl_bitacora_sistema VALUES("229","5","2","2022-07-26","Ingreso a la tabla de roles","Usuario se autentifico ");
INSERT INTO tbl_bitacora_sistema VALUES("230","3","22","2022-07-26","INGRESO AL MANTENIMIENTO TUTORÍAS","USUARIO SE AUTENTIFICO");
INSERT INTO tbl_bitacora_sistema VALUES("231","6","22","2022-07-26","INGRESO AL MANTENIMIENTO TUTORÍAS","USUARIO SE AUTENTIFICO");
INSERT INTO tbl_bitacora_sistema VALUES("232","5","22","2022-07-26","INGRESO AL MANTENIMIENTO TUTORÍAS","USUARIO SE AUTENTIFICO");
INSERT INTO tbl_bitacora_sistema VALUES("233","3","21","2022-07-26","INGRESO AL MANTENIMIENTO ÁREAS","USUARIO SE AUTENTIFICO");
INSERT INTO tbl_bitacora_sistema VALUES("234","3","22","2022-07-26","INGRESO AL MANTENIMIENTO TUTORÍAS","USUARIO SE AUTENTIFICO");
INSERT INTO tbl_bitacora_sistema VALUES("235","7","54","2022-07-26","AUTENTICACIÓN FALLIDA","INTENTÓ DE INICIO DE SESIÓN FALLIDO");
INSERT INTO tbl_bitacora_sistema VALUES("236","6","22","2022-07-26","INGRESO AL MANTENIMIENTO TUTORÍAS","USUARIO SE AUTENTIFICO");
INSERT INTO tbl_bitacora_sistema VALUES("237","3","22","2022-07-26","INSERCIÓN","SE REGISTRO UNA TUTORÍA");
INSERT INTO tbl_bitacora_sistema VALUES("238","3","22","2022-07-26","INGRESO AL MANTENIMIENTO TUTORÍAS","USUARIO SE AUTENTIFICO");
INSERT INTO tbl_bitacora_sistema VALUES("239","6","46","2022-07-26","INGRESO AL MANTENIMIENTO SECCIONES","USUARIO SE AUTENTIFICO");
INSERT INTO tbl_bitacora_sistema VALUES("240","7","54","2022-07-26","AUTENTICACIÓN CORRECTA","USUARIO INICIO SESIÓN CORRECTAMENTE");
INSERT INTO tbl_bitacora_sistema VALUES("241","6","19","2022-07-26","INGRESO A MANTENIMIENTO MODALIDAD","MANTENIMIENTO A LOS REGISTROS DE MODALIDAD");
INSERT INTO tbl_bitacora_sistema VALUES("242","3","22","2022-07-26","INSERCIÓN","SE REGISTRO UNA TUTORÍA");
INSERT INTO tbl_bitacora_sistema VALUES("243","3","22","2022-07-26","INGRESO AL MANTENIMIENTO TUTORÍAS","USUARIO SE AUTENTIFICO");
INSERT INTO tbl_bitacora_sistema VALUES("244","5","22","2022-07-26","INGRESO AL MANTENIMIENTO TUTORÍAS","USUARIO SE AUTENTIFICO");
INSERT INTO tbl_bitacora_sistema VALUES("245","6","22","2022-07-26","INGRESO AL MANTENIMIENTO TUTORÍAS","USUARIO SE AUTENTIFICO");
INSERT INTO tbl_bitacora_sistema VALUES("246","5","2","2022-07-26","Ingreso a la tabla de roles","Usuario se autentifico ");
INSERT INTO tbl_bitacora_sistema VALUES("247","7","2","2022-07-26","Ingreso a la tabla de roles","Usuario se autentifico ");
INSERT INTO tbl_bitacora_sistema VALUES("248","5","2","2022-07-26","Ingreso a la tabla de roles","Usuario se autentifico ");
INSERT INTO tbl_bitacora_sistema VALUES("249","6","22","2022-07-26","INSERCIÓN","SE REGISTRO UNA TUTORÍA");
INSERT INTO tbl_bitacora_sistema VALUES("250","6","22","2022-07-26","INGRESO AL MANTENIMIENTO TUTORÍAS","USUARIO SE AUTENTIFICO");
INSERT INTO tbl_bitacora_sistema VALUES("251","3","22","2022-07-26","INSERCIÓN","SE REGISTRO UNA TUTORÍA");
INSERT INTO tbl_bitacora_sistema VALUES("252","3","22","2022-07-26","INGRESO AL MANTENIMIENTO TUTORÍAS","USUARIO SE AUTENTIFICO");
INSERT INTO tbl_bitacora_sistema VALUES("253","6","22","2022-07-26","INSERCIÓN","SE REGISTRO UNA TUTORÍA");
INSERT INTO tbl_bitacora_sistema VALUES("254","6","22","2022-07-26","INGRESO AL MANTENIMIENTO TUTORÍAS","USUARIO SE AUTENTIFICO");
INSERT INTO tbl_bitacora_sistema VALUES("255","3","19","2022-07-26","INGRESO A MANTENIMIENTO MODALIDAD","MANTENIMIENTO A LOS REGISTROS DE MODALIDAD");
INSERT INTO tbl_bitacora_sistema VALUES("256","6","19","2022-07-26","INGRESO A MANTENIMIENTO MODALIDAD","MANTENIMIENTO A LOS REGISTROS DE MODALIDAD");
INSERT INTO tbl_bitacora_sistema VALUES("257","3","19","2022-07-26","INGRESO A MANTENIMIENTO MODALIDAD","MANTENIMIENTO A LOS REGISTROS DE MODALIDAD");
INSERT INTO tbl_bitacora_sistema VALUES("258","7","22","2022-07-26","INGRESO AL MANTENIMIENTO TUTORÍAS","USUARIO SE AUTENTIFICO");
INSERT INTO tbl_bitacora_sistema VALUES("259","5","19","2022-07-26","INGRESO A MANTENIMIENTO MODALIDAD","MANTENIMIENTO A LOS REGISTROS DE MODALIDAD");
INSERT INTO tbl_bitacora_sistema VALUES("260","6","46","2022-07-26","INGRESO AL MANTENIMIENTO SECCIONES","USUARIO SE AUTENTIFICO");
INSERT INTO tbl_bitacora_sistema VALUES("261","5","2","2022-07-26","Ingreso a la tabla de roles","Usuario se autentifico ");
INSERT INTO tbl_bitacora_sistema VALUES("262","7","22","2022-07-26","INSERCIÓN","SE REGISTRO UNA TUTORÍA");
INSERT INTO tbl_bitacora_sistema VALUES("263","7","22","2022-07-26","INGRESO AL MANTENIMIENTO TUTORÍAS","USUARIO SE AUTENTIFICO");
INSERT INTO tbl_bitacora_sistema VALUES("264","6","46","2022-07-26","INSERCIÓN","SE REGISTRO UNA SECCIÓN");
INSERT INTO tbl_bitacora_sistema VALUES("265","6","46","2022-07-26","INGRESO AL MANTENIMIENTO SECCIONES","USUARIO SE AUTENTIFICO");
INSERT INTO tbl_bitacora_sistema VALUES("266","7","2","2022-07-26","Ingreso a la tabla de roles","Usuario se autentifico ");
INSERT INTO tbl_bitacora_sistema VALUES("267","6","46","2022-07-26","INSERCIÓN","SE REGISTRO UNA SECCIÓN");
INSERT INTO tbl_bitacora_sistema VALUES("268","6","46","2022-07-26","INGRESO AL MANTENIMIENTO SECCIONES","USUARIO SE AUTENTIFICO");
INSERT INTO tbl_bitacora_sistema VALUES("269","5","2","2022-07-26","Ingreso a la tabla de roles","Usuario se autentifico ");
INSERT INTO tbl_bitacora_sistema VALUES("270","5","2","2022-07-26","Ingreso a la tabla de roles","Usuario se autentifico ");
INSERT INTO tbl_bitacora_sistema VALUES("271","6","2","2022-07-26","Ingreso a la tabla de roles","Usuario se autentifico ");
INSERT INTO tbl_bitacora_sistema VALUES("272","5","2","2022-07-26","Ingreso a la tabla de roles","Usuario se autentifico ");
INSERT INTO tbl_bitacora_sistema VALUES("273","6","2","2022-07-26","Ingreso a la tabla de roles","Usuario se autentifico ");
INSERT INTO tbl_bitacora_sistema VALUES("274","6","13","2022-07-26","INGRESO A LA PANTALLA REGISTRO DE PERSONAS","USUARIO SE AUTENTIFICO");
INSERT INTO tbl_bitacora_sistema VALUES("275","6","2","2022-07-26","Ingreso a la tabla de roles","Usuario se autentifico ");
INSERT INTO tbl_bitacora_sistema VALUES("276","1","2","2022-07-26","Ingreso a la tabla de roles","Usuario se autentifico ");
INSERT INTO tbl_bitacora_sistema VALUES("277","2","22","2022-07-26","INGRESO AL MANTENIMIENTO TUTORÍAS","USUARIO SE AUTENTIFICO");
INSERT INTO tbl_bitacora_sistema VALUES("278","2","22","2022-07-26","MODIFICACIÓN","SE MODIFICO UNA TUTORÍA");
INSERT INTO tbl_bitacora_sistema VALUES("279","2","22","2022-07-26","INGRESO AL MANTENIMIENTO TUTORÍAS","USUARIO SE AUTENTIFICO");
INSERT INTO tbl_bitacora_sistema VALUES("280","7","2","2022-07-26","Ingreso a la tabla de roles","Usuario se autentifico ");
INSERT INTO tbl_bitacora_sistema VALUES("281","7","2","2022-07-26","Ingreso a la tabla de roles","Usuario se autentifico ");
INSERT INTO tbl_bitacora_sistema VALUES("282","2","46","2022-07-26","INGRESO AL MANTENIMIENTO SECCIONES","USUARIO SE AUTENTIFICO");
INSERT INTO tbl_bitacora_sistema VALUES("283","7","2","2022-07-26","Ingreso a la tabla de roles","Usuario se autentifico ");
INSERT INTO tbl_bitacora_sistema VALUES("284","2","46","2022-07-26","MODIFICACIÓN","SE MODIFICO UNA SECCIÓN");
INSERT INTO tbl_bitacora_sistema VALUES("285","2","46","2022-07-26","INGRESO AL MANTENIMIENTO SECCIONES","USUARIO SE AUTENTIFICO");
INSERT INTO tbl_bitacora_sistema VALUES("286","5","2","2022-07-26","Ingreso a la tabla de roles","Usuario se autentifico ");
INSERT INTO tbl_bitacora_sistema VALUES("287","5","2","2022-07-26","Ingreso a la tabla de roles","Usuario se autentifico ");
INSERT INTO tbl_bitacora_sistema VALUES("288","2","2","2022-07-26","Ingreso a la tabla de roles","Usuario se autentifico ");
INSERT INTO tbl_bitacora_sistema VALUES("289","7","2","2022-07-26","Ingreso a la tabla de roles","Usuario se autentifico ");
INSERT INTO tbl_bitacora_sistema VALUES("290","1","2","2022-07-26","Ingreso a la tabla de roles","Usuario se autentifico ");
INSERT INTO tbl_bitacora_sistema VALUES("291","2","2","2022-07-26","Ingreso a la tabla de roles","Usuario se autentifico ");
INSERT INTO tbl_bitacora_sistema VALUES("292","6","2","2022-07-26","Ingreso a la tabla de roles","Usuario se autentifico ");
INSERT INTO tbl_bitacora_sistema VALUES("293","2","2","2022-07-26","Ingreso a la tabla de roles","Usuario se autentifico ");
INSERT INTO tbl_bitacora_sistema VALUES("294","5","2","2022-07-26","Ingreso a la tabla de roles","Usuario se autentifico ");
INSERT INTO tbl_bitacora_sistema VALUES("295","6","2","2022-07-26","Ingreso a la tabla de roles","Usuario se autentifico ");
INSERT INTO tbl_bitacora_sistema VALUES("296","5","2","2022-07-26","Ingreso a la tabla de roles","Usuario se autentifico ");
INSERT INTO tbl_bitacora_sistema VALUES("297","2","2","2022-07-26","Ingreso a la tabla de roles","Usuario se autentifico ");
INSERT INTO tbl_bitacora_sistema VALUES("298","2","2","2022-07-26","Ingreso a la tabla de roles","Usuario se autentifico ");
INSERT INTO tbl_bitacora_sistema VALUES("299","2","2","2022-07-26","Ingreso a la tabla de roles","Usuario se autentifico ");
INSERT INTO tbl_bitacora_sistema VALUES("300","2","2","2022-07-26","Ingreso a la tabla de roles","Usuario se autentifico ");
INSERT INTO tbl_bitacora_sistema VALUES("301","6","2","2022-07-26","Ingreso a la tabla de roles","Usuario se autentifico ");
INSERT INTO tbl_bitacora_sistema VALUES("302","2","2","2022-07-26","Ingreso a la tabla de roles","Usuario se autentifico ");
INSERT INTO tbl_bitacora_sistema VALUES("303","5","2","2022-07-26","Ingreso a la tabla de roles","Usuario se autentifico ");
INSERT INTO tbl_bitacora_sistema VALUES("304","1","54","2022-07-26","CERRAR SESIÓN","USUARIO CERRÓ SESIÓN");
INSERT INTO tbl_bitacora_sistema VALUES("305","7","2","2022-07-26","Ingreso a la tabla de roles","Usuario se autentifico ");
INSERT INTO tbl_bitacora_sistema VALUES("306","2","23","2022-07-26","INGRESO A MATRÍCULA","AGREGA UNA MATRÍCULA ESPIRITUAL");
INSERT INTO tbl_bitacora_sistema VALUES("307","27","54","2022-07-26","AUTENTICACIÓN CORRECTA","USUARIO INICIO SESIÓN CORRECTAMENTE");
INSERT INTO tbl_bitacora_sistema VALUES("308","27","51","2022-07-26","CONSULTA DE MATRICULA ESTUDIANTE","EL ESTUDIANTE CONSULTO LA PANTALLA PARA VER SU MATRICULA");
INSERT INTO tbl_bitacora_sistema VALUES("309","27","48","2022-07-26","Ingreso a la pantalla de mantenimiento de Inscripcion Cita ","Ver los registros de los Inscripcion Cita ");
INSERT INTO tbl_bitacora_sistema VALUES("310","27","51","2022-07-26","CONSULTA DE MATRICULA ESTUDIANTE","EL ESTUDIANTE CONSULTO LA PANTALLA PARA VER SU MATRICULA");
INSERT INTO tbl_bitacora_sistema VALUES("311","27","51","2022-07-26","CONSULTA DE CITAS MEDICAS","EL ESTUDIANTE CONSULTO LA PANTALLA DE SUS CITAS MEDICAS");
INSERT INTO tbl_bitacora_sistema VALUES("312","27","54","2022-07-26","CERRAR SESIÓN","USUARIO CERRÓ SESIÓN");
INSERT INTO tbl_bitacora_sistema VALUES("313","6","2","2022-07-26","Ingreso a la tabla de roles","Usuario se autentifico ");
INSERT INTO tbl_bitacora_sistema VALUES("314","2","2","2022-07-26","Ingreso a la tabla de roles","Usuario se autentifico ");
INSERT INTO tbl_bitacora_sistema VALUES("315","2","2","2022-07-26","Ingreso a la tabla de roles","Usuario se autentifico ");
INSERT INTO tbl_bitacora_sistema VALUES("316","1","54","2022-07-26","AUTENTICACIÓN CORRECTA","USUARIO INICIO SESIÓN CORRECTAMENTE");
INSERT INTO tbl_bitacora_sistema VALUES("317","1","2","2022-07-26","Ingreso a la tabla de roles","Usuario se autentifico ");
INSERT INTO tbl_bitacora_sistema VALUES("318","6","2","2022-07-26","Ingreso a la tabla de roles","Usuario se autentifico ");
INSERT INTO tbl_bitacora_sistema VALUES("319","5","23","2022-07-26","INSERCIÓN","SE MATRICULÓ LA TUTORÍA 4 AL ESTUDIANTE 6");
INSERT INTO tbl_bitacora_sistema VALUES("320","1","2","2022-07-26","Ingreso a la tabla de roles","Usuario se autentifico ");
INSERT INTO tbl_bitacora_sistema VALUES("321","7","23","2022-07-26","INSERCIÓN","SE MATRICULÓ LA TUTORÍA 4 AL ESTUDIANTE 4");
INSERT INTO tbl_bitacora_sistema VALUES("322","3","23","2022-07-26","INSERCIÓN","SE MATRICULÓ LA TUTORÍA 6 AL ESTUDIANTE 7");
INSERT INTO tbl_bitacora_sistema VALUES("323","2","23","2022-07-26","INGRESO A MATRÍCULA","AGREGA UNA MATRÍCULA ESPIRITUAL");
INSERT INTO tbl_bitacora_sistema VALUES("324","2","23","2022-07-26","INSERCIÓN","SE MATRICULÓ LA TUTORÍA 2 AL ESTUDIANTE 5");
INSERT INTO tbl_bitacora_sistema VALUES("325","5","23","2022-07-26","INGRESO A MATRÍCULA","AGREGA UNA MATRÍCULA ESPIRITUAL");
INSERT INTO tbl_bitacora_sistema VALUES("326","1","2","2022-07-26","Ingreso a la tabla de roles","Usuario se autentifico ");
INSERT INTO tbl_bitacora_sistema VALUES("327","5","23","2022-07-26","INSERCIÓN","SE MATRICULÓ LA TUTORÍA 2 AL ESTUDIANTE 6");
INSERT INTO tbl_bitacora_sistema VALUES("328","1","2","2022-07-26","Ingreso a la tabla de roles","Usuario se autentifico ");
INSERT INTO tbl_bitacora_sistema VALUES("329","7","23","2022-07-26","INSERCIÓN","SE MATRICULÓ LA TUTORÍA 4 AL ESTUDIANTE 1");
INSERT INTO tbl_bitacora_sistema VALUES("330","7","23","2022-07-26","INGRESO A MATRÍCULA","AGREGA UNA MATRÍCULA ESPIRITUAL");
INSERT INTO tbl_bitacora_sistema VALUES("331","2","23","2022-07-26","INSERCIÓN","SE MATRICULÓ LA TUTORÍA 4 AL ESTUDIANTE 5");
INSERT INTO tbl_bitacora_sistema VALUES("332","6","2","2022-07-26","Ingreso a la tabla de roles","Usuario se autentifico ");
INSERT INTO tbl_bitacora_sistema VALUES("333","6","2","2022-07-26","Ingreso a la tabla de roles","Usuario se autentifico ");
INSERT INTO tbl_bitacora_sistema VALUES("334","6","2","2022-07-26","Ingreso a la tabla de roles","Usuario se autentifico ");
INSERT INTO tbl_bitacora_sistema VALUES("335","7","23","2022-07-26","INGRESO A MATRÍCULA","AGREGA UNA MATRÍCULA ESPIRITUAL");
INSERT INTO tbl_bitacora_sistema VALUES("336","2","23","2022-07-26","INSERCIÓN","SE MATRICULÓ LA TUTORÍA 1 AL ESTUDIANTE 5");
INSERT INTO tbl_bitacora_sistema VALUES("337","7","23","2022-07-26","INSERCIÓN","SE MATRICULÓ LA TUTORÍA 3 AL ESTUDIANTE 4");
INSERT INTO tbl_bitacora_sistema VALUES("338","1","23","2022-07-26","INSERCIÓN","SE MATRICULÓ LA TUTORÍA 6 AL ESTUDIANTE 8");
INSERT INTO tbl_bitacora_sistema VALUES("339","2","23","2022-07-26","INGRESO A MATRÍCULA","AGREGA UNA MATRÍCULA ESPIRITUAL");
INSERT INTO tbl_bitacora_sistema VALUES("340","2","23","2022-07-26","INSERCIÓN","SE MATRICULÓ LA TUTORÍA 3 AL ESTUDIANTE 5");
INSERT INTO tbl_bitacora_sistema VALUES("341","6","23","2022-07-26","INSERCIÓN","SE MATRICULÓ LA TUTORÍA 6 AL ESTUDIANTE 2");
INSERT INTO tbl_bitacora_sistema VALUES("342","1","23","2022-07-26","INGRESO A MATRÍCULA","AGREGA UNA MATRÍCULA ESPIRITUAL");
INSERT INTO tbl_bitacora_sistema VALUES("343","6","23","2022-07-26","INGRESO A MATRÍCULA","AGREGA UNA MATRÍCULA ESPIRITUAL");
INSERT INTO tbl_bitacora_sistema VALUES("344","6","23","2022-07-26","INSERCIÓN","SE MATRICULÓ LA TUTORÍA 2 AL ESTUDIANTE 2");
INSERT INTO tbl_bitacora_sistema VALUES("345","1","23","2022-07-26","INSERCIÓN","SE MATRICULÓ LA TUTORÍA 2 AL ESTUDIANTE 8");
INSERT INTO tbl_bitacora_sistema VALUES("346","5","13","2022-07-26","INGRESO A LA PANTALLA REGISTRO DE PERSONAS","USUARIO SE AUTENTIFICO");
INSERT INTO tbl_bitacora_sistema VALUES("347","6","23","2022-07-26","INSERCIÓN","SE MATRICULÓ LA TUTORÍA 4 AL ESTUDIANTE 2");
INSERT INTO tbl_bitacora_sistema VALUES("348","7","23","2022-07-26","INGRESO A MATRÍCULA","AGREGA UNA MATRÍCULA ESPIRITUAL");
INSERT INTO tbl_bitacora_sistema VALUES("349","7","23","2022-07-26","INSERCIÓN","SE MATRICULÓ LA TUTORÍA 2 AL ESTUDIANTE 1");
INSERT INTO tbl_bitacora_sistema VALUES("350","3","23","2022-07-26","INGRESO A MATRÍCULA","AGREGA UNA MATRÍCULA ESPIRITUAL");
INSERT INTO tbl_bitacora_sistema VALUES("351","6","2","2022-07-26","Ingreso a la tabla de roles","Usuario se autentifico ");
INSERT INTO tbl_bitacora_sistema VALUES("352","3","23","2022-07-26","INSERCIÓN","SE MATRICULÓ LA TUTORÍA 3 AL ESTUDIANTE 7");
INSERT INTO tbl_bitacora_sistema VALUES("353","6","2","2022-07-26","Ingreso a la tabla de roles","Usuario se autentifico ");
INSERT INTO tbl_bitacora_sistema VALUES("354","2","2","2022-07-26","Ingreso a la tabla de roles","Usuario se autentifico ");
INSERT INTO tbl_bitacora_sistema VALUES("355","2","2","2022-07-26","Ingreso a la tabla de roles","Usuario se autentifico ");
INSERT INTO tbl_bitacora_sistema VALUES("356","6","23","2022-07-26","ELIMINACIÓN","SE ELIMINÓ LA TUTORÍA 2 AL ESTUDIANTE 2");
INSERT INTO tbl_bitacora_sistema VALUES("357","5","23","2022-07-26","ELIMINACIÓN","SE ELIMINÓ LA TUTORÍA 4 AL ESTUDIANTE 6");
INSERT INTO tbl_bitacora_sistema VALUES("358","6","23","2022-07-26","INGRESO A MATRÍCULA","AGREGA UNA MATRÍCULA ESPIRITUAL");
INSERT INTO tbl_bitacora_sistema VALUES("359","5","23","2022-07-26","INSERCIÓN","SE MATRICULÓ LA TUTORÍA 1 AL ESTUDIANTE 1");
INSERT INTO tbl_bitacora_sistema VALUES("360","6","23","2022-07-26","INSERCIÓN","SE MATRICULÓ LA TUTORÍA 2 AL ESTUDIANTE 2");
INSERT INTO tbl_bitacora_sistema VALUES("361","5","23","2022-07-26","INSERCIÓN","SE MATRICULÓ LA TUTORÍA 4 AL ESTUDIANTE 6");
INSERT INTO tbl_bitacora_sistema VALUES("362","6","32","2022-07-26","INGRESO A LA PANTALLA DE PROCESO CITAS","REGISTRA UNA CITA DE LAS DIFERENTES AREAS ");
INSERT INTO tbl_bitacora_sistema VALUES("363","6","32","2022-07-26","INGRESO A LA PANTALLA DE PROCESO CITAS","REGISTRA UNA CITA DE LAS DIFERENTES AREAS ");
INSERT INTO tbl_bitacora_sistema VALUES("364","2","32","2022-07-26","INGRESO A LA PANTALLA DE PROCESO CITAS","REGISTRA UNA CITA DE LAS DIFERENTES AREAS ");
INSERT INTO tbl_bitacora_sistema VALUES("365","5","14","2022-07-26","MODIFICACIÓN","SE MODIFICO UN USUARIO");
INSERT INTO tbl_bitacora_sistema VALUES("366","5","32","2022-07-26","INGRESO A LA PANTALLA DE PROCESO CITAS","REGISTRA UNA CITA DE LAS DIFERENTES AREAS ");
INSERT INTO tbl_bitacora_sistema VALUES("367","2","0","2022-07-26","INSERCIÓN","SE REGISTRÓ UNA NUEVA CITA");
INSERT INTO tbl_bitacora_sistema VALUES("368","1","13","2022-07-26","INGRESO A LA PANTALLA REGISTRO DE PERSONAS","USUARIO SE AUTENTIFICO");
INSERT INTO tbl_bitacora_sistema VALUES("369","1","32","2022-07-26","INGRESO A LA PANTALLA DE PROCESO CITAS","REGISTRA UNA CITA DE LAS DIFERENTES AREAS ");
INSERT INTO tbl_bitacora_sistema VALUES("370","2","32","2022-07-26","INGRESO A LA PANTALLA DE PROCESO CITAS","REGISTRA UNA CITA DE LAS DIFERENTES AREAS ");
INSERT INTO tbl_bitacora_sistema VALUES("371","2","0","2022-07-26","INSERCIÓN","SE REGISTRÓ UNA NUEVA CITA");
INSERT INTO tbl_bitacora_sistema VALUES("372","2","32","2022-07-26","INGRESO A LA PANTALLA DE PROCESO CITAS","REGISTRA UNA CITA DE LAS DIFERENTES AREAS ");
INSERT INTO tbl_bitacora_sistema VALUES("373","2","32","2022-07-26","INSERCIÓN","SE REGISTRÓ UNA NUEVA CITA");
INSERT INTO tbl_bitacora_sistema VALUES("374","1","32","2022-07-26","INSERCIÓN","SE REGISTRÓ UNA NUEVA CITA");
INSERT INTO tbl_bitacora_sistema VALUES("375","5","0","2022-07-26","INSERCIÓN","SE REGISTRÓ UNA NUEVA CITA");
INSERT INTO tbl_bitacora_sistema VALUES("376","7","32","2022-07-26","INGRESO A LA PANTALLA DE PROCESO CITAS","REGISTRA UNA CITA DE LAS DIFERENTES AREAS ");
INSERT INTO tbl_bitacora_sistema VALUES("377","7","32","2022-07-26","INSERCIÓN","SE REGISTRÓ UNA NUEVA CITA");
INSERT INTO tbl_bitacora_sistema VALUES("378","7","32","2022-07-26","INGRESO A LA PANTALLA DE PROCESO CITAS","REGISTRA UNA CITA DE LAS DIFERENTES AREAS ");
INSERT INTO tbl_bitacora_sistema VALUES("379","7","32","2022-07-26","INSERCIÓN","SE REGISTRÓ UNA NUEVA CITA");
INSERT INTO tbl_bitacora_sistema VALUES("380","5","32","2022-07-26","INGRESO A LA PANTALLA DE PROCESO CITAS","REGISTRA UNA CITA DE LAS DIFERENTES AREAS ");
INSERT INTO tbl_bitacora_sistema VALUES("381","6","32","2022-07-26","INGRESO A LA PANTALLA DE PROCESO CITAS","REGISTRA UNA CITA DE LAS DIFERENTES AREAS ");
INSERT INTO tbl_bitacora_sistema VALUES("382","6","32","2022-07-26","INSERCIÓN","SE REGISTRÓ UNA NUEVA CITA");
INSERT INTO tbl_bitacora_sistema VALUES("383","5","0","2022-07-26","INSERCIÓN","SE REGISTRÓ UNA NUEVA CITA");
INSERT INTO tbl_bitacora_sistema VALUES("384","2","32","2022-07-26","INGRESO A LA PANTALLA DE PROCESO CITAS","REGISTRA UNA CITA DE LAS DIFERENTES AREAS ");
INSERT INTO tbl_bitacora_sistema VALUES("385","2","0","2022-07-26","INSERCIÓN","SE REGISTRÓ UNA NUEVA CITA");
INSERT INTO tbl_bitacora_sistema VALUES("386","6","32","2022-07-26","MODIFICACIÓN","SE MODIFICÓ UNA CITA");
INSERT INTO tbl_bitacora_sistema VALUES("387","6","32","2022-07-26","INGRESO A LA PANTALLA DE PROCESO CITAS","REGISTRA UNA CITA DE LAS DIFERENTES AREAS ");
INSERT INTO tbl_bitacora_sistema VALUES("388","6","32","2022-07-26","INGRESO A LA PANTALLA DE PROCESO CITAS","REGISTRA UNA CITA DE LAS DIFERENTES AREAS ");
INSERT INTO tbl_bitacora_sistema VALUES("389","6","32","2022-07-26","INSERCIÓN","SE REGISTRÓ UNA NUEVA CITA");
INSERT INTO tbl_bitacora_sistema VALUES("390","1","54","2022-07-26","CERRAR SESIÓN","USUARIO CERRÓ SESIÓN");
INSERT INTO tbl_bitacora_sistema VALUES("391","20","54","2022-07-26","AUTENTICACIÓN CORRECTA","USUARIO INICIO SESIÓN CORRECTAMENTE");
INSERT INTO tbl_bitacora_sistema VALUES("392","20","32","2022-07-26","Ingreso a la pantalla de mantenimiento de Inscripcion Cita ","Ver los registros de los Inscripcion Cita ");
INSERT INTO tbl_bitacora_sistema VALUES("393","6","54","2022-07-26","CERRAR SESIÓN","USUARIO CERRÓ SESIÓN");
INSERT INTO tbl_bitacora_sistema VALUES("394","20","32","2022-07-26","Ingreso a la pantalla de mantenimiento de Inscripcion Cita ","Ver los registros de los Inscripcion Cita ");
INSERT INTO tbl_bitacora_sistema VALUES("395","11","54","2022-07-26","AUTENTICACIÓN CORRECTA","USUARIO INICIO SESIÓN CORRECTAMENTE");
INSERT INTO tbl_bitacora_sistema VALUES("396","11","32","2022-07-26","Ingreso a la pantalla de mantenimiento de Inscripcion Cita ","Ver los registros de los Inscripcion Cita ");
INSERT INTO tbl_bitacora_sistema VALUES("397","11","32","2022-07-26","Ingreso a la pantalla de mantenimiento de Inscripcion Cita ","Ver los registros de los Inscripcion Cita ");
INSERT INTO tbl_bitacora_sistema VALUES("398","20","32","2022-07-26","Ingreso a la pantalla de mantenimiento de Inscripcion Cita ","Ver los registros de los Inscripcion Cita ");
INSERT INTO tbl_bitacora_sistema VALUES("399","20","32","2022-07-26","Ingreso a la pantalla de mantenimiento de Inscripcion Cita ","Ver los registros de los Inscripcion Cita ");
INSERT INTO tbl_bitacora_sistema VALUES("400","5","54","2022-07-26","CERRAR SESIÓN","USUARIO CERRÓ SESIÓN");
INSERT INTO tbl_bitacora_sistema VALUES("401","20","54","2022-07-26","CERRAR SESIÓN","USUARIO CERRÓ SESIÓN");
INSERT INTO tbl_bitacora_sistema VALUES("402","21","54","2022-07-26","AUTENTICACIÓN CORRECTA","USUARIO INICIO SESIÓN CORRECTAMENTE");
INSERT INTO tbl_bitacora_sistema VALUES("403","1","54","2022-07-26","AUTENTICACIÓN CORRECTA","USUARIO INICIO SESIÓN CORRECTAMENTE");
INSERT INTO tbl_bitacora_sistema VALUES("404","21","32","2022-07-26","Ingreso a la pantalla de mantenimiento de Inscripcion Cita ","Ver los registros de los Inscripcion Cita ");
INSERT INTO tbl_bitacora_sistema VALUES("405","2","54","2022-07-26","CERRAR SESIÓN","USUARIO CERRÓ SESIÓN");
INSERT INTO tbl_bitacora_sistema VALUES("406","7","54","2022-07-26","CERRAR SESIÓN","USUARIO CERRÓ SESIÓN");
INSERT INTO tbl_bitacora_sistema VALUES("407","1","32","2022-07-26","INGRESO A LA PANTALLA DE PROCESO CITAS","REGISTRA UNA CITA DE LAS DIFERENTES AREAS ");
INSERT INTO tbl_bitacora_sistema VALUES("408","21","32","2022-07-26","Ingreso a la pantalla de mantenimiento de Inscripcion Cita ","Ver los registros de los Inscripcion Cita ");
INSERT INTO tbl_bitacora_sistema VALUES("409","12","54","2022-07-26","AUTENTICACIÓN CORRECTA","USUARIO INICIO SESIÓN CORRECTAMENTE");
INSERT INTO tbl_bitacora_sistema VALUES("410","12","32","2022-07-26","Ingreso a la pantalla de mantenimiento de Inscripcion Cita ","Ver los registros de los Inscripcion Cita ");
INSERT INTO tbl_bitacora_sistema VALUES("411","15","54","2022-07-26","AUTENTICACIÓN CORRECTA","USUARIO INICIO SESIÓN CORRECTAMENTE");
INSERT INTO tbl_bitacora_sistema VALUES("412","1","32","2022-07-26","INSERCIÓN","SE REGISTRÓ UNA NUEVA CITA");
INSERT INTO tbl_bitacora_sistema VALUES("413","15","32","2022-07-26","Ingreso a la pantalla de mantenimiento de Inscripcion Cita ","Ver los registros de los Inscripcion Cita ");
INSERT INTO tbl_bitacora_sistema VALUES("414","12","32","2022-07-26","Ingreso a la pantalla de mantenimiento de Inscripcion Cita ","Ver los registros de los Inscripcion Cita ");
INSERT INTO tbl_bitacora_sistema VALUES("415","11","32","2022-07-26","Ingreso a la pantalla de mantenimiento de Inscripcion Cita ","Ver los registros de los Inscripcion Cita ");
INSERT INTO tbl_bitacora_sistema VALUES("416","15","32","2022-07-26","Ingreso a la pantalla de mantenimiento de Inscripcion Cita ","Ver los registros de los Inscripcion Cita ");
INSERT INTO tbl_bitacora_sistema VALUES("417","20","54","2022-07-26","AUTENTICACIÓN CORRECTA","USUARIO INICIO SESIÓN CORRECTAMENTE");
INSERT INTO tbl_bitacora_sistema VALUES("418","11","32","2022-07-26","Ingreso a la pantalla de mantenimiento de Inscripcion Cita ","Ver los registros de los Inscripcion Cita ");
INSERT INTO tbl_bitacora_sistema VALUES("419","20","32","2022-07-26","Ingreso a la pantalla de mantenimiento de Inscripcion Cita ","Ver los registros de los Inscripcion Cita ");
INSERT INTO tbl_bitacora_sistema VALUES("420","20","32","2022-07-26","Ingreso a la pantalla de mantenimiento de Inscripcion Cita ","Ver los registros de los Inscripcion Cita ");
INSERT INTO tbl_bitacora_sistema VALUES("421","11","32","2022-07-26","Ingreso a la pantalla de mantenimiento de Inscripcion Cita ","Ver los registros de los Inscripcion Cita ");
INSERT INTO tbl_bitacora_sistema VALUES("422","20","32","2022-07-26","Ingreso a la pantalla de mantenimiento de Inscripcion Cita ","Ver los registros de los Inscripcion Cita ");
INSERT INTO tbl_bitacora_sistema VALUES("423","20","32","2022-07-26","Ingreso a la pantalla de mantenimiento de Inscripcion Cita ","Ver los registros de los Inscripcion Cita ");
INSERT INTO tbl_bitacora_sistema VALUES("424","20","32","2022-07-26","Ingreso a la pantalla de mantenimiento de Inscripcion Cita ","Ver los registros de los Inscripcion Cita ");
INSERT INTO tbl_bitacora_sistema VALUES("425","11","32","2022-07-26","Ingreso a la pantalla de mantenimiento de Inscripcion Cita ","Ver los registros de los Inscripcion Cita ");
INSERT INTO tbl_bitacora_sistema VALUES("426","15","32","2022-07-26","Ingreso a la pantalla de mantenimiento de Inscripcion Cita ","Ver los registros de los Inscripcion Cita ");
INSERT INTO tbl_bitacora_sistema VALUES("427","12","31","2022-07-26","REGISTRAR","SE REGISTRO EL EXPEDIENTE PSICOLÓGICO A LA PERSONA CON CODIGO31");
INSERT INTO tbl_bitacora_sistema VALUES("428","12","32","2022-07-26","Ingreso a la pantalla de mantenimiento de Inscripcion Cita ","Ver los registros de los Inscripcion Cita ");
INSERT INTO tbl_bitacora_sistema VALUES("429","20","32","2022-07-26","Ingreso a la pantalla de mantenimiento de Inscripcion Cita ","Ver los registros de los Inscripcion Cita ");
INSERT INTO tbl_bitacora_sistema VALUES("430","20","32","2022-07-26","Ingreso a la pantalla de mantenimiento de Inscripcion Cita ","Ver los registros de los Inscripcion Cita ");
INSERT INTO tbl_bitacora_sistema VALUES("431","15","54","2022-07-26","CERRAR SESIÓN","USUARIO CERRÓ SESIÓN");
INSERT INTO tbl_bitacora_sistema VALUES("432","7","54","2022-07-26","AUTENTICACIÓN CORRECTA","USUARIO INICIO SESIÓN CORRECTAMENTE");
INSERT INTO tbl_bitacora_sistema VALUES("433","11","30","2022-07-26","REGISTAR EXPEDIENTE","SE REGISTRÓ EL EXPEDIENTE MEDICO DEL PACIENTE CON CÓDIGO 10");
INSERT INTO tbl_bitacora_sistema VALUES("434","11","23","2022-07-26","Ingreso Matricula","Ingreso al proceso/registros de matricula ");
INSERT INTO tbl_bitacora_sistema VALUES("435","20","32","2022-07-26","Ingreso a la pantalla de mantenimiento de Inscripcion Cita ","Ver los registros de los Inscripcion Cita ");
INSERT INTO tbl_bitacora_sistema VALUES("436","20","32","2022-07-26","Ingreso a la pantalla de mantenimiento de Inscripcion Cita ","Ver los registros de los Inscripcion Cita ");
INSERT INTO tbl_bitacora_sistema VALUES("437","7","32","2022-07-26","INGRESO A LA PANTALLA DE PROCESO CITAS","REGISTRA UNA CITA DE LAS DIFERENTES AREAS ");
INSERT INTO tbl_bitacora_sistema VALUES("438","20","32","2022-07-26","Ingreso a la pantalla de mantenimiento de Inscripcion Cita ","Ver los registros de los Inscripcion Cita ");
INSERT INTO tbl_bitacora_sistema VALUES("439","12","31","2022-07-26","REGISTRAR","SE REGISTRO UNA CONSULTA PSICOLÓGICA ");
INSERT INTO tbl_bitacora_sistema VALUES("440","12","2","2022-07-26","Ingreso a la tabla de roles","Usuario se autentifico ");
INSERT INTO tbl_bitacora_sistema VALUES("441","11","30","2022-07-26","REGISTRAR CONSULTA","SE REGISTRÓ UNA CONSULTA MEDICA AL PACIENTE CON CÓDIGO 10");
INSERT INTO tbl_bitacora_sistema VALUES("442","11","20","2022-07-26","Ingreso al proceso de Carga Academica","Usuario se autentifico ");
INSERT INTO tbl_bitacora_sistema VALUES("443","12","32","2022-07-26","INSERCIÓN","SE REGISTRÓ UNA NUEVA CITA");
INSERT INTO tbl_bitacora_sistema VALUES("444","7","32","2022-07-26","INSERCIÓN","SE REGISTRÓ UNA NUEVA CITA");
INSERT INTO tbl_bitacora_sistema VALUES("445","7","54","2022-07-26","CERRAR SESIÓN","USUARIO CERRÓ SESIÓN");
INSERT INTO tbl_bitacora_sistema VALUES("446","15","54","2022-07-26","AUTENTICACIÓN CORRECTA","USUARIO INICIO SESIÓN CORRECTAMENTE");
INSERT INTO tbl_bitacora_sistema VALUES("447","15","32","2022-07-26","Ingreso a la pantalla de mantenimiento de Inscripcion Cita ","Ver los registros de los Inscripcion Cita ");
INSERT INTO tbl_bitacora_sistema VALUES("448","11","20","2022-07-26","Ingreso al proceso de Carga Academica","Usuario se autentifico ");
INSERT INTO tbl_bitacora_sistema VALUES("449","12","54","2022-07-26","CERRAR SESIÓN","USUARIO CERRÓ SESIÓN");
INSERT INTO tbl_bitacora_sistema VALUES("450","2","54","2022-07-26","AUTENTICACIÓN CORRECTA","USUARIO INICIO SESIÓN CORRECTAMENTE");
INSERT INTO tbl_bitacora_sistema VALUES("451","11","20","2022-07-26","Ingreso al proceso de Carga Academica","Usuario se autentifico ");
INSERT INTO tbl_bitacora_sistema VALUES("452","21","31","2022-07-26","REGISTRAR","SE REGISTRO EL EXPEDIENTE PSICOLÓGICO A LA PERSONA CON CODIGO29");
INSERT INTO tbl_bitacora_sistema VALUES("453","21","32","2022-07-26","Ingreso a la pantalla de mantenimiento de Inscripcion Cita ","Ver los registros de los Inscripcion Cita ");
INSERT INTO tbl_bitacora_sistema VALUES("454","15","32","2022-07-26","Ingreso a la pantalla de mantenimiento de Inscripcion Cita ","Ver los registros de los Inscripcion Cita ");
INSERT INTO tbl_bitacora_sistema VALUES("455","15","32","2022-07-26","Ingreso a la pantalla de mantenimiento de Inscripcion Cita ","Ver los registros de los Inscripcion Cita ");
INSERT INTO tbl_bitacora_sistema VALUES("456","15","54","2022-07-26","CERRAR SESIÓN","USUARIO CERRÓ SESIÓN");
INSERT INTO tbl_bitacora_sistema VALUES("457","2","54","2022-07-26","CERRAR SESIÓN","USUARIO CERRÓ SESIÓN");
INSERT INTO tbl_bitacora_sistema VALUES("458","11","20","2022-07-26","Ingreso al proceso de Carga Academica","Usuario se autentifico ");
INSERT INTO tbl_bitacora_sistema VALUES("459","12","54","2022-07-26","AUTENTICACIÓN CORRECTA","USUARIO INICIO SESIÓN CORRECTAMENTE");
INSERT INTO tbl_bitacora_sistema VALUES("460","12","32","2022-07-26","Ingreso a la pantalla de mantenimiento de Inscripcion Cita ","Ver los registros de los Inscripcion Cita ");
INSERT INTO tbl_bitacora_sistema VALUES("461","11","20","2022-07-26","Ingreso al proceso de Carga Academica","Usuario se autentifico ");
INSERT INTO tbl_bitacora_sistema VALUES("462","21","31","2022-07-26","REGISTRAR","SE REGISTRO UNA CONSULTA PSICOLÓGICA ");
INSERT INTO tbl_bitacora_sistema VALUES("463","21","2","2022-07-26","Ingreso a la tabla de roles","Usuario se autentifico ");
INSERT INTO tbl_bitacora_sistema VALUES("464","11","2","2022-07-26","Ingreso a la tabla de expediente medico","Usuario se autentifico ");
INSERT INTO tbl_bitacora_sistema VALUES("465","11","2","2022-07-26","Ingreso a la tabla de expediente medico","Usuario se autentifico ");
INSERT INTO tbl_bitacora_sistema VALUES("466","11","2","2022-07-26","Ingreso a la tabla de expediente medico","Usuario se autentifico ");
INSERT INTO tbl_bitacora_sistema VALUES("467","11","32","2022-07-26","Ingreso a la pantalla de mantenimiento de Inscripcion Cita ","Ver los registros de los Inscripcion Cita ");
INSERT INTO tbl_bitacora_sistema VALUES("468","12","32","2022-07-26","Ingreso a la pantalla de mantenimiento de Inscripcion Cita ","Ver los registros de los Inscripcion Cita ");
INSERT INTO tbl_bitacora_sistema VALUES("469","12","32","2022-07-26","Ingreso a la pantalla de mantenimiento de Inscripcion Cita ","Ver los registros de los Inscripcion Cita ");
INSERT INTO tbl_bitacora_sistema VALUES("470","11","13","2022-07-26","INGRESO A LA PANTALLA REGISTRO DE PERSONAS","USUARIO SE AUTENTIFICO");
INSERT INTO tbl_bitacora_sistema VALUES("471","12","32","2022-07-26","Ingreso a la pantalla de mantenimiento de Inscripcion Cita ","Ver los registros de los Inscripcion Cita ");
INSERT INTO tbl_bitacora_sistema VALUES("472","12","32","2022-07-26","Ingreso a la pantalla de mantenimiento de Inscripcion Cita ","Ver los registros de los Inscripcion Cita ");
INSERT INTO tbl_bitacora_sistema VALUES("473","12","32","2022-07-26","Ingreso a la pantalla de mantenimiento de Inscripcion Cita ","Ver los registros de los Inscripcion Cita ");
INSERT INTO tbl_bitacora_sistema VALUES("474","20","30","2022-07-26","REGISTAR EXPEDIENTE","SE REGISTRÓ EL EXPEDIENTE MEDICO DEL PACIENTE CON CÓDIGO 31");
INSERT INTO tbl_bitacora_sistema VALUES("475","20","23","2022-07-26","Ingreso Matricula","Ingreso al proceso/registros de matricula ");
INSERT INTO tbl_bitacora_sistema VALUES("476","21","31","2022-07-26","REGISTRAR","SE REGISTRO UN PLAN TERAPÉUTICO ");
INSERT INTO tbl_bitacora_sistema VALUES("477","21","2","2022-07-26","Ingreso a la tabla de roles","Usuario se autentifico ");
INSERT INTO tbl_bitacora_sistema VALUES("478","11","54","2022-07-26","CERRAR SESIÓN","USUARIO CERRÓ SESIÓN");
INSERT INTO tbl_bitacora_sistema VALUES("479","6","54","2022-07-26","AUTENTICACIÓN CORRECTA","USUARIO INICIO SESIÓN CORRECTAMENTE");
INSERT INTO tbl_bitacora_sistema VALUES("480","6","13","2022-07-26","INGRESO A LA PANTALLA REGISTRO DE PERSONAS","USUARIO SE AUTENTIFICO");
INSERT INTO tbl_bitacora_sistema VALUES("481","6","22","2022-07-26","INGRESO AL MANTENIMIENTO TUTORÍAS","USUARIO SE AUTENTIFICO");
INSERT INTO tbl_bitacora_sistema VALUES("482","20","30","2022-07-26","REGISTRAR CONSULTA","SE REGISTRÓ UNA CONSULTA MEDICA AL PACIENTE CON CÓDIGO 31");
INSERT INTO tbl_bitacora_sistema VALUES("483","20","20","2022-07-26","Ingreso al proceso de Carga Academica","Usuario se autentifico ");
INSERT INTO tbl_bitacora_sistema VALUES("484","20","20","2022-07-26","Ingreso al proceso de Carga Academica","Usuario se autentifico ");
INSERT INTO tbl_bitacora_sistema VALUES("485","21","32","2022-07-26","INSERCIÓN","SE REGISTRÓ UNA NUEVA CITA");
INSERT INTO tbl_bitacora_sistema VALUES("486","21","32","2022-07-26","Ingreso a la pantalla de mantenimiento de Inscripcion Cita ","Ver los registros de los Inscripcion Cita ");
INSERT INTO tbl_bitacora_sistema VALUES("487","21","34","2022-07-26","INGRESO A MANTENIMIENTO EXPEDIENTE PSICOLOGICO UNICO","MANTENIMIENTO A LOS REGISTROS DE EXPEDIENTE");
INSERT INTO tbl_bitacora_sistema VALUES("488","21","47","2022-07-26","Ingreso a mantenimiento sintomas neuroticos","Describe los sintomas de un paciente psicológico");
INSERT INTO tbl_bitacora_sistema VALUES("489","20","20","2022-07-26","Ingreso al proceso de Carga Academica","Usuario se autentifico ");
INSERT INTO tbl_bitacora_sistema VALUES("490","20","2","2022-07-26","Ingreso a la tabla de expediente medico","Usuario se autentifico ");
INSERT INTO tbl_bitacora_sistema VALUES("491","12","32","2022-07-26","Ingreso a la pantalla de mantenimiento de Inscripcion Cita ","Ver los registros de los Inscripcion Cita ");
INSERT INTO tbl_bitacora_sistema VALUES("492","12","32","2022-07-26","Ingreso a la pantalla de mantenimiento de Inscripcion Cita ","Ver los registros de los Inscripcion Cita ");
INSERT INTO tbl_bitacora_sistema VALUES("493","12","32","2022-07-26","Ingreso a la pantalla de mantenimiento de Inscripcion Cita ","Ver los registros de los Inscripcion Cita ");
INSERT INTO tbl_bitacora_sistema VALUES("494","6","13","2022-07-26","INGRESO A LA PANTALLA REGISTRO DE PERSONAS","USUARIO SE AUTENTIFICO");
INSERT INTO tbl_bitacora_sistema VALUES("495","21","47","2022-07-26","Ingreso a mantenimiento sintomas neuroticos","Describe los sintomas de un paciente psicológico");
INSERT INTO tbl_bitacora_sistema VALUES("496","21","47","2022-07-26","Editar","Se edito un sintoma neurótico");
INSERT INTO tbl_bitacora_sistema VALUES("497","21","47","2022-07-26","Ingreso a mantenimiento sintomas neuroticos","Describe los sintomas de un paciente psicológico");
INSERT INTO tbl_bitacora_sistema VALUES("498","21","47","2022-07-26","Ingreso a mantenimiento sintomas neuroticos","Describe los sintomas de un paciente psicológico");
INSERT INTO tbl_bitacora_sistema VALUES("499","21","47","2022-07-26","Editar","Se edito un sintoma neurótico");
INSERT INTO tbl_bitacora_sistema VALUES("500","21","47","2022-07-26","Ingreso a mantenimiento sintomas neuroticos","Describe los sintomas de un paciente psicológico");
INSERT INTO tbl_bitacora_sistema VALUES("501","21","47","2022-07-26","Ingreso a mantenimiento sintomas neuroticos","Describe los sintomas de un paciente psicológico");
INSERT INTO tbl_bitacora_sistema VALUES("502","12","31","2022-07-26","REGISTRAR","SE REGISTRO UNA CONSULTA PSICOLÓGICA ");
INSERT INTO tbl_bitacora_sistema VALUES("503","12","2","2022-07-26","Ingreso a la tabla de roles","Usuario se autentifico ");
INSERT INTO tbl_bitacora_sistema VALUES("504","21","34","2022-07-26","INGRESO A MANTENIMIENTO EXPEDIENTE PSICOLOGICO UNICO","MANTENIMIENTO A LOS REGISTROS DE EXPEDIENTE");
INSERT INTO tbl_bitacora_sistema VALUES("505","21","62","2022-07-26","MODIFICACIÓN","SE MODIFICÓ UN EXPEDIENTE PSICOLÓGICO ÚNICO");
INSERT INTO tbl_bitacora_sistema VALUES("506","21","34","2022-07-26","INGRESO A MANTENIMIENTO EXPEDIENTE PSICOLOGICO UNICO","MANTENIMIENTO A LOS REGISTROS DE EXPEDIENTE");
INSERT INTO tbl_bitacora_sistema VALUES("507","21","32","2022-07-26","Ingreso a la pantalla de mantenimiento de Inscripcion Cita ","Ver los registros de los Inscripcion Cita ");
INSERT INTO tbl_bitacora_sistema VALUES("508","21","54","2022-07-26","CERRAR SESIÓN","USUARIO CERRÓ SESIÓN");
INSERT INTO tbl_bitacora_sistema VALUES("509","5","54","2022-07-26","AUTENTICACIÓN CORRECTA","USUARIO INICIO SESIÓN CORRECTAMENTE");
INSERT INTO tbl_bitacora_sistema VALUES("510","5","54","2022-07-26","CERRAR SESIÓN","USUARIO CERRÓ SESIÓN");
INSERT INTO tbl_bitacora_sistema VALUES("511","21","54","2022-07-26","AUTENTICACIÓN CORRECTA","USUARIO INICIO SESIÓN CORRECTAMENTE");
INSERT INTO tbl_bitacora_sistema VALUES("512","21","32","2022-07-26","Ingreso a la pantalla de mantenimiento de Inscripcion Cita ","Ver los registros de los Inscripcion Cita ");
INSERT INTO tbl_bitacora_sistema VALUES("513","12","32","2022-07-26","Ingreso a la pantalla de mantenimiento de Inscripcion Cita ","Ver los registros de los Inscripcion Cita ");
INSERT INTO tbl_bitacora_sistema VALUES("514","6","54","2022-07-26","CERRAR SESIÓN","USUARIO CERRÓ SESIÓN");
INSERT INTO tbl_bitacora_sistema VALUES("515","11","54","2022-07-26","AUTENTICACIÓN CORRECTA","USUARIO INICIO SESIÓN CORRECTAMENTE");
INSERT INTO tbl_bitacora_sistema VALUES("516","12","54","2022-07-26","CERRAR SESIÓN","USUARIO CERRÓ SESIÓN");
INSERT INTO tbl_bitacora_sistema VALUES("517","21","54","2022-07-26","AUTENTICACIÓN CORRECTA","USUARIO INICIO SESIÓN CORRECTAMENTE");
INSERT INTO tbl_bitacora_sistema VALUES("518","21","32","2022-07-26","Ingreso a la pantalla de mantenimiento de Inscripcion Cita ","Ver los registros de los Inscripcion Cita ");
INSERT INTO tbl_bitacora_sistema VALUES("519","21","32","2022-07-26","Ingreso a la pantalla de mantenimiento de Inscripcion Cita ","Ver los registros de los Inscripcion Cita ");
INSERT INTO tbl_bitacora_sistema VALUES("520","21","32","2022-07-26","INSERCIÓN","SE REGISTRÓ UNA NUEVA CITA");
INSERT INTO tbl_bitacora_sistema VALUES("521","21","54","2022-07-26","CERRAR SESIÓN","USUARIO CERRÓ SESIÓN");
INSERT INTO tbl_bitacora_sistema VALUES("522","2","54","2022-07-26","AUTENTICACIÓN CORRECTA","USUARIO INICIO SESIÓN CORRECTAMENTE");
INSERT INTO tbl_bitacora_sistema VALUES("523","2","54","2022-07-26","CERRAR SESIÓN","USUARIO CERRÓ SESIÓN");
INSERT INTO tbl_bitacora_sistema VALUES("524","12","54","2022-07-26","AUTENTICACIÓN CORRECTA","USUARIO INICIO SESIÓN CORRECTAMENTE");
INSERT INTO tbl_bitacora_sistema VALUES("525","12","32","2022-07-26","Ingreso a la pantalla de mantenimiento de Inscripcion Cita ","Ver los registros de los Inscripcion Cita ");
INSERT INTO tbl_bitacora_sistema VALUES("526","12","54","2022-07-26","CERRAR SESIÓN","USUARIO CERRÓ SESIÓN");
INSERT INTO tbl_bitacora_sistema VALUES("527","21","54","2022-07-26","AUTENTICACIÓN CORRECTA","USUARIO INICIO SESIÓN CORRECTAMENTE");
INSERT INTO tbl_bitacora_sistema VALUES("528","21","32","2022-07-26","Ingreso a la pantalla de mantenimiento de Inscripcion Cita ","Ver los registros de los Inscripcion Cita ");
INSERT INTO tbl_bitacora_sistema VALUES("529","21","54","2022-07-26","CERRAR SESIÓN","USUARIO CERRÓ SESIÓN");
INSERT INTO tbl_bitacora_sistema VALUES("530","11","32","2022-07-26","Ingreso a la pantalla de mantenimiento de Inscripcion Cita ","Ver los registros de los Inscripcion Cita ");
INSERT INTO tbl_bitacora_sistema VALUES("531","12","54","2022-07-26","AUTENTICACIÓN CORRECTA","USUARIO INICIO SESIÓN CORRECTAMENTE");
INSERT INTO tbl_bitacora_sistema VALUES("532","11","54","2022-07-26","CERRAR SESIÓN","USUARIO CERRÓ SESIÓN");
INSERT INTO tbl_bitacora_sistema VALUES("533","6","54","2022-07-26","AUTENTICACIÓN CORRECTA","USUARIO INICIO SESIÓN CORRECTAMENTE");
INSERT INTO tbl_bitacora_sistema VALUES("534","20","40","2022-07-26","MODIFICACIÓN","SE MODIFICÓ UNA APARIENCIA FISICA");
INSERT INTO tbl_bitacora_sistema VALUES("535","20","54","2022-07-26","CERRAR SESIÓN","USUARIO CERRÓ SESIÓN");
INSERT INTO tbl_bitacora_sistema VALUES("536","12","54","2022-07-26","CERRAR SESIÓN","USUARIO CERRÓ SESIÓN");
INSERT INTO tbl_bitacora_sistema VALUES("537","1","54","2022-07-26","AUTENTICACIÓN CORRECTA","USUARIO INICIO SESIÓN CORRECTAMENTE");
INSERT INTO tbl_bitacora_sistema VALUES("538","6","32","2022-07-26","MODIFICACIÓN","SE MODIFICÓ UNA CITA");
INSERT INTO tbl_bitacora_sistema VALUES("539","6","32","2022-07-26","MODIFICACIÓN","SE MODIFICÓ UNA CITA");
INSERT INTO tbl_bitacora_sistema VALUES("540","1","54","2022-07-26","AUTENTICACIÓN CORRECTA","USUARIO INICIO SESIÓN CORRECTAMENTE");
INSERT INTO tbl_bitacora_sistema VALUES("541","1","13","2022-07-26","INGRESO A LA PANTALLA REGISTRO DE PERSONAS","USUARIO SE AUTENTIFICO");
INSERT INTO tbl_bitacora_sistema VALUES("542","1","13","2022-07-26","INGRESO A LA PANTALLA REGISTRO DE PERSONAS","USUARIO SE AUTENTIFICO");
INSERT INTO tbl_bitacora_sistema VALUES("543","1","13","2022-07-26","INGRESO A LA PANTALLA REGISTRO DE PERSONAS","USUARIO SE AUTENTIFICO");
INSERT INTO tbl_bitacora_sistema VALUES("544","1","13","2022-07-26","INGRESO A LA PANTALLA REGISTRO DE PERSONAS","USUARIO SE AUTENTIFICO");
INSERT INTO tbl_bitacora_sistema VALUES("545","6","32","2022-07-26","INGRESO A LA PANTALLA DE PROCESO CITAS","REGISTRA UNA CITA DE LAS DIFERENTES AREAS ");
INSERT INTO tbl_bitacora_sistema VALUES("546","6","32","2022-07-26","INSERCIÓN","SE REGISTRÓ UNA NUEVA CITA");
INSERT INTO tbl_bitacora_sistema VALUES("547","6","54","2022-07-26","CERRAR SESIÓN","USUARIO CERRÓ SESIÓN");
INSERT INTO tbl_bitacora_sistema VALUES("548","13","54","2022-07-26","AUTENTICACIÓN CORRECTA","USUARIO INICIO SESIÓN CORRECTAMENTE");
INSERT INTO tbl_bitacora_sistema VALUES("549","13","32","2022-07-26","Ingreso a la pantalla de mantenimiento de Inscripcion Cita ","Ver los registros de los Inscripcion Cita ");
INSERT INTO tbl_bitacora_sistema VALUES("550","13","32","2022-07-26","Ingreso a la pantalla de mantenimiento de Inscripcion Cita ","Ver los registros de los Inscripcion Cita ");
INSERT INTO tbl_bitacora_sistema VALUES("551","1","54","2022-07-26","CERRAR SESIÓN","USUARIO CERRÓ SESIÓN");
INSERT INTO tbl_bitacora_sistema VALUES("552","20","54","2022-07-26","AUTENTICACIÓN CORRECTA","USUARIO INICIO SESIÓN CORRECTAMENTE");
INSERT INTO tbl_bitacora_sistema VALUES("553","3","32","2022-07-26","INGRESO A LA PANTALLA DE PROCESO CITAS","REGISTRA UNA CITA DE LAS DIFERENTES AREAS ");
INSERT INTO tbl_bitacora_sistema VALUES("554","13","32","2022-07-26","Ingreso a la pantalla de mantenimiento de Inscripcion Cita ","Ver los registros de los Inscripcion Cita ");
INSERT INTO tbl_bitacora_sistema VALUES("555","13","32","2022-07-26","Ingreso a la pantalla de mantenimiento de Inscripcion Cita ","Ver los registros de los Inscripcion Cita ");
INSERT INTO tbl_bitacora_sistema VALUES("556","13","2","2022-07-26","Ingreso a la tabla de roles","Usuario se autentifico ");
INSERT INTO tbl_bitacora_sistema VALUES("557","3","32","2022-07-26","INGRESO A LA PANTALLA DE PROCESO CITAS","REGISTRA UNA CITA DE LAS DIFERENTES AREAS ");
INSERT INTO tbl_bitacora_sistema VALUES("558","3","13","2022-07-26","INGRESO A LA PANTALLA REGISTRO DE PERSONAS","USUARIO SE AUTENTIFICO");
INSERT INTO tbl_bitacora_sistema VALUES("559","3","54","2022-07-26","CERRAR SESIÓN","USUARIO CERRÓ SESIÓN");
INSERT INTO tbl_bitacora_sistema VALUES("560","13","54","2022-07-26","CERRAR SESIÓN","USUARIO CERRÓ SESIÓN");
INSERT INTO tbl_bitacora_sistema VALUES("561","3","54","2022-07-26","AUTENTICACIÓN CORRECTA","USUARIO INICIO SESIÓN CORRECTAMENTE");
INSERT INTO tbl_bitacora_sistema VALUES("562","3","13","2022-07-26","INGRESO A LA PANTALLA REGISTRO DE PERSONAS","USUARIO SE AUTENTIFICO");
INSERT INTO tbl_bitacora_sistema VALUES("563","1","13","2022-07-26","INGRESO A LA PANTALLA REGISTRO DE PERSONAS","USUARIO SE AUTENTIFICO");
INSERT INTO tbl_bitacora_sistema VALUES("564","8","54","2022-07-26","AUTENTICACIÓN CORRECTA","USUARIO INICIO SESIÓN CORRECTAMENTE");
INSERT INTO tbl_bitacora_sistema VALUES("565","3","54","2022-07-26","CERRAR SESIÓN","USUARIO CERRÓ SESIÓN");
INSERT INTO tbl_bitacora_sistema VALUES("566","20","54","2022-07-26","AUTENTICACIÓN CORRECTA","USUARIO INICIO SESIÓN CORRECTAMENTE");
INSERT INTO tbl_bitacora_sistema VALUES("567","20","32","2022-07-26","Ingreso a la pantalla de mantenimiento de Inscripcion Cita ","Ver los registros de los Inscripcion Cita ");
INSERT INTO tbl_bitacora_sistema VALUES("568","20","54","2022-07-26","CERRAR SESIÓN","USUARIO CERRÓ SESIÓN");
INSERT INTO tbl_bitacora_sistema VALUES("569","3","54","2022-07-26","AUTENTICACIÓN CORRECTA","USUARIO INICIO SESIÓN CORRECTAMENTE");
INSERT INTO tbl_bitacora_sistema VALUES("570","3","32","2022-07-26","INGRESO A LA PANTALLA DE PROCESO CITAS","REGISTRA UNA CITA DE LAS DIFERENTES AREAS ");
INSERT INTO tbl_bitacora_sistema VALUES("571","3","32","2022-07-26","INSERCIÓN","SE REGISTRÓ UNA NUEVA CITA");
INSERT INTO tbl_bitacora_sistema VALUES("572","3","54","2022-07-26","CERRAR SESIÓN","USUARIO CERRÓ SESIÓN");
INSERT INTO tbl_bitacora_sistema VALUES("573","20","54","2022-07-26","AUTENTICACIÓN FALLIDA","INTENTÓ DE INICIO DE SESIÓN FALLIDO");
INSERT INTO tbl_bitacora_sistema VALUES("574","20","54","2022-07-26","AUTENTICACIÓN CORRECTA","USUARIO INICIO SESIÓN CORRECTAMENTE");
INSERT INTO tbl_bitacora_sistema VALUES("575","20","32","2022-07-26","Ingreso a la pantalla de mantenimiento de Inscripcion Cita ","Ver los registros de los Inscripcion Cita ");
INSERT INTO tbl_bitacora_sistema VALUES("576","20","32","2022-07-26","Ingreso a la pantalla de mantenimiento de Inscripcion Cita ","Ver los registros de los Inscripcion Cita ");
INSERT INTO tbl_bitacora_sistema VALUES("577","8","54","2022-07-26","CERRAR SESIÓN","USUARIO CERRÓ SESIÓN");
INSERT INTO tbl_bitacora_sistema VALUES("578","10","54","2022-07-26","AUTENTICACIÓN CORRECTA","USUARIO INICIO SESIÓN CORRECTAMENTE");
INSERT INTO tbl_bitacora_sistema VALUES("579","10","51","2022-07-26","CONSULTA DE CITAS MEDICAS","EL ESTUDIANTE CONSULTO LA PANTALLA DE SUS CITAS MEDICAS");
INSERT INTO tbl_bitacora_sistema VALUES("580","10","51","2022-07-26","CONSULTA DE CITAS PSICOLOGICAS","EL ESTUDIANTE CONSULTO LA PANTALLA DE SUS CITAS PSICOLOGICAS");
INSERT INTO tbl_bitacora_sistema VALUES("581","10","51","2022-07-26","CONSULTA DE CITAS ESPIRITUALES","EL ESTUDIANTE CONSULTO LA PANTALLA DE SUS CITAS ESPIRITUALES");
INSERT INTO tbl_bitacora_sistema VALUES("582","10","51","2022-07-26","CONSULTA DE CITAS MEDICAS","EL ESTUDIANTE CONSULTO LA PANTALLA DE SUS CITAS MEDICAS");
INSERT INTO tbl_bitacora_sistema VALUES("583","20","32","2022-07-26","Ingreso a la pantalla de mantenimiento de Inscripcion Cita ","Ver los registros de los Inscripcion Cita ");
INSERT INTO tbl_bitacora_sistema VALUES("584","20","32","2022-07-26","Ingreso a la pantalla de mantenimiento de Inscripcion Cita ","Ver los registros de los Inscripcion Cita ");
INSERT INTO tbl_bitacora_sistema VALUES("585","10","51","2022-07-26","CONSULTA DE CITAS ESPIRITUALES","EL ESTUDIANTE CONSULTO LA PANTALLA DE SUS CITAS ESPIRITUALES");
INSERT INTO tbl_bitacora_sistema VALUES("586","21","54","2022-07-26","CERRAR SESIÓN","USUARIO CERRÓ SESIÓN");
INSERT INTO tbl_bitacora_sistema VALUES("587","10","51","2022-07-26","CONSULTA DE CITAS MEDICAS","EL ESTUDIANTE CONSULTO LA PANTALLA DE SUS CITAS MEDICAS");
INSERT INTO tbl_bitacora_sistema VALUES("588","10","51","2022-07-26","CONSULTA DE MATRICULA ESTUDIANTE","EL ESTUDIANTE CONSULTO LA PANTALLA PARA VER SU MATRICULA");
INSERT INTO tbl_bitacora_sistema VALUES("589","10","51","2022-07-26","CONSULTA DE CITAS MEDICAS","EL ESTUDIANTE CONSULTO LA PANTALLA DE SUS CITAS MEDICAS");
INSERT INTO tbl_bitacora_sistema VALUES("590","10","51","2022-07-26","CONSULTA DE CITAS PSICOLOGICAS","EL ESTUDIANTE CONSULTO LA PANTALLA DE SUS CITAS PSICOLOGICAS");
INSERT INTO tbl_bitacora_sistema VALUES("591","10","51","2022-07-26","CONSULTA DE CITAS MEDICAS","EL ESTUDIANTE CONSULTO LA PANTALLA DE SUS CITAS MEDICAS");
INSERT INTO tbl_bitacora_sistema VALUES("592","10","51","2022-07-26","CONSULTA DE CITAS PSICOLOGICAS","EL ESTUDIANTE CONSULTO LA PANTALLA DE SUS CITAS PSICOLOGICAS");
INSERT INTO tbl_bitacora_sistema VALUES("593","20","32","2022-07-26","Ingreso a la pantalla de mantenimiento de Inscripcion Cita ","Ver los registros de los Inscripcion Cita ");
INSERT INTO tbl_bitacora_sistema VALUES("594","10","51","2022-07-26","CONSULTA DE MATRICULA ESTUDIANTE","EL ESTUDIANTE CONSULTO LA PANTALLA PARA VER SU MATRICULA");
INSERT INTO tbl_bitacora_sistema VALUES("595","1","32","2022-07-26","INGRESO A LA PANTALLA DE PROCESO CITAS","REGISTRA UNA CITA DE LAS DIFERENTES AREAS ");
INSERT INTO tbl_bitacora_sistema VALUES("596","1","0","2022-07-26","INSERCIÓN","SE REGISTRÓ UNA NUEVA CITA");
INSERT INTO tbl_bitacora_sistema VALUES("597","10","48","2022-07-26","Ingreso a la pantalla de mantenimiento de Inscripcion Cita ","Ver los registros de los Inscripcion Cita ");
INSERT INTO tbl_bitacora_sistema VALUES("598","20","30","2022-07-26","REGISTAR EXPEDIENTE","SE REGISTRÓ EL EXPEDIENTE MEDICO DEL PACIENTE CON CÓDIGO 30");
INSERT INTO tbl_bitacora_sistema VALUES("599","20","23","2022-07-26","Ingreso Matricula","Ingreso al proceso/registros de matricula ");
INSERT INTO tbl_bitacora_sistema VALUES("600","10","51","2022-07-26","CONSULTA DE CITAS MEDICAS","EL ESTUDIANTE CONSULTO LA PANTALLA DE SUS CITAS MEDICAS");
INSERT INTO tbl_bitacora_sistema VALUES("601","10","51","2022-07-26","CONSULTA DE CITAS PSICOLOGICAS","EL ESTUDIANTE CONSULTO LA PANTALLA DE SUS CITAS PSICOLOGICAS");
INSERT INTO tbl_bitacora_sistema VALUES("602","10","51","2022-07-26","CONSULTA DE CITAS ESPIRITUALES","EL ESTUDIANTE CONSULTO LA PANTALLA DE SUS CITAS ESPIRITUALES");
INSERT INTO tbl_bitacora_sistema VALUES("603","10","51","2022-07-26","CONSULTA DE CITAS MEDICAS","EL ESTUDIANTE CONSULTO LA PANTALLA DE SUS CITAS MEDICAS");
INSERT INTO tbl_bitacora_sistema VALUES("604","10","51","2022-07-26","CONSULTA DE MATRICULA ESTUDIANTE","EL ESTUDIANTE CONSULTO LA PANTALLA PARA VER SU MATRICULA");
INSERT INTO tbl_bitacora_sistema VALUES("605","20","30","2022-07-26","REGISTRAR CONSULTA","SE REGISTRÓ UNA CONSULTA MEDICA AL PACIENTE CON CÓDIGO 30");
INSERT INTO tbl_bitacora_sistema VALUES("606","20","20","2022-07-26","Ingreso al proceso de Carga Academica","Usuario se autentifico ");
INSERT INTO tbl_bitacora_sistema VALUES("607","10","54","2022-07-26","CERRAR SESIÓN","USUARIO CERRÓ SESIÓN");
INSERT INTO tbl_bitacora_sistema VALUES("608","5","54","2022-07-26","AUTENTICACIÓN CORRECTA","USUARIO INICIO SESIÓN CORRECTAMENTE");
INSERT INTO tbl_bitacora_sistema VALUES("609","20","20","2022-07-26","Ingreso al proceso de Carga Academica","Usuario se autentifico ");
INSERT INTO tbl_bitacora_sistema VALUES("610","5","13","2022-07-26","INGRESO A LA PANTALLA REGISTRO DE PERSONAS","USUARIO SE AUTENTIFICO");
INSERT INTO tbl_bitacora_sistema VALUES("611","20","2","2022-07-26","Ingreso a la tabla de expediente medico","Usuario se autentifico ");
INSERT INTO tbl_bitacora_sistema VALUES("612","20","2","2022-07-26","Ingreso a la tabla de expediente medico","Usuario se autentifico ");
INSERT INTO tbl_bitacora_sistema VALUES("613","1","13","2022-07-26","INGRESO A LA PANTALLA REGISTRO DE PERSONAS","USUARIO SE AUTENTIFICO");
INSERT INTO tbl_bitacora_sistema VALUES("614","20","2","2022-07-26","Ingreso a la tabla de expediente medico","Usuario se autentifico ");
INSERT INTO tbl_bitacora_sistema VALUES("615","20","54","2022-07-26","CERRAR SESIÓN","USUARIO CERRÓ SESIÓN");
INSERT INTO tbl_bitacora_sistema VALUES("616","16","54","2022-07-26","AUTENTICACIÓN CORRECTA","USUARIO INICIO SESIÓN CORRECTAMENTE");
INSERT INTO tbl_bitacora_sistema VALUES("617","3","54","2022-07-26","AUTENTICACIÓN CORRECTA","USUARIO INICIO SESIÓN CORRECTAMENTE");
INSERT INTO tbl_bitacora_sistema VALUES("618","16","32","2022-07-26","Ingreso a la pantalla de mantenimiento de Inscripcion Cita ","Ver los registros de los Inscripcion Cita ");
INSERT INTO tbl_bitacora_sistema VALUES("619","1","13","2022-07-26","INGRESO A LA PANTALLA REGISTRO DE PERSONAS","USUARIO SE AUTENTIFICO");
INSERT INTO tbl_bitacora_sistema VALUES("620","16","54","2022-07-26","CERRAR SESIÓN","USUARIO CERRÓ SESIÓN");
INSERT INTO tbl_bitacora_sistema VALUES("621","1","54","2022-07-26","CERRAR SESIÓN","USUARIO CERRÓ SESIÓN");
INSERT INTO tbl_bitacora_sistema VALUES("622","1","13","2022-07-26","INGRESO A LA PANTALLA REGISTRO DE PERSONAS","USUARIO SE AUTENTIFICO");
INSERT INTO tbl_bitacora_sistema VALUES("623","1","2","2022-07-26","Ingreso a la tabla de roles","Usuario se autentifico ");
INSERT INTO tbl_bitacora_sistema VALUES("624","1","2","2022-07-26","Ingreso a la tabla de roles","Usuario se autentifico ");
INSERT INTO tbl_bitacora_sistema VALUES("625","1","2","2022-07-26","Ingreso a la tabla de roles","Usuario se autentifico ");
INSERT INTO tbl_bitacora_sistema VALUES("626","11","54","2022-07-26","AUTENTICACIÓN CORRECTA","USUARIO INICIO SESIÓN CORRECTAMENTE");
INSERT INTO tbl_bitacora_sistema VALUES("627","11","32","2022-07-26","Ingreso a la pantalla de mantenimiento de Inscripcion Cita ","Ver los registros de los Inscripcion Cita ");
INSERT INTO tbl_bitacora_sistema VALUES("628","11","32","2022-07-26","Ingreso a la pantalla de mantenimiento de Inscripcion Cita ","Ver los registros de los Inscripcion Cita ");
INSERT INTO tbl_bitacora_sistema VALUES("629","6","54","2022-07-26","AUTENTICACIÓN CORRECTA","USUARIO INICIO SESIÓN CORRECTAMENTE");
INSERT INTO tbl_bitacora_sistema VALUES("630","6","2","2022-07-26","Ingreso a la tabla de roles","Usuario se autentifico ");
INSERT INTO tbl_bitacora_sistema VALUES("631","6","5","2022-07-26","INGRESO AL MANTENIMIENTO DE PERMISOS","VIZUALIZAR LOS REGISTROS DE LOS PERMISOS");
INSERT INTO tbl_bitacora_sistema VALUES("632","11","32","2022-07-26","Ingreso a la pantalla de mantenimiento de Inscripcion Cita ","Ver los registros de los Inscripcion Cita ");
INSERT INTO tbl_bitacora_sistema VALUES("633","11","32","2022-07-26","Ingreso a la pantalla de mantenimiento de Inscripcion Cita ","Ver los registros de los Inscripcion Cita ");
INSERT INTO tbl_bitacora_sistema VALUES("634","11","32","2022-07-26","Ingreso a la pantalla de mantenimiento de Inscripcion Cita ","Ver los registros de los Inscripcion Cita ");
INSERT INTO tbl_bitacora_sistema VALUES("635","6","13","2022-07-26","INGRESO A LA PANTALLA REGISTRO DE PERSONAS","USUARIO SE AUTENTIFICO");
INSERT INTO tbl_bitacora_sistema VALUES("636","11","30","2022-07-26","REGISTAR EXPEDIENTE","SE REGISTRÓ EL EXPEDIENTE MEDICO DEL PACIENTE CON CÓDIGO 27");
INSERT INTO tbl_bitacora_sistema VALUES("637","11","23","2022-07-26","Ingreso Matricula","Ingreso al proceso/registros de matricula ");
INSERT INTO tbl_bitacora_sistema VALUES("638","6","13","2022-07-26","INGRESO A LA PANTALLA REGISTRO DE PERSONAS","USUARIO SE AUTENTIFICO");
INSERT INTO tbl_bitacora_sistema VALUES("639","11","30","2022-07-26","REGISTRAR CONSULTA","SE REGISTRÓ UNA CONSULTA MEDICA AL PACIENTE CON CÓDIGO 27");
INSERT INTO tbl_bitacora_sistema VALUES("640","11","20","2022-07-26","Ingreso al proceso de Carga Academica","Usuario se autentifico ");
INSERT INTO tbl_bitacora_sistema VALUES("641","11","20","2022-07-26","Ingreso al proceso de Carga Academica","Usuario se autentifico ");
INSERT INTO tbl_bitacora_sistema VALUES("642","11","20","2022-07-26","Ingreso al proceso de Carga Academica","Usuario se autentifico ");
INSERT INTO tbl_bitacora_sistema VALUES("643","11","20","2022-07-26","Ingreso al proceso de Carga Academica","Usuario se autentifico ");
INSERT INTO tbl_bitacora_sistema VALUES("644","11","2","2022-07-26","Ingreso a la tabla de expediente medico","Usuario se autentifico ");
INSERT INTO tbl_bitacora_sistema VALUES("645","6","13","2022-07-26","INGRESO A LA PANTALLA REGISTRO DE PERSONAS","USUARIO SE AUTENTIFICO");
INSERT INTO tbl_bitacora_sistema VALUES("646","6","13","2022-07-26","INGRESO A LA PANTALLA REGISTRO DE PERSONAS","USUARIO SE AUTENTIFICO");
INSERT INTO tbl_bitacora_sistema VALUES("647","11","13","2022-07-26","INGRESO A LA PANTALLA REGISTRO DE PERSONAS","USUARIO SE AUTENTIFICO");
INSERT INTO tbl_bitacora_sistema VALUES("648","11","54","2022-07-26","CERRAR SESIÓN","USUARIO CERRÓ SESIÓN");
INSERT INTO tbl_bitacora_sistema VALUES("649","0","54","2022-07-26","AUTENTICACIÓN FALLIDA","INTENTÓ DE INICIO DE SESIÓN FALLIDO");
INSERT INTO tbl_bitacora_sistema VALUES("650","6","13","2022-07-27","INGRESO A LA PANTALLA REGISTRO DE PERSONAS","USUARIO SE AUTENTIFICO");
INSERT INTO tbl_bitacora_sistema VALUES("651","6","13","2022-07-27","INGRESO A LA PANTALLA REGISTRO DE PERSONAS","USUARIO SE AUTENTIFICO");
INSERT INTO tbl_bitacora_sistema VALUES("652","6","13","2022-07-27","INGRESO A LA PANTALLA REGISTRO DE PERSONAS","USUARIO SE AUTENTIFICO");
INSERT INTO tbl_bitacora_sistema VALUES("653","6","13","2022-07-27","INGRESO A LA PANTALLA REGISTRO DE PERSONAS","USUARIO SE AUTENTIFICO");
INSERT INTO tbl_bitacora_sistema VALUES("654","1","54","2022-07-27","AUTENTICACIÓN CORRECTA","USUARIO INICIO SESIÓN CORRECTAMENTE");
INSERT INTO tbl_bitacora_sistema VALUES("655","1","32","2022-07-27","MODIFICACIÓN","SE MODIFICÓ UNA CITA");
INSERT INTO tbl_bitacora_sistema VALUES("656","1","32","2022-07-27","MODIFICACIÓN","SE MODIFICÓ UNA CITA");
INSERT INTO tbl_bitacora_sistema VALUES("657","1","32","2022-07-27","MODIFICACIÓN","SE MODIFICÓ UNA CITA");
INSERT INTO tbl_bitacora_sistema VALUES("658","6","13","2022-07-27","INGRESO A LA PANTALLA REGISTRO DE PERSONAS","USUARIO SE AUTENTIFICO");
INSERT INTO tbl_bitacora_sistema VALUES("659","7","54","2022-07-27","AUTENTICACIÓN CORRECTA","USUARIO INICIO SESIÓN CORRECTAMENTE");
INSERT INTO tbl_bitacora_sistema VALUES("660","7","2","2022-07-27","Ingreso a la tabla de roles","Usuario se autentifico ");
INSERT INTO tbl_bitacora_sistema VALUES("661","7","5","2022-07-27","INGRESO AL MANTENIMIENTO DE PERMISOS","VIZUALIZAR LOS REGISTROS DE LOS PERMISOS");
INSERT INTO tbl_bitacora_sistema VALUES("662","7","6","2022-07-27","Ingreso a la pantalla de mantenimiento objetos","Ver los registros de los objetos");
INSERT INTO tbl_bitacora_sistema VALUES("663","7","3","2022-07-27","Ingreso a la pantalla de mantenimiento parámetros","Aqui se visualiza los registros existentes de la tabla parámetros");
INSERT INTO tbl_bitacora_sistema VALUES("664","7","1","2022-07-27","Parametros Usuarios","Ver los parametros de los usuarios");
INSERT INTO tbl_bitacora_sistema VALUES("665","7","54","2022-07-27","CERRAR SESIÓN","USUARIO CERRÓ SESIÓN");
INSERT INTO tbl_bitacora_sistema VALUES("666","23","54","2022-07-27","AUTENTICACIÓN CORRECTA","USUARIO INICIO SESIÓN CORRECTAMENTE");
INSERT INTO tbl_bitacora_sistema VALUES("667","23","51","2022-07-27","CONSULTA DE CITAS MEDICAS","EL ESTUDIANTE CONSULTO LA PANTALLA DE SUS CITAS MEDICAS");
INSERT INTO tbl_bitacora_sistema VALUES("668","23","51","2022-07-27","CONSULTA DE CITAS PSICOLOGICAS","EL ESTUDIANTE CONSULTO LA PANTALLA DE SUS CITAS PSICOLOGICAS");
INSERT INTO tbl_bitacora_sistema VALUES("669","23","51","2022-07-27","CONSULTA DE CITAS ESPIRITUALES","EL ESTUDIANTE CONSULTO LA PANTALLA DE SUS CITAS ESPIRITUALES");
INSERT INTO tbl_bitacora_sistema VALUES("670","23","51","2022-07-27","CONSULTA DE MATRICULA ESTUDIANTE","EL ESTUDIANTE CONSULTO LA PANTALLA PARA VER SU MATRICULA");
INSERT INTO tbl_bitacora_sistema VALUES("671","23","54","2022-07-27","CERRAR SESIÓN","USUARIO CERRÓ SESIÓN");
INSERT INTO tbl_bitacora_sistema VALUES("672","1","54","2022-07-28","AUTENTICACIÓN CORRECTA","USUARIO INICIO SESIÓN CORRECTAMENTE");
INSERT INTO tbl_bitacora_sistema VALUES("673","1","54","2022-07-28","AUTENTICACIÓN CORRECTA","USUARIO INICIO SESIÓN CORRECTAMENTE");
INSERT INTO tbl_bitacora_sistema VALUES("674","1","13","2022-07-28","INGRESO A LA PANTALLA REGISTRO DE PERSONAS","USUARIO SE AUTENTIFICO");
INSERT INTO tbl_bitacora_sistema VALUES("675","1","14","2022-07-28","MODIFICACIÓN","SE MODIFICO UN USUARIO");
INSERT INTO tbl_bitacora_sistema VALUES("676","1","23","2022-07-28","INGRESO A MATRÍCULA","AGREGA UNA MATRÍCULA ESPIRITUAL");
INSERT INTO tbl_bitacora_sistema VALUES("677","1","32","2022-07-28","INGRESO A LA PANTALLA DE PROCESO CITAS","REGISTRA UNA CITA DE LAS DIFERENTES AREAS ");
INSERT INTO tbl_bitacora_sistema VALUES("678","1","2","2022-07-28","Ingreso a la tabla de roles","Usuario se autentifico ");
INSERT INTO tbl_bitacora_sistema VALUES("679","1","32","2022-07-28","Ingreso a la pantalla de mantenimiento de Inscripcion Cita ","Ver los registros de los Inscripcion Cita ");
INSERT INTO tbl_bitacora_sistema VALUES("680","1","13","2022-07-28","INGRESO A LA PANTALLA REGISTRO DE PERSONAS","USUARIO SE AUTENTIFICO");
INSERT INTO tbl_bitacora_sistema VALUES("681","1","32","2022-07-28","Ingreso a la pantalla de mantenimiento de Inscripcion Cita ","Ver los registros de los Inscripcion Cita ");
INSERT INTO tbl_bitacora_sistema VALUES("682","1","54","2022-07-28","CERRAR SESIÓN","USUARIO CERRÓ SESIÓN");
INSERT INTO tbl_bitacora_sistema VALUES("683","6","54","2022-07-28","CERRAR SESIÓN","USUARIO CERRÓ SESIÓN");
INSERT INTO tbl_bitacora_sistema VALUES("684","6","54","2022-07-28","AUTENTICACIÓN CORRECTA","USUARIO INICIO SESIÓN CORRECTAMENTE");
INSERT INTO tbl_bitacora_sistema VALUES("685","6","13","2022-07-28","INGRESO A LA PANTALLA REGISTRO DE PERSONAS","USUARIO SE AUTENTIFICO");
INSERT INTO tbl_bitacora_sistema VALUES("686","6","1","2022-07-28","Parametros Usuarios","Ver los parametros de los usuarios");
INSERT INTO tbl_bitacora_sistema VALUES("687","6","2","2022-07-28","Ingreso a la tabla de roles","Usuario se autentifico ");
INSERT INTO tbl_bitacora_sistema VALUES("688","1","54","2022-07-28","AUTENTICACIÓN CORRECTA","USUARIO INICIO SESIÓN CORRECTAMENTE");
INSERT INTO tbl_bitacora_sistema VALUES("689","1","2","2022-07-28","Ingreso a la tabla de roles","Usuario se autentifico ");
INSERT INTO tbl_bitacora_sistema VALUES("690","1","2","2022-07-28","Ingreso a la tabla de roles","Usuario se autentifico ");
INSERT INTO tbl_bitacora_sistema VALUES("691","1","23","2022-07-28","INSERCIÓN","SE MATRICULÓ LA TUTORÍA 6 AL ESTUDIANTE 1");
INSERT INTO tbl_bitacora_sistema VALUES("692","1","32","2022-07-28","Ingreso a la pantalla de mantenimiento de Inscripcion Cita ","Ver los registros de los Inscripcion Cita ");
INSERT INTO tbl_bitacora_sistema VALUES("693","1","32","2022-07-28","Ingreso a la pantalla de mantenimiento de Inscripcion Cita ","Ver los registros de los Inscripcion Cita ");
INSERT INTO tbl_bitacora_sistema VALUES("694","1","32","2022-07-28","INGRESO A LA PANTALLA DE PROCESO CITAS","REGISTRA UNA CITA DE LAS DIFERENTES AREAS ");
INSERT INTO tbl_bitacora_sistema VALUES("695","1","13","2022-07-28","INGRESO A LA PANTALLA REGISTRO DE PERSONAS","USUARIO SE AUTENTIFICO");
INSERT INTO tbl_bitacora_sistema VALUES("696","1","32","2022-07-28","Ingreso a la pantalla de mantenimiento de Inscripcion Cita ","Ver los registros de los Inscripcion Cita ");
INSERT INTO tbl_bitacora_sistema VALUES("697","1","13","2022-07-28","INGRESO A LA PANTALLA REGISTRO DE PERSONAS","USUARIO SE AUTENTIFICO");
INSERT INTO tbl_bitacora_sistema VALUES("698","1","32","2022-07-28","INGRESO A LA PANTALLA DE PROCESO CITAS","REGISTRA UNA CITA DE LAS DIFERENTES AREAS ");
INSERT INTO tbl_bitacora_sistema VALUES("699","1","32","2022-07-28","INSERCIÓN","SE REGISTRÓ UNA NUEVA CITA");
INSERT INTO tbl_bitacora_sistema VALUES("700","1","54","2022-07-28","CERRAR SESIÓN","USUARIO CERRÓ SESIÓN");
INSERT INTO tbl_bitacora_sistema VALUES("701","11","54","2022-07-28","AUTENTICACIÓN CORRECTA","USUARIO INICIO SESIÓN CORRECTAMENTE");
INSERT INTO tbl_bitacora_sistema VALUES("702","11","32","2022-07-28","Ingreso a la pantalla de mantenimiento de Inscripcion Cita ","Ver los registros de los Inscripcion Cita ");
INSERT INTO tbl_bitacora_sistema VALUES("703","11","32","2022-07-28","Ingreso a la pantalla de mantenimiento de Inscripcion Cita ","Ver los registros de los Inscripcion Cita ");
INSERT INTO tbl_bitacora_sistema VALUES("704","11","32","2022-07-28","Ingreso a la pantalla de mantenimiento de Inscripcion Cita ","Ver los registros de los Inscripcion Cita ");
INSERT INTO tbl_bitacora_sistema VALUES("705","11","32","2022-07-28","Ingreso a la pantalla de mantenimiento de Inscripcion Cita ","Ver los registros de los Inscripcion Cita ");
INSERT INTO tbl_bitacora_sistema VALUES("706","11","32","2022-07-28","Ingreso a la pantalla de mantenimiento de Inscripcion Cita ","Ver los registros de los Inscripcion Cita ");
INSERT INTO tbl_bitacora_sistema VALUES("707","11","23","2022-07-28","Ingreso Matricula","Ingreso al proceso/registros de matricula ");
INSERT INTO tbl_bitacora_sistema VALUES("708","11","30","2022-07-28","REGISTRAR CONSULTA","SE REGISTRÓ UNA CONSULTA MEDICA AL PACIENTE CON CÓDIGO 31");
INSERT INTO tbl_bitacora_sistema VALUES("709","11","20","2022-07-28","Ingreso al proceso de Carga Academica","Usuario se autentifico ");
INSERT INTO tbl_bitacora_sistema VALUES("710","11","20","2022-07-28","Ingreso al proceso de Carga Academica","Usuario se autentifico ");
INSERT INTO tbl_bitacora_sistema VALUES("711","11","20","2022-07-28","Ingreso al proceso de Carga Academica","Usuario se autentifico ");
INSERT INTO tbl_bitacora_sistema VALUES("712","11","2","2022-07-28","Ingreso a la tabla de expediente medico","Usuario se autentifico ");
INSERT INTO tbl_bitacora_sistema VALUES("713","11","2","2022-07-28","Ingreso a la tabla de expediente medico","Usuario se autentifico ");
INSERT INTO tbl_bitacora_sistema VALUES("714","11","2","2022-07-28","Ingreso a la tabla de expediente medico","Usuario se autentifico ");
INSERT INTO tbl_bitacora_sistema VALUES("715","11","54","2022-07-28","CERRAR SESIÓN","USUARIO CERRÓ SESIÓN");
INSERT INTO tbl_bitacora_sistema VALUES("716","1","54","2022-07-28","AUTENTICACIÓN CORRECTA","USUARIO INICIO SESIÓN CORRECTAMENTE");
INSERT INTO tbl_bitacora_sistema VALUES("717","1","13","2022-07-28","INGRESO A LA PANTALLA REGISTRO DE PERSONAS","USUARIO SE AUTENTIFICO");
INSERT INTO tbl_bitacora_sistema VALUES("718","1","13","2022-07-28","INGRESO A LA PANTALLA REGISTRO DE PERSONAS","USUARIO SE AUTENTIFICO");
INSERT INTO tbl_bitacora_sistema VALUES("719","1","2","2022-07-28","Ingreso a la tabla de roles","Usuario se autentifico ");
INSERT INTO tbl_bitacora_sistema VALUES("720","1","22","2022-07-28","INGRESO AL MANTENIMIENTO TUTORÍAS","USUARIO SE AUTENTIFICO");
INSERT INTO tbl_bitacora_sistema VALUES("721","1","21","2022-07-28","INGRESO AL MANTENIMIENTO ÁREAS","USUARIO SE AUTENTIFICO");
INSERT INTO tbl_bitacora_sistema VALUES("722","1","46","2022-07-28","INGRESO AL MANTENIMIENTO SECCIONES","USUARIO SE AUTENTIFICO");
INSERT INTO tbl_bitacora_sistema VALUES("723","1","13","2022-07-28","INGRESO A LA PANTALLA REGISTRO DE PERSONAS","USUARIO SE AUTENTIFICO");
INSERT INTO tbl_bitacora_sistema VALUES("724","1","32","2022-07-28","INGRESO A LA PANTALLA DE PROCESO CITAS","REGISTRA UNA CITA DE LAS DIFERENTES AREAS ");
INSERT INTO tbl_bitacora_sistema VALUES("725","1","32","2022-07-28","INGRESO A LA PANTALLA DE PROCESO CITAS","REGISTRA UNA CITA DE LAS DIFERENTES AREAS ");
INSERT INTO tbl_bitacora_sistema VALUES("726","1","13","2022-07-28","INGRESO A LA PANTALLA REGISTRO DE PERSONAS","USUARIO SE AUTENTIFICO");
INSERT INTO tbl_bitacora_sistema VALUES("727","1","54","2022-07-28","CERRAR SESIÓN","USUARIO CERRÓ SESIÓN");
INSERT INTO tbl_bitacora_sistema VALUES("728","1","54","2022-07-28","AUTENTICACIÓN CORRECTA","USUARIO INICIO SESIÓN CORRECTAMENTE");
INSERT INTO tbl_bitacora_sistema VALUES("729","1","23","2022-07-28","INGRESO A MATRÍCULA","AGREGA UNA MATRÍCULA ESPIRITUAL");
INSERT INTO tbl_bitacora_sistema VALUES("730","1","23","2022-07-28","ELIMINACIÓN","SE ELIMINÓ LA TUTORÍA  AL ESTUDIANTE 5");
INSERT INTO tbl_bitacora_sistema VALUES("731","1","23","2022-07-28","INGRESO A MATRÍCULA","AGREGA UNA MATRÍCULA ESPIRITUAL");
INSERT INTO tbl_bitacora_sistema VALUES("732","1","23","2022-07-28","INSERCIÓN","SE MATRICULÓ LA TUTORÍA 3 AL ESTUDIANTE 5");
INSERT INTO tbl_bitacora_sistema VALUES("733","1","54","2022-07-28","AUTENTICACIÓN CORRECTA","USUARIO INICIO SESIÓN CORRECTAMENTE");
INSERT INTO tbl_bitacora_sistema VALUES("734","1","54","2022-07-28","CERRAR SESIÓN","USUARIO CERRÓ SESIÓN");
INSERT INTO tbl_bitacora_sistema VALUES("735","6","13","2022-07-28","INGRESO A LA PANTALLA REGISTRO DE PERSONAS","USUARIO SE AUTENTIFICO");
INSERT INTO tbl_bitacora_sistema VALUES("736","6","13","2022-07-29","INGRESO A LA PANTALLA REGISTRO DE PERSONAS","USUARIO SE AUTENTIFICO");
INSERT INTO tbl_bitacora_sistema VALUES("737","6","32","2022-07-29","INGRESO A LA PANTALLA DE PROCESO CITAS","REGISTRA UNA CITA DE LAS DIFERENTES AREAS ");
INSERT INTO tbl_bitacora_sistema VALUES("738","6","2","2022-07-29","Ingreso a la tabla de roles","Usuario se autentifico ");
INSERT INTO tbl_bitacora_sistema VALUES("739","6","13","2022-07-29","INGRESO A LA PANTALLA REGISTRO DE PERSONAS","USUARIO SE AUTENTIFICO");
INSERT INTO tbl_bitacora_sistema VALUES("740","1","54","2022-07-29","AUTENTICACIÓN CORRECTA","USUARIO INICIO SESIÓN CORRECTAMENTE");
INSERT INTO tbl_bitacora_sistema VALUES("741","1","13","2022-07-29","INGRESO A LA PANTALLA REGISTRO DE PERSONAS","USUARIO SE AUTENTIFICO");
INSERT INTO tbl_bitacora_sistema VALUES("742","1","13","2022-07-29","INGRESO A LA PANTALLA REGISTRO DE PERSONAS","USUARIO SE AUTENTIFICO");
INSERT INTO tbl_bitacora_sistema VALUES("743","1","13","2022-07-29","INSERCIÓN","SE REGISTRO AL USUARIO ANYH COMO UN CATEQUISTA");
INSERT INTO tbl_bitacora_sistema VALUES("744","1","32","2022-07-29","INGRESO A LA PANTALLA DE PROCESO CITAS","REGISTRA UNA CITA DE LAS DIFERENTES AREAS ");
INSERT INTO tbl_bitacora_sistema VALUES("745","1","32","2022-07-29","INSERCIÓN","SE REGISTRÓ UNA NUEVA CITA");
INSERT INTO tbl_bitacora_sistema VALUES("746","1","54","2022-07-29","AUTENTICACIÓN CORRECTA","USUARIO INICIO SESIÓN CORRECTAMENTE");
INSERT INTO tbl_bitacora_sistema VALUES("747","1","13","2022-07-29","INGRESO A LA PANTALLA REGISTRO DE PERSONAS","USUARIO SE AUTENTIFICO");
INSERT INTO tbl_bitacora_sistema VALUES("748","1","13","2022-07-29","INGRESO A LA PANTALLA REGISTRO DE PERSONAS","USUARIO SE AUTENTIFICO");
INSERT INTO tbl_bitacora_sistema VALUES("749","1","13","2022-07-29","INSERCIÓN","SE REGISTRO AL USUARIO ISEL COMO UN PSICOLOGO");
INSERT INTO tbl_bitacora_sistema VALUES("750","1","54","2022-07-29","CERRAR SESIÓN","USUARIO CERRÓ SESIÓN");
INSERT INTO tbl_bitacora_sistema VALUES("751","29","1","2022-07-29","Ingreso de preguntas para recuperacion","Nuevo usuario registro las preguntas");
INSERT INTO tbl_bitacora_sistema VALUES("752","29","1","2022-07-29","Cambio de contraseña","Usuario nuevo, hizo el cambio de contraseña");
INSERT INTO tbl_bitacora_sistema VALUES("753","29","54","2022-07-29","SOLICITAR RECUPERACIÓN DE CONTRASEÑA","EL USUARIO SOLICITO RECUPERAR LA CONTRASEÑA POR CORREO");
INSERT INTO tbl_bitacora_sistema VALUES("754","29","54","2022-07-29","SOLICITAR RECUPERACIÓN DE CONTRASEÑA","EL USUARIO SOLICITÓ RECUPERAR LA CONTRASEÑA POR PREGUNTAS DE SEGURIDAD FUE FALLIDO");
INSERT INTO tbl_bitacora_sistema VALUES("755","29","54","2022-07-29","SOLICITAR RECUPERACIÓN DE CONTRASEÑA","EL USUARIO SOLICITÓ RECUPERAR LA CONTRASEÑA POR PREGUNTAS DE SEGURIDAD FUE FALLIDO");
INSERT INTO tbl_bitacora_sistema VALUES("756","1","54","2022-07-29","AUTENTICACIÓN CORRECTA","USUARIO INICIO SESIÓN CORRECTAMENTE");
INSERT INTO tbl_bitacora_sistema VALUES("757","1","13","2022-07-29","INGRESO A LA PANTALLA REGISTRO DE PERSONAS","USUARIO SE AUTENTIFICO");
INSERT INTO tbl_bitacora_sistema VALUES("758","1","54","2022-07-29","CERRAR SESIÓN","USUARIO CERRÓ SESIÓN");
INSERT INTO tbl_bitacora_sistema VALUES("759","29","54","2022-07-29","SOLICITAR RECUPERACIÓN DE CONTRASEÑA","EL USUARIO SOLICITÓ RECUPERAR LA CONTRASEÑA POR PREGUNTAS DE SEGURIDAD FUE FALLIDO");
INSERT INTO tbl_bitacora_sistema VALUES("760","1","54","2022-07-29","AUTENTICACIÓN CORRECTA","USUARIO INICIO SESIÓN CORRECTAMENTE");
INSERT INTO tbl_bitacora_sistema VALUES("761","1","13","2022-07-29","INGRESO A LA PANTALLA REGISTRO DE PERSONAS","USUARIO SE AUTENTIFICO");
INSERT INTO tbl_bitacora_sistema VALUES("762","1","54","2022-07-29","CERRAR SESIÓN","USUARIO CERRÓ SESIÓN");
INSERT INTO tbl_bitacora_sistema VALUES("763","5","54","2022-07-29","SOLICITAR RECUPERACIÓN DE CONTRASEÑA","EL USUARIO SOLICITO RECUPERAR LA CONTRASEÑA POR CORREO");
INSERT INTO tbl_bitacora_sistema VALUES("764","5","54","2022-07-29","SOLICITAR RECUPERACIÓN DE CONTRASEÑA","EL USUARIO SOLICITÓ RECUPERAR LA CONTRASEÑA POR PREGUNTAS DE SEGURIDAD FUE FALLIDO");
INSERT INTO tbl_bitacora_sistema VALUES("765","29","54","2022-07-29","SOLICITAR RECUPERACIÓN DE CONTRASEÑA","EL USUARIO SOLICITÓ RECUPERAR LA CONTRASEÑA POR PREGUNTAS DE SEGURIDAD FUE FALLIDO");
INSERT INTO tbl_bitacora_sistema VALUES("766","1","54","2022-07-29","AUTENTICACIÓN CORRECTA","USUARIO INICIO SESIÓN CORRECTAMENTE");
INSERT INTO tbl_bitacora_sistema VALUES("767","1","13","2022-07-29","INGRESO A LA PANTALLA REGISTRO DE PERSONAS","USUARIO SE AUTENTIFICO");
INSERT INTO tbl_bitacora_sistema VALUES("768","2","54","2022-07-29","SOLICITAR RECUPERACIÓN DE CONTRASEÑA","EL USUARIO SOLICITÓ RECUPERAR LA CONTRASEÑA POR PREGUNTAS DE SEGURIDAD");
INSERT INTO tbl_bitacora_sistema VALUES("769","2","54","2022-07-29","MODIFICACIÓN DE CONTRASEÑA","EL USUARIO MODIFICÓ LA CONTRASEÑA POR EL METODO DE PREGUNTAS DE SEGURIDAD");
INSERT INTO tbl_bitacora_sistema VALUES("770","1","54","2022-07-29","AUTENTICACIÓN CORRECTA","USUARIO INICIO SESIÓN CORRECTAMENTE");
INSERT INTO tbl_bitacora_sistema VALUES("771","1","13","2022-07-29","INGRESO A LA PANTALLA REGISTRO DE PERSONAS","USUARIO SE AUTENTIFICO");
INSERT INTO tbl_bitacora_sistema VALUES("772","1","54","2022-07-29","CERRAR SESIÓN","USUARIO CERRÓ SESIÓN");
INSERT INTO tbl_bitacora_sistema VALUES("773","29","54","2022-07-29","AUTENTICACIÓN FALLIDA","INTENTÓ DE INICIO DE SESIÓN FALLIDO");
INSERT INTO tbl_bitacora_sistema VALUES("774","29","54","2022-07-29","AUTENTICACIÓN FALLIDA","INTENTÓ DE INICIO DE SESIÓN FALLIDO");
INSERT INTO tbl_bitacora_sistema VALUES("775","29","54","2022-07-29","AUTENTICACIÓN FALLIDA","INTENTÓ DE INICIO DE SESIÓN FALLIDO");
INSERT INTO tbl_bitacora_sistema VALUES("776","29","54","2022-07-29","AUTENTICACIÓN FALLIDA","EL USUARIO FUE BLOQUEADO POR INTENTOS DE INICIO DE SESIÓN FALLIDOS");
INSERT INTO tbl_bitacora_sistema VALUES("777","1","54","2022-07-29","AUTENTICACIÓN CORRECTA","USUARIO INICIO SESIÓN CORRECTAMENTE");
INSERT INTO tbl_bitacora_sistema VALUES("778","1","13","2022-07-29","INGRESO A LA PANTALLA REGISTRO DE PERSONAS","USUARIO SE AUTENTIFICO");
INSERT INTO tbl_bitacora_sistema VALUES("779","1","54","2022-07-29","CERRAR SESIÓN","USUARIO CERRÓ SESIÓN");
INSERT INTO tbl_bitacora_sistema VALUES("780","5","54","2022-07-29","AUTENTICACIÓN FALLIDA","INTENTÓ DE INICIO DE SESIÓN FALLIDO");
INSERT INTO tbl_bitacora_sistema VALUES("781","5","54","2022-07-29","AUTENTICACIÓN FALLIDA","INTENTÓ DE INICIO DE SESIÓN FALLIDO");
INSERT INTO tbl_bitacora_sistema VALUES("782","2","54","2022-07-29","AUTENTICACIÓN CORRECTA","USUARIO INICIO SESIÓN CORRECTAMENTE");
INSERT INTO tbl_bitacora_sistema VALUES("783","1","54","2022-07-29","AUTENTICACIÓN CORRECTA","USUARIO INICIO SESIÓN CORRECTAMENTE");
INSERT INTO tbl_bitacora_sistema VALUES("784","1","13","2022-07-29","INGRESO A LA PANTALLA REGISTRO DE PERSONAS","USUARIO SE AUTENTIFICO");
INSERT INTO tbl_bitacora_sistema VALUES("785","6","54","2022-07-29","AUTENTICACIÓN CORRECTA","USUARIO INICIO SESIÓN CORRECTAMENTE");
INSERT INTO tbl_bitacora_sistema VALUES("786","1","14","2022-07-29","MODIFICACIÓN","SE MODIFICO UNA CONTRASEÑA");
INSERT INTO tbl_bitacora_sistema VALUES("787","1","54","2022-07-29","CERRAR SESIÓN","USUARIO CERRÓ SESIÓN");
INSERT INTO tbl_bitacora_sistema VALUES("788","2","54","2022-07-29","CERRAR SESIÓN","USUARIO CERRÓ SESIÓN");
INSERT INTO tbl_bitacora_sistema VALUES("789","5","54","2022-07-29","MODIFICACIÓN DE CONTRASEÑA","EL USUARIO MODIFICÓ LA CONTRASEÑA POR EL METODO DE CORREO");
INSERT INTO tbl_bitacora_sistema VALUES("790","5","54","2022-07-29","AUTENTICACIÓN CORRECTA","USUARIO INICIO SESIÓN CORRECTAMENTE");
INSERT INTO tbl_bitacora_sistema VALUES("791","6","13","2022-07-29","INGRESO A LA PANTALLA REGISTRO DE PERSONAS","USUARIO SE AUTENTIFICO");
INSERT INTO tbl_bitacora_sistema VALUES("792","5","13","2022-07-29","INGRESO A LA PANTALLA REGISTRO DE PERSONAS","USUARIO SE AUTENTIFICO");
INSERT INTO tbl_bitacora_sistema VALUES("793","5","13","2022-07-29","INSERCIÓN","SE REGISTRO AL USUARIO ARMANDO COMO UN PSICOLOGO");
INSERT INTO tbl_bitacora_sistema VALUES("794","5","54","2022-07-29","CERRAR SESIÓN","USUARIO CERRÓ SESIÓN");
INSERT INTO tbl_bitacora_sistema VALUES("795","30","1","2022-07-29","Ingreso de preguntas para recuperacion","Nuevo usuario registro las preguntas");
INSERT INTO tbl_bitacora_sistema VALUES("796","30","1","2022-07-29","Cambio de contraseña","Usuario nuevo, hizo el cambio de contraseña");
INSERT INTO tbl_bitacora_sistema VALUES("797","30","54","2022-07-29","AUTENTICACIÓN CORRECTA","USUARIO INICIO SESIÓN CORRECTAMENTE");
INSERT INTO tbl_bitacora_sistema VALUES("798","30","54","2022-07-29","CERRAR SESIÓN","USUARIO CERRÓ SESIÓN");
INSERT INTO tbl_bitacora_sistema VALUES("799","30","54","2022-07-29","SOLICITAR RECUPERACIÓN DE CONTRASEÑA","EL USUARIO SOLICITÓ RECUPERAR LA CONTRASEÑA POR PREGUNTAS DE SEGURIDAD");
INSERT INTO tbl_bitacora_sistema VALUES("800","30","54","2022-07-29","SOLICITAR RECUPERACIÓN DE CONTRASEÑA","EL USUARIO SOLICITO RECUPERAR LA CONTRASEÑA POR CORREO");
INSERT INTO tbl_bitacora_sistema VALUES("801","6","13","2022-07-30","INGRESO A LA PANTALLA REGISTRO DE PERSONAS","USUARIO SE AUTENTIFICO");
INSERT INTO tbl_bitacora_sistema VALUES("802","1","54","2022-07-30","AUTENTICACIÓN CORRECTA","USUARIO INICIO SESIÓN CORRECTAMENTE");
INSERT INTO tbl_bitacora_sistema VALUES("803","1","54","2022-07-30","CERRAR SESIÓN","USUARIO CERRÓ SESIÓN");
INSERT INTO tbl_bitacora_sistema VALUES("804","17","54","2022-07-30","AUTENTICACIÓN CORRECTA","USUARIO INICIO SESIÓN CORRECTAMENTE");
INSERT INTO tbl_bitacora_sistema VALUES("805","17","32","2022-07-30","Ingreso a la pantalla de mantenimiento de Inscripcion Cita ","Ver los registros de los Inscripcion Cita ");
INSERT INTO tbl_bitacora_sistema VALUES("806","17","54","2022-07-30","CERRAR SESIÓN","USUARIO CERRÓ SESIÓN");
INSERT INTO tbl_bitacora_sistema VALUES("807","1","54","2022-07-30","AUTENTICACIÓN CORRECTA","USUARIO INICIO SESIÓN CORRECTAMENTE");
INSERT INTO tbl_bitacora_sistema VALUES("808","1","54","2022-07-30","CERRAR SESIÓN","USUARIO CERRÓ SESIÓN");
INSERT INTO tbl_bitacora_sistema VALUES("809","11","54","2022-07-30","AUTENTICACIÓN CORRECTA","USUARIO INICIO SESIÓN CORRECTAMENTE");
INSERT INTO tbl_bitacora_sistema VALUES("810","11","32","2022-07-30","INSERCIÓN","SE REGISTRÓ UNA NUEVA CITA");
INSERT INTO tbl_bitacora_sistema VALUES("811","11","32","2022-07-30","INSERCIÓN","SE REGISTRÓ UNA NUEVA CITA");
INSERT INTO tbl_bitacora_sistema VALUES("812","11","32","2022-07-30","INSERCIÓN","SE REGISTRÓ UNA NUEVA CITA");
INSERT INTO tbl_bitacora_sistema VALUES("813","11","32","2022-07-30","INSERCIÓN","SE REGISTRÓ UNA NUEVA CITA");
INSERT INTO tbl_bitacora_sistema VALUES("814","11","54","2022-07-30","CERRAR SESIÓN","USUARIO CERRÓ SESIÓN");
INSERT INTO tbl_bitacora_sistema VALUES("815","1","54","2022-07-30","AUTENTICACIÓN CORRECTA","USUARIO INICIO SESIÓN CORRECTAMENTE");
INSERT INTO tbl_bitacora_sistema VALUES("816","1","32","2022-07-30","INGRESO A LA PANTALLA DE PROCESO CITAS","REGISTRA UNA CITA DE LAS DIFERENTES AREAS ");
INSERT INTO tbl_bitacora_sistema VALUES("817","1","32","2022-07-30","INSERCIÓN","SE REGISTRÓ UNA NUEVA CITA");
INSERT INTO tbl_bitacora_sistema VALUES("818","1","54","2022-07-30","CERRAR SESIÓN","USUARIO CERRÓ SESIÓN");
INSERT INTO tbl_bitacora_sistema VALUES("819","11","54","2022-07-30","AUTENTICACIÓN CORRECTA","USUARIO INICIO SESIÓN CORRECTAMENTE");
INSERT INTO tbl_bitacora_sistema VALUES("820","11","32","2022-07-30","Ingreso a la pantalla de mantenimiento de Inscripcion Cita ","Ver los registros de los Inscripcion Cita ");
INSERT INTO tbl_bitacora_sistema VALUES("821","11","32","2022-07-30","Ingreso a la pantalla de mantenimiento de Inscripcion Cita ","Ver los registros de los Inscripcion Cita ");
INSERT INTO tbl_bitacora_sistema VALUES("822","11","32","2022-07-30","Ingreso a la pantalla de mantenimiento de Inscripcion Cita ","Ver los registros de los Inscripcion Cita ");
INSERT INTO tbl_bitacora_sistema VALUES("823","11","32","2022-07-30","Ingreso a la pantalla de mantenimiento de Inscripcion Cita ","Ver los registros de los Inscripcion Cita ");
INSERT INTO tbl_bitacora_sistema VALUES("824","11","32","2022-07-30","Ingreso a la pantalla de mantenimiento de Inscripcion Cita ","Ver los registros de los Inscripcion Cita ");
INSERT INTO tbl_bitacora_sistema VALUES("825","11","32","2022-07-30","Ingreso a la pantalla de mantenimiento de Inscripcion Cita ","Ver los registros de los Inscripcion Cita ");
INSERT INTO tbl_bitacora_sistema VALUES("826","11","30","2022-07-30","REGISTAR EXPEDIENTE","SE REGISTRÓ EL EXPEDIENTE MEDICO DEL PACIENTE CON CÓDIGO 25");
INSERT INTO tbl_bitacora_sistema VALUES("827","11","23","2022-07-30","Ingreso Matricula","Ingreso al proceso/registros de matricula ");
INSERT INTO tbl_bitacora_sistema VALUES("828","11","30","2022-07-30","REGISTRAR CONSULTA","SE REGISTRÓ UNA CONSULTA MEDICA AL PACIENTE CON CÓDIGO 25");
INSERT INTO tbl_bitacora_sistema VALUES("829","11","20","2022-07-30","Ingreso al proceso de Carga Academica","Usuario se autentifico ");
INSERT INTO tbl_bitacora_sistema VALUES("830","11","20","2022-07-30","Ingreso al proceso de Carga Academica","Usuario se autentifico ");
INSERT INTO tbl_bitacora_sistema VALUES("831","11","20","2022-07-30","Ingreso al proceso de Carga Academica","Usuario se autentifico ");
INSERT INTO tbl_bitacora_sistema VALUES("832","11","20","2022-07-30","Ingreso al proceso de Carga Academica","Usuario se autentifico ");
INSERT INTO tbl_bitacora_sistema VALUES("833","11","2","2022-07-30","Ingreso a la tabla de expediente medico","Usuario se autentifico ");
INSERT INTO tbl_bitacora_sistema VALUES("834","11","2","2022-07-30","Ingreso a la tabla de expediente medico","Usuario se autentifico ");
INSERT INTO tbl_bitacora_sistema VALUES("835","11","32","2022-07-30","INSERCIÓN","SE REGISTRÓ UNA NUEVA CITA");
INSERT INTO tbl_bitacora_sistema VALUES("836","11","32","2022-07-30","INSERCIÓN","SE REGISTRÓ UNA NUEVA CITA");
INSERT INTO tbl_bitacora_sistema VALUES("837","11","32","2022-07-30","INSERCIÓN","SE REGISTRÓ UNA NUEVA CITA");
INSERT INTO tbl_bitacora_sistema VALUES("838","11","32","2022-07-30","INSERCIÓN","SE REGISTRÓ UNA NUEVA CITA");
INSERT INTO tbl_bitacora_sistema VALUES("839","11","32","2022-07-30","INSERCIÓN","SE REGISTRÓ UNA NUEVA CITA");
INSERT INTO tbl_bitacora_sistema VALUES("840","11","32","2022-07-30","INSERCIÓN","SE REGISTRÓ UNA NUEVA CITA");
INSERT INTO tbl_bitacora_sistema VALUES("841","11","54","2022-07-30","CERRAR SESIÓN","USUARIO CERRÓ SESIÓN");
INSERT INTO tbl_bitacora_sistema VALUES("842","1","54","2022-07-30","AUTENTICACIÓN CORRECTA","USUARIO INICIO SESIÓN CORRECTAMENTE");
INSERT INTO tbl_bitacora_sistema VALUES("843","1","32","2022-07-30","INGRESO A LA PANTALLA DE PROCESO CITAS","REGISTRA UNA CITA DE LAS DIFERENTES AREAS ");
INSERT INTO tbl_bitacora_sistema VALUES("844","1","0","2022-07-30","INSERCIÓN","SE REGISTRÓ UNA NUEVA CITA");
INSERT INTO tbl_bitacora_sistema VALUES("845","1","32","2022-07-30","INGRESO A LA PANTALLA DE PROCESO CITAS","REGISTRA UNA CITA DE LAS DIFERENTES AREAS ");
INSERT INTO tbl_bitacora_sistema VALUES("846","1","32","2022-07-30","INSERCIÓN","SE REGISTRÓ UNA NUEVA CITA");
INSERT INTO tbl_bitacora_sistema VALUES("847","1","32","2022-07-30","INGRESO A LA PANTALLA DE PROCESO CITAS","REGISTRA UNA CITA DE LAS DIFERENTES AREAS ");
INSERT INTO tbl_bitacora_sistema VALUES("848","1","32","2022-07-30","INSERCIÓN","SE REGISTRÓ UNA NUEVA CITA");
INSERT INTO tbl_bitacora_sistema VALUES("849","1","54","2022-07-30","CERRAR SESIÓN","USUARIO CERRÓ SESIÓN");
INSERT INTO tbl_bitacora_sistema VALUES("850","20","54","2022-07-30","AUTENTICACIÓN CORRECTA","USUARIO INICIO SESIÓN CORRECTAMENTE");
INSERT INTO tbl_bitacora_sistema VALUES("851","20","32","2022-07-30","Ingreso a la pantalla de mantenimiento de Inscripcion Cita ","Ver los registros de los Inscripcion Cita ");
INSERT INTO tbl_bitacora_sistema VALUES("852","20","32","2022-07-30","Ingreso a la pantalla de mantenimiento de Inscripcion Cita ","Ver los registros de los Inscripcion Cita ");
INSERT INTO tbl_bitacora_sistema VALUES("853","20","32","2022-07-30","Ingreso a la pantalla de mantenimiento de Inscripcion Cita ","Ver los registros de los Inscripcion Cita ");
INSERT INTO tbl_bitacora_sistema VALUES("854","20","32","2022-07-30","Ingreso a la pantalla de mantenimiento de Inscripcion Cita ","Ver los registros de los Inscripcion Cita ");
INSERT INTO tbl_bitacora_sistema VALUES("855","20","32","2022-07-30","Ingreso a la pantalla de mantenimiento de Inscripcion Cita ","Ver los registros de los Inscripcion Cita ");
INSERT INTO tbl_bitacora_sistema VALUES("856","20","32","2022-07-30","Ingreso a la pantalla de mantenimiento de Inscripcion Cita ","Ver los registros de los Inscripcion Cita ");
INSERT INTO tbl_bitacora_sistema VALUES("857","20","32","2022-07-30","Ingreso a la pantalla de mantenimiento de Inscripcion Cita ","Ver los registros de los Inscripcion Cita ");
INSERT INTO tbl_bitacora_sistema VALUES("858","20","30","2022-07-30","REGISTAR EXPEDIENTE","SE REGISTRÓ EL EXPEDIENTE MEDICO DEL PACIENTE CON CÓDIGO 9");
INSERT INTO tbl_bitacora_sistema VALUES("859","20","23","2022-07-30","Ingreso Matricula","Ingreso al proceso/registros de matricula ");
INSERT INTO tbl_bitacora_sistema VALUES("860","20","30","2022-07-30","REGISTRAR CONSULTA","SE REGISTRÓ UNA CONSULTA MEDICA AL PACIENTE CON CÓDIGO 9");
INSERT INTO tbl_bitacora_sistema VALUES("861","20","20","2022-07-30","Ingreso al proceso de Carga Academica","Usuario se autentifico ");
INSERT INTO tbl_bitacora_sistema VALUES("862","20","20","2022-07-30","Ingreso al proceso de Carga Academica","Usuario se autentifico ");
INSERT INTO tbl_bitacora_sistema VALUES("863","20","20","2022-07-30","Ingreso al proceso de Carga Academica","Usuario se autentifico ");
INSERT INTO tbl_bitacora_sistema VALUES("864","20","2","2022-07-30","Ingreso a la tabla de expediente medico","Usuario se autentifico ");
INSERT INTO tbl_bitacora_sistema VALUES("865","20","32","2022-07-30","Ingreso a la pantalla de mantenimiento de Inscripcion Cita ","Ver los registros de los Inscripcion Cita ");
INSERT INTO tbl_bitacora_sistema VALUES("866","20","32","2022-07-30","Ingreso a la pantalla de mantenimiento de Inscripcion Cita ","Ver los registros de los Inscripcion Cita ");
INSERT INTO tbl_bitacora_sistema VALUES("867","20","30","2022-07-30","REGISTAR EXPEDIENTE","SE REGISTRÓ EL EXPEDIENTE MEDICO DEL PACIENTE CON CÓDIGO 24");
INSERT INTO tbl_bitacora_sistema VALUES("868","20","23","2022-07-30","Ingreso Matricula","Ingreso al proceso/registros de matricula ");
INSERT INTO tbl_bitacora_sistema VALUES("869","20","30","2022-07-30","REGISTRAR CONSULTA","SE REGISTRÓ UNA CONSULTA MEDICA AL PACIENTE CON CÓDIGO 24");
INSERT INTO tbl_bitacora_sistema VALUES("870","20","20","2022-07-30","Ingreso al proceso de Carga Academica","Usuario se autentifico ");
INSERT INTO tbl_bitacora_sistema VALUES("871","20","20","2022-07-30","Ingreso al proceso de Carga Academica","Usuario se autentifico ");
INSERT INTO tbl_bitacora_sistema VALUES("872","20","20","2022-07-30","Ingreso al proceso de Carga Academica","Usuario se autentifico ");
INSERT INTO tbl_bitacora_sistema VALUES("873","20","2","2022-07-30","Ingreso a la tabla de expediente medico","Usuario se autentifico ");
INSERT INTO tbl_bitacora_sistema VALUES("874","20","32","2022-07-30","INSERCIÓN","SE REGISTRÓ UNA NUEVA CITA");
INSERT INTO tbl_bitacora_sistema VALUES("875","20","32","2022-07-30","INSERCIÓN","SE REGISTRÓ UNA NUEVA CITA");
INSERT INTO tbl_bitacora_sistema VALUES("876","20","32","2022-07-30","INSERCIÓN","SE REGISTRÓ UNA NUEVA CITA");
INSERT INTO tbl_bitacora_sistema VALUES("877","20","54","2022-07-30","CERRAR SESIÓN","USUARIO CERRÓ SESIÓN");
INSERT INTO tbl_bitacora_sistema VALUES("878","1","54","2022-07-30","AUTENTICACIÓN CORRECTA","USUARIO INICIO SESIÓN CORRECTAMENTE");
INSERT INTO tbl_bitacora_sistema VALUES("879","1","54","2022-07-30","CERRAR SESIÓN","USUARIO CERRÓ SESIÓN");
INSERT INTO tbl_bitacora_sistema VALUES("880","11","54","2022-07-30","AUTENTICACIÓN CORRECTA","USUARIO INICIO SESIÓN CORRECTAMENTE");
INSERT INTO tbl_bitacora_sistema VALUES("881","11","32","2022-07-30","Ingreso a la pantalla de mantenimiento de Inscripcion Cita ","Ver los registros de los Inscripcion Cita ");
INSERT INTO tbl_bitacora_sistema VALUES("882","11","54","2022-07-30","CERRAR SESIÓN","USUARIO CERRÓ SESIÓN");
INSERT INTO tbl_bitacora_sistema VALUES("883","28","1","2022-07-30","Ingreso de preguntas para recuperacion","Nuevo usuario registro las preguntas");
INSERT INTO tbl_bitacora_sistema VALUES("884","28","1","2022-07-30","Cambio de contraseña","Usuario nuevo, hizo el cambio de contraseña");
INSERT INTO tbl_bitacora_sistema VALUES("885","28","54","2022-07-30","AUTENTICACIÓN CORRECTA","USUARIO INICIO SESIÓN CORRECTAMENTE");
INSERT INTO tbl_bitacora_sistema VALUES("886","28","32","2022-07-30","Ingreso a la pantalla de mantenimiento de Inscripcion Cita ","Ver los registros de los Inscripcion Cita ");
INSERT INTO tbl_bitacora_sistema VALUES("887","28","32","2022-07-30","Ingreso a la pantalla de mantenimiento de Inscripcion Cita ","Ver los registros de los Inscripcion Cita ");
INSERT INTO tbl_bitacora_sistema VALUES("888","28","32","2022-07-30","Ingreso a la pantalla de mantenimiento de Inscripcion Cita ","Ver los registros de los Inscripcion Cita ");
INSERT INTO tbl_bitacora_sistema VALUES("889","28","32","2022-07-30","Ingreso a la pantalla de mantenimiento de Inscripcion Cita ","Ver los registros de los Inscripcion Cita ");
INSERT INTO tbl_bitacora_sistema VALUES("890","28","54","2022-07-30","AUTENTICACIÓN FALLIDA","INTENTÓ DE INICIO DE SESIÓN FALLIDO");
INSERT INTO tbl_bitacora_sistema VALUES("891","28","54","2022-07-30","AUTENTICACIÓN CORRECTA","USUARIO INICIO SESIÓN CORRECTAMENTE");
INSERT INTO tbl_bitacora_sistema VALUES("892","28","32","2022-07-30","Ingreso a la pantalla de mantenimiento de Inscripcion Cita ","Ver los registros de los Inscripcion Cita ");
INSERT INTO tbl_bitacora_sistema VALUES("893","11","54","2022-07-30","AUTENTICACIÓN CORRECTA","USUARIO INICIO SESIÓN CORRECTAMENTE");
INSERT INTO tbl_bitacora_sistema VALUES("894","11","32","2022-07-30","Ingreso a la pantalla de mantenimiento de Inscripcion Cita ","Ver los registros de los Inscripcion Cita ");
INSERT INTO tbl_bitacora_sistema VALUES("895","11","32","2022-07-30","Ingreso a la pantalla de mantenimiento de Inscripcion Cita ","Ver los registros de los Inscripcion Cita ");
INSERT INTO tbl_bitacora_sistema VALUES("896","11","54","2022-07-30","CERRAR SESIÓN","USUARIO CERRÓ SESIÓN");
INSERT INTO tbl_bitacora_sistema VALUES("897","11","54","2022-07-30","AUTENTICACIÓN CORRECTA","USUARIO INICIO SESIÓN CORRECTAMENTE");
INSERT INTO tbl_bitacora_sistema VALUES("898","11","32","2022-07-30","Ingreso a la pantalla de mantenimiento de Inscripcion Cita ","Ver los registros de los Inscripcion Cita ");
INSERT INTO tbl_bitacora_sistema VALUES("899","11","54","2022-07-30","AUTENTICACIÓN FALLIDA","INTENTÓ DE INICIO DE SESIÓN FALLIDO");
INSERT INTO tbl_bitacora_sistema VALUES("900","11","54","2022-07-30","AUTENTICACIÓN CORRECTA","USUARIO INICIO SESIÓN CORRECTAMENTE");
INSERT INTO tbl_bitacora_sistema VALUES("901","11","54","2022-07-30","CERRAR SESIÓN","USUARIO CERRÓ SESIÓN");
INSERT INTO tbl_bitacora_sistema VALUES("902","11","54","2022-07-30","AUTENTICACIÓN CORRECTA","USUARIO INICIO SESIÓN CORRECTAMENTE");
INSERT INTO tbl_bitacora_sistema VALUES("903","11","54","2022-07-30","CERRAR SESIÓN","USUARIO CERRÓ SESIÓN");
INSERT INTO tbl_bitacora_sistema VALUES("904","1","54","2022-07-30","AUTENTICACIÓN CORRECTA","USUARIO INICIO SESIÓN CORRECTAMENTE");
INSERT INTO tbl_bitacora_sistema VALUES("905","1","54","2022-07-30","CERRAR SESIÓN","USUARIO CERRÓ SESIÓN");
INSERT INTO tbl_bitacora_sistema VALUES("906","11","54","2022-07-30","AUTENTICACIÓN CORRECTA","USUARIO INICIO SESIÓN CORRECTAMENTE");
INSERT INTO tbl_bitacora_sistema VALUES("907","11","32","2022-07-30","Ingreso a la pantalla de mantenimiento de Inscripcion Cita ","Ver los registros de los Inscripcion Cita ");
INSERT INTO tbl_bitacora_sistema VALUES("908","11","32","2022-07-30","Ingreso a la pantalla de mantenimiento de Inscripcion Cita ","Ver los registros de los Inscripcion Cita ");
INSERT INTO tbl_bitacora_sistema VALUES("909","11","32","2022-07-30","Ingreso a la pantalla de mantenimiento de Inscripcion Cita ","Ver los registros de los Inscripcion Cita ");
INSERT INTO tbl_bitacora_sistema VALUES("910","11","32","2022-07-30","Ingreso a la pantalla de mantenimiento de Inscripcion Cita ","Ver los registros de los Inscripcion Cita ");
INSERT INTO tbl_bitacora_sistema VALUES("911","11","32","2022-07-30","Ingreso a la pantalla de mantenimiento de Inscripcion Cita ","Ver los registros de los Inscripcion Cita ");
INSERT INTO tbl_bitacora_sistema VALUES("912","11","23","2022-07-30","Ingreso Matricula","Ingreso al proceso/registros de matricula ");
INSERT INTO tbl_bitacora_sistema VALUES("913","11","30","2022-07-30","REGISTRAR CONSULTA","SE REGISTRÓ UNA CONSULTA MEDICA AL PACIENTE CON CÓDIGO 10");
INSERT INTO tbl_bitacora_sistema VALUES("914","11","20","2022-07-30","Ingreso al proceso de Carga Academica","Usuario se autentifico ");
INSERT INTO tbl_bitacora_sistema VALUES("915","11","20","2022-07-30","Ingreso al proceso de Carga Academica","Usuario se autentifico ");
INSERT INTO tbl_bitacora_sistema VALUES("916","11","2","2022-07-30","Ingreso a la tabla de expediente medico","Usuario se autentifico ");
INSERT INTO tbl_bitacora_sistema VALUES("917","11","2","2022-07-30","Ingreso a la tabla de expediente medico","Usuario se autentifico ");
INSERT INTO tbl_bitacora_sistema VALUES("918","11","54","2022-07-30","CERRAR SESIÓN","USUARIO CERRÓ SESIÓN");
INSERT INTO tbl_bitacora_sistema VALUES("919","11","54","2022-07-30","AUTENTICACIÓN CORRECTA","USUARIO INICIO SESIÓN CORRECTAMENTE");
INSERT INTO tbl_bitacora_sistema VALUES("920","11","54","2022-07-30","CERRAR SESIÓN","USUARIO CERRÓ SESIÓN");
INSERT INTO tbl_bitacora_sistema VALUES("921","11","54","2022-07-30","AUTENTICACIÓN CORRECTA","USUARIO INICIO SESIÓN CORRECTAMENTE");
INSERT INTO tbl_bitacora_sistema VALUES("922","11","32","2022-07-30","Ingreso a la pantalla de mantenimiento de Inscripcion Cita ","Ver los registros de los Inscripcion Cita ");
INSERT INTO tbl_bitacora_sistema VALUES("923","11","32","2022-07-30","Ingreso a la pantalla de mantenimiento de Inscripcion Cita ","Ver los registros de los Inscripcion Cita ");
INSERT INTO tbl_bitacora_sistema VALUES("924","11","32","2022-07-30","Ingreso a la pantalla de mantenimiento de Inscripcion Cita ","Ver los registros de los Inscripcion Cita ");
INSERT INTO tbl_bitacora_sistema VALUES("925","11","32","2022-07-30","Ingreso a la pantalla de mantenimiento de Inscripcion Cita ","Ver los registros de los Inscripcion Cita ");
INSERT INTO tbl_bitacora_sistema VALUES("926","11","32","2022-07-30","Ingreso a la pantalla de mantenimiento de Inscripcion Cita ","Ver los registros de los Inscripcion Cita ");
INSERT INTO tbl_bitacora_sistema VALUES("927","11","23","2022-07-30","Ingreso Matricula","Ingreso al proceso/registros de matricula ");
INSERT INTO tbl_bitacora_sistema VALUES("928","11","30","2022-07-30","REGISTRAR CONSULTA","SE REGISTRÓ UNA CONSULTA MEDICA AL PACIENTE CON CÓDIGO 31");
INSERT INTO tbl_bitacora_sistema VALUES("929","11","20","2022-07-30","Ingreso al proceso de Carga Academica","Usuario se autentifico ");
INSERT INTO tbl_bitacora_sistema VALUES("930","11","20","2022-07-30","Ingreso al proceso de Carga Academica","Usuario se autentifico ");
INSERT INTO tbl_bitacora_sistema VALUES("931","11","20","2022-07-30","Ingreso al proceso de Carga Academica","Usuario se autentifico ");
INSERT INTO tbl_bitacora_sistema VALUES("932","11","20","2022-07-30","Ingreso al proceso de Carga Academica","Usuario se autentifico ");
INSERT INTO tbl_bitacora_sistema VALUES("933","11","2","2022-07-30","Ingreso a la tabla de expediente medico","Usuario se autentifico ");
INSERT INTO tbl_bitacora_sistema VALUES("934","11","54","2022-07-30","CERRAR SESIÓN","USUARIO CERRÓ SESIÓN");
INSERT INTO tbl_bitacora_sistema VALUES("935","6","13","2022-07-30","INGRESO A LA PANTALLA REGISTRO DE PERSONAS","USUARIO SE AUTENTIFICO");
INSERT INTO tbl_bitacora_sistema VALUES("936","6","13","2022-07-31","INGRESO A LA PANTALLA REGISTRO DE PERSONAS","USUARIO SE AUTENTIFICO");
INSERT INTO tbl_bitacora_sistema VALUES("937","6","13","2022-07-31","INGRESO A LA PANTALLA REGISTRO DE PERSONAS","USUARIO SE AUTENTIFICO");
INSERT INTO tbl_bitacora_sistema VALUES("938","6","13","2022-07-31","INGRESO A LA PANTALLA REGISTRO DE PERSONAS","USUARIO SE AUTENTIFICO");
INSERT INTO tbl_bitacora_sistema VALUES("939","1","54","2022-07-31","AUTENTICACIÓN CORRECTA","USUARIO INICIO SESIÓN CORRECTAMENTE");
INSERT INTO tbl_bitacora_sistema VALUES("940","6","32","2022-07-31","INGRESO A LA PANTALLA DE PROCESO CITAS","REGISTRA UNA CITA DE LAS DIFERENTES AREAS ");
INSERT INTO tbl_bitacora_sistema VALUES("941","1","54","2022-07-31","AUTENTICACIÓN CORRECTA","USUARIO INICIO SESIÓN CORRECTAMENTE");
INSERT INTO tbl_bitacora_sistema VALUES("942","1","32","2022-07-31","Ingreso a la pantalla de mantenimiento de Inscripcion Cita ","Ver los registros de los Inscripcion Cita ");
INSERT INTO tbl_bitacora_sistema VALUES("943","6","13","2022-07-31","INGRESO A LA PANTALLA REGISTRO DE PERSONAS","USUARIO SE AUTENTIFICO");
INSERT INTO tbl_bitacora_sistema VALUES("944","1","32","2022-08-01","Ingreso a la pantalla de mantenimiento de Inscripcion Cita ","Ver los registros de los Inscripcion Cita ");
INSERT INTO tbl_bitacora_sistema VALUES("945","1","32","2022-08-01","Ingreso a la pantalla de mantenimiento de Inscripcion Cita ","Ver los registros de los Inscripcion Cita ");
INSERT INTO tbl_bitacora_sistema VALUES("946","1","34","2022-08-01","INGRESO A MANTENIMIENTO EXPEDIENTE PSICOLOGICO UNICO","MANTENIMIENTO A LOS REGISTROS DE EXPEDIENTE");
INSERT INTO tbl_bitacora_sistema VALUES("947","6","32","2022-08-01","INGRESO A LA PANTALLA DE PROCESO CITAS","REGISTRA UNA CITA DE LAS DIFERENTES AREAS ");
INSERT INTO tbl_bitacora_sistema VALUES("948","6","13","2022-08-01","INGRESO A LA PANTALLA REGISTRO DE PERSONAS","USUARIO SE AUTENTIFICO");
INSERT INTO tbl_bitacora_sistema VALUES("949","6","2","2022-08-02","Ingreso a la tabla de roles","Usuario se autentifico ");
INSERT INTO tbl_bitacora_sistema VALUES("950","6","2","2022-08-02","Ingreso a la tabla de roles","Usuario se autentifico ");
INSERT INTO tbl_bitacora_sistema VALUES("951","6","13","2022-08-02","INGRESO A LA PANTALLA REGISTRO DE PERSONAS","USUARIO SE AUTENTIFICO");
INSERT INTO tbl_bitacora_sistema VALUES("952","6","54","2022-08-02","CERRAR SESIÓN","USUARIO CERRÓ SESIÓN");
INSERT INTO tbl_bitacora_sistema VALUES("953","1","54","2022-08-02","AUTENTICACIÓN CORRECTA","USUARIO INICIO SESIÓN CORRECTAMENTE");
INSERT INTO tbl_bitacora_sistema VALUES("954","1","13","2022-08-02","INGRESO A LA PANTALLA REGISTRO DE PERSONAS","USUARIO SE AUTENTIFICO");
INSERT INTO tbl_bitacora_sistema VALUES("955","1","13","2022-08-02","INGRESO A LA PANTALLA REGISTRO DE PERSONAS","USUARIO SE AUTENTIFICO");
INSERT INTO tbl_bitacora_sistema VALUES("956","1","13","2022-08-02","INGRESO A LA PANTALLA REGISTRO DE PERSONAS","USUARIO SE AUTENTIFICO");
INSERT INTO tbl_bitacora_sistema VALUES("957","1","2","2022-08-02","Ingreso a la tabla de roles","Usuario se autentifico ");
INSERT INTO tbl_bitacora_sistema VALUES("958","1","22","2022-08-02","INGRESO AL MANTENIMIENTO TUTORÍAS","USUARIO SE AUTENTIFICO");
INSERT INTO tbl_bitacora_sistema VALUES("959","1","13","2022-08-02","INGRESO A LA PANTALLA REGISTRO DE PERSONAS","USUARIO SE AUTENTIFICO");
INSERT INTO tbl_bitacora_sistema VALUES("960","1","2","2022-08-02","Ingreso a la tabla de roles","Usuario se autentifico ");
INSERT INTO tbl_bitacora_sistema VALUES("961","1","13","2022-08-02","INGRESO A LA PANTALLA REGISTRO DE PERSONAS","USUARIO SE AUTENTIFICO");
INSERT INTO tbl_bitacora_sistema VALUES("962","1","54","2022-08-02","AUTENTICACIÓN CORRECTA","USUARIO INICIO SESIÓN CORRECTAMENTE");
INSERT INTO tbl_bitacora_sistema VALUES("963","3","54","2022-08-02","AUTENTICACIÓN CORRECTA","USUARIO INICIO SESIÓN CORRECTAMENTE");
INSERT INTO tbl_bitacora_sistema VALUES("964","3","1","2022-08-02","Parametros Usuarios","Ver los parametros de los usuarios");
INSERT INTO tbl_bitacora_sistema VALUES("965","3","13","2022-08-02","INGRESO A LA PANTALLA REGISTRO DE PERSONAS","USUARIO SE AUTENTIFICO");
INSERT INTO tbl_bitacora_sistema VALUES("966","3","14","2022-08-02","MODIFICACIÓN","SE MODIFICO UN USUARIO");
INSERT INTO tbl_bitacora_sistema VALUES("967","3","22","2022-08-02","INGRESO AL MANTENIMIENTO TUTORÍAS","USUARIO SE AUTENTIFICO");
INSERT INTO tbl_bitacora_sistema VALUES("968","3","2","2022-08-02","Ingreso a la tabla de roles","Usuario se autentifico ");
INSERT INTO tbl_bitacora_sistema VALUES("969","3","2","2022-08-02","Ingreso a la tabla de roles","Usuario se autentifico ");
INSERT INTO tbl_bitacora_sistema VALUES("970","3","22","2022-08-02","INGRESO AL MANTENIMIENTO TUTORÍAS","USUARIO SE AUTENTIFICO");
INSERT INTO tbl_bitacora_sistema VALUES("971","1","54","2022-08-02","AUTENTICACIÓN CORRECTA","USUARIO INICIO SESIÓN CORRECTAMENTE");
INSERT INTO tbl_bitacora_sistema VALUES("972","1","2","2022-08-02","Ingreso a la tabla de roles","Usuario se autentifico ");
INSERT INTO tbl_bitacora_sistema VALUES("973","1","22","2022-08-02","INGRESO AL MANTENIMIENTO TUTORÍAS","USUARIO SE AUTENTIFICO");
INSERT INTO tbl_bitacora_sistema VALUES("974","3","13","2022-08-02","INGRESO A LA PANTALLA REGISTRO DE PERSONAS","USUARIO SE AUTENTIFICO");
INSERT INTO tbl_bitacora_sistema VALUES("975","3","13","2022-08-02","INGRESO A LA PANTALLA REGISTRO DE PERSONAS","USUARIO SE AUTENTIFICO");
INSERT INTO tbl_bitacora_sistema VALUES("976","1","13","2022-08-02","INGRESO A LA PANTALLA REGISTRO DE PERSONAS","USUARIO SE AUTENTIFICO");
INSERT INTO tbl_bitacora_sistema VALUES("977","1","22","2022-08-02","INSERCIÓN","SE REGISTRO UNA TUTORÍA");
INSERT INTO tbl_bitacora_sistema VALUES("978","1","22","2022-08-02","INGRESO AL MANTENIMIENTO TUTORÍAS","USUARIO SE AUTENTIFICO");
INSERT INTO tbl_bitacora_sistema VALUES("979","1","22","2022-08-02","INSERCIÓN","SE REGISTRO UNA TUTORÍA");
INSERT INTO tbl_bitacora_sistema VALUES("980","1","22","2022-08-02","INGRESO AL MANTENIMIENTO TUTORÍAS","USUARIO SE AUTENTIFICO");
INSERT INTO tbl_bitacora_sistema VALUES("981","7","54","2022-08-02","AUTENTICACIÓN CORRECTA","USUARIO INICIO SESIÓN CORRECTAMENTE");
INSERT INTO tbl_bitacora_sistema VALUES("982","1","22","2022-08-02","INGRESO AL MANTENIMIENTO TUTORÍAS","USUARIO SE AUTENTIFICO");
INSERT INTO tbl_bitacora_sistema VALUES("983","7","2","2022-08-02","Ingreso a la tabla de roles","Usuario se autentifico ");
INSERT INTO tbl_bitacora_sistema VALUES("984","3","13","2022-08-02","INSERCIÓN","SE REGISTRO AL USUARIO LUISMI COMO UN TUTOR");
INSERT INTO tbl_bitacora_sistema VALUES("985","3","54","2022-08-02","CERRAR SESIÓN","USUARIO CERRÓ SESIÓN");
INSERT INTO tbl_bitacora_sistema VALUES("986","31","1","2022-08-02","Ingreso de preguntas para recuperacion","Nuevo usuario registro las preguntas");
INSERT INTO tbl_bitacora_sistema VALUES("987","31","1","2022-08-02","Cambio de contraseña","Usuario nuevo, hizo el cambio de contraseña");
INSERT INTO tbl_bitacora_sistema VALUES("988","1","13","2022-08-02","INSERCIÓN","SE REGISTRO AL USUARIO VALERIA COMO UN TUTOR");
INSERT INTO tbl_bitacora_sistema VALUES("989","31","54","2022-08-02","AUTENTICACIÓN CORRECTA","USUARIO INICIO SESIÓN CORRECTAMENTE");
INSERT INTO tbl_bitacora_sistema VALUES("990","1","54","2022-08-02","CERRAR SESIÓN","USUARIO CERRÓ SESIÓN");
INSERT INTO tbl_bitacora_sistema VALUES("991","31","54","2022-08-02","CERRAR SESIÓN","USUARIO CERRÓ SESIÓN");
INSERT INTO tbl_bitacora_sistema VALUES("992","32","54","2022-08-02","AUTENTICACIÓN FALLIDA","INTENTÓ DE INICIO DE SESIÓN FALLIDO");
INSERT INTO tbl_bitacora_sistema VALUES("993","3","54","2022-08-02","AUTENTICACIÓN CORRECTA","USUARIO INICIO SESIÓN CORRECTAMENTE");
INSERT INTO tbl_bitacora_sistema VALUES("994","3","22","2022-08-02","INGRESO AL MANTENIMIENTO TUTORÍAS","USUARIO SE AUTENTIFICO");
INSERT INTO tbl_bitacora_sistema VALUES("995","32","1","2022-08-02","Ingreso de preguntas para recuperacion","Nuevo usuario registro las preguntas");
INSERT INTO tbl_bitacora_sistema VALUES("996","3","13","2022-08-02","INGRESO A LA PANTALLA REGISTRO DE PERSONAS","USUARIO SE AUTENTIFICO");
INSERT INTO tbl_bitacora_sistema VALUES("997","32","1","2022-08-02","Cambio de contraseña","Usuario nuevo, hizo el cambio de contraseña");
INSERT INTO tbl_bitacora_sistema VALUES("998","32","54","2022-08-02","AUTENTICACIÓN CORRECTA","USUARIO INICIO SESIÓN CORRECTAMENTE");
INSERT INTO tbl_bitacora_sistema VALUES("999","32","54","2022-08-02","CERRAR SESIÓN","USUARIO CERRÓ SESIÓN");
INSERT INTO tbl_bitacora_sistema VALUES("1000","1","54","2022-08-02","AUTENTICACIÓN CORRECTA","USUARIO INICIO SESIÓN CORRECTAMENTE");
INSERT INTO tbl_bitacora_sistema VALUES("1001","1","13","2022-08-02","INGRESO A LA PANTALLA REGISTRO DE PERSONAS","USUARIO SE AUTENTIFICO");
INSERT INTO tbl_bitacora_sistema VALUES("1002","7","2","2022-08-02","Ingreso a la tabla de roles","Usuario se autentifico ");
INSERT INTO tbl_bitacora_sistema VALUES("1003","7","54","2022-08-02","CERRAR SESIÓN","USUARIO CERRÓ SESIÓN");
INSERT INTO tbl_bitacora_sistema VALUES("1004","1","2","2022-08-02","Ingreso a la tabla de roles","Usuario se autentifico ");
INSERT INTO tbl_bitacora_sistema VALUES("1005","1","2","2022-08-02","Ingreso a la tabla de roles","Usuario se autentifico ");
INSERT INTO tbl_bitacora_sistema VALUES("1006","2","54","2022-08-02","AUTENTICACIÓN FALLIDA","INTENTÓ DE INICIO DE SESIÓN FALLIDO");
INSERT INTO tbl_bitacora_sistema VALUES("1007","2","54","2022-08-02","AUTENTICACIÓN CORRECTA","USUARIO INICIO SESIÓN CORRECTAMENTE");
INSERT INTO tbl_bitacora_sistema VALUES("1008","2","13","2022-08-02","INGRESO A LA PANTALLA REGISTRO DE PERSONAS","USUARIO SE AUTENTIFICO");
INSERT INTO tbl_bitacora_sistema VALUES("1009","3","13","2022-08-02","INGRESO A LA PANTALLA REGISTRO DE PERSONAS","USUARIO SE AUTENTIFICO");
INSERT INTO tbl_bitacora_sistema VALUES("1010","2","32","2022-08-02","INGRESO A LA PANTALLA DE PROCESO CITAS","REGISTRA UNA CITA DE LAS DIFERENTES AREAS ");
INSERT INTO tbl_bitacora_sistema VALUES("1011","1","13","2022-08-02","INGRESO A LA PANTALLA REGISTRO DE PERSONAS","USUARIO SE AUTENTIFICO");
INSERT INTO tbl_bitacora_sistema VALUES("1012","3","13","2022-08-02","INGRESO A LA PANTALLA REGISTRO DE PERSONAS","USUARIO SE AUTENTIFICO");
INSERT INTO tbl_bitacora_sistema VALUES("1013","7","54","2022-08-02","AUTENTICACIÓN CORRECTA","USUARIO INICIO SESIÓN CORRECTAMENTE");
INSERT INTO tbl_bitacora_sistema VALUES("1014","1","32","2022-08-02","INGRESO A LA PANTALLA DE PROCESO CITAS","REGISTRA UNA CITA DE LAS DIFERENTES AREAS ");
INSERT INTO tbl_bitacora_sistema VALUES("1015","1","32","2022-08-02","INSERCIÓN","SE REGISTRÓ UNA NUEVA CITA");
INSERT INTO tbl_bitacora_sistema VALUES("1016","1","54","2022-08-02","AUTENTICACIÓN CORRECTA","USUARIO INICIO SESIÓN CORRECTAMENTE");
INSERT INTO tbl_bitacora_sistema VALUES("1017","3","54","2022-08-02","CERRAR SESIÓN","USUARIO CERRÓ SESIÓN");
INSERT INTO tbl_bitacora_sistema VALUES("1018","1","32","2022-08-02","INGRESO A LA PANTALLA DE PROCESO CITAS","REGISTRA UNA CITA DE LAS DIFERENTES AREAS ");
INSERT INTO tbl_bitacora_sistema VALUES("1019","30","54","2022-08-02","AUTENTICACIÓN FALLIDA","INTENTÓ DE INICIO DE SESIÓN FALLIDO");
INSERT INTO tbl_bitacora_sistema VALUES("1020","1","32","2022-08-02","INGRESO A LA PANTALLA DE PROCESO CITAS","REGISTRA UNA CITA DE LAS DIFERENTES AREAS ");
INSERT INTO tbl_bitacora_sistema VALUES("1021","30","54","2022-08-02","AUTENTICACIÓN FALLIDA","INTENTÓ DE INICIO DE SESIÓN FALLIDO");
INSERT INTO tbl_bitacora_sistema VALUES("1022","1","13","2022-08-02","INGRESO A LA PANTALLA REGISTRO DE PERSONAS","USUARIO SE AUTENTIFICO");
INSERT INTO tbl_bitacora_sistema VALUES("1023","30","54","2022-08-02","AUTENTICACIÓN FALLIDA","INTENTÓ DE INICIO DE SESIÓN FALLIDO");
INSERT INTO tbl_bitacora_sistema VALUES("1024","3","54","2022-08-02","AUTENTICACIÓN CORRECTA","USUARIO INICIO SESIÓN CORRECTAMENTE");
INSERT INTO tbl_bitacora_sistema VALUES("1025","1","32","2022-08-02","INSERCIÓN","SE REGISTRÓ UNA NUEVA CITA");
INSERT INTO tbl_bitacora_sistema VALUES("1026","3","13","2022-08-02","INGRESO A LA PANTALLA REGISTRO DE PERSONAS","USUARIO SE AUTENTIFICO");
INSERT INTO tbl_bitacora_sistema VALUES("1027","1","54","2022-08-02","CERRAR SESIÓN","USUARIO CERRÓ SESIÓN");
INSERT INTO tbl_bitacora_sistema VALUES("1028","30","54","2022-08-02","AUTENTICACIÓN FALLIDA","EL USUARIO FUE BLOQUEADO POR INTENTOS DE INICIO DE SESIÓN FALLIDOS");
INSERT INTO tbl_bitacora_sistema VALUES("1029","1","54","2022-08-02","CERRAR SESIÓN","USUARIO CERRÓ SESIÓN");
INSERT INTO tbl_bitacora_sistema VALUES("1030","3","54","2022-08-02","CERRAR SESIÓN","USUARIO CERRÓ SESIÓN");
INSERT INTO tbl_bitacora_sistema VALUES("1031","1","54","2022-08-02","AUTENTICACIÓN CORRECTA","USUARIO INICIO SESIÓN CORRECTAMENTE");
INSERT INTO tbl_bitacora_sistema VALUES("1032","11","54","2022-08-02","AUTENTICACIÓN CORRECTA","USUARIO INICIO SESIÓN CORRECTAMENTE");
INSERT INTO tbl_bitacora_sistema VALUES("1033","0","54","2022-08-02","AUTENTICACIÓN FALLIDA","INTENTÓ DE INICIO DE SESIÓN FALLIDO");
INSERT INTO tbl_bitacora_sistema VALUES("1034","1","13","2022-08-02","INGRESO A LA PANTALLA REGISTRO DE PERSONAS","USUARIO SE AUTENTIFICO");
INSERT INTO tbl_bitacora_sistema VALUES("1035","21","54","2022-08-02","AUTENTICACIÓN CORRECTA","USUARIO INICIO SESIÓN CORRECTAMENTE");
INSERT INTO tbl_bitacora_sistema VALUES("1036","21","32","2022-08-02","Ingreso a la pantalla de mantenimiento de Inscripcion Cita ","Ver los registros de los Inscripcion Cita ");
INSERT INTO tbl_bitacora_sistema VALUES("1037","21","32","2022-08-02","Ingreso a la pantalla de mantenimiento de Inscripcion Cita ","Ver los registros de los Inscripcion Cita ");
INSERT INTO tbl_bitacora_sistema VALUES("1038","1","14","2022-08-02","MODIFICACIÓN","SE MODIFICO UN USUARIO");
INSERT INTO tbl_bitacora_sistema VALUES("1039","21","54","2022-08-02","CERRAR SESIÓN","USUARIO CERRÓ SESIÓN");
INSERT INTO tbl_bitacora_sistema VALUES("1040","3","54","2022-08-02","AUTENTICACIÓN FALLIDA","INTENTÓ DE INICIO DE SESIÓN FALLIDO");
INSERT INTO tbl_bitacora_sistema VALUES("1041","11","32","2022-08-02","Ingreso a la pantalla de mantenimiento de Inscripcion Cita ","Ver los registros de los Inscripcion Cita ");
INSERT INTO tbl_bitacora_sistema VALUES("1042","11","32","2022-08-02","Ingreso a la pantalla de mantenimiento de Inscripcion Cita ","Ver los registros de los Inscripcion Cita ");
INSERT INTO tbl_bitacora_sistema VALUES("1043","11","23","2022-08-02","Ingreso Matricula","Ingreso al proceso/registros de matricula ");
INSERT INTO tbl_bitacora_sistema VALUES("1044","1","54","2022-08-02","CERRAR SESIÓN","USUARIO CERRÓ SESIÓN");
INSERT INTO tbl_bitacora_sistema VALUES("1045","3","54","2022-08-02","AUTENTICACIÓN CORRECTA","USUARIO INICIO SESIÓN CORRECTAMENTE");
INSERT INTO tbl_bitacora_sistema VALUES("1046","30","54","2022-08-02","AUTENTICACIÓN FALLIDA","EL USUARIO FUE BLOQUEADO POR INTENTOS DE INICIO DE SESIÓN FALLIDOS");
INSERT INTO tbl_bitacora_sistema VALUES("1047","3","32","2022-08-02","INGRESO A LA PANTALLA DE PROCESO CITAS","REGISTRA UNA CITA DE LAS DIFERENTES AREAS ");
INSERT INTO tbl_bitacora_sistema VALUES("1048","1","54","2022-08-02","AUTENTICACIÓN CORRECTA","USUARIO INICIO SESIÓN CORRECTAMENTE");
INSERT INTO tbl_bitacora_sistema VALUES("1049","11","30","2022-08-02","REGISTRAR CONSULTA","SE REGISTRÓ UNA CONSULTA MEDICA AL PACIENTE CON CÓDIGO 31");
INSERT INTO tbl_bitacora_sistema VALUES("1050","3","0","2022-08-02","INSERCIÓN","SE REGISTRÓ UNA NUEVA CITA");
INSERT INTO tbl_bitacora_sistema VALUES("1051","1","32","2022-08-02","INGRESO A LA PANTALLA DE PROCESO CITAS","REGISTRA UNA CITA DE LAS DIFERENTES AREAS ");
INSERT INTO tbl_bitacora_sistema VALUES("1052","3","54","2022-08-02","CERRAR SESIÓN","USUARIO CERRÓ SESIÓN");
INSERT INTO tbl_bitacora_sistema VALUES("1053","1","32","2022-08-02","INSERCIÓN","SE REGISTRÓ UNA NUEVA CITA");
INSERT INTO tbl_bitacora_sistema VALUES("1054","21","54","2022-08-02","AUTENTICACIÓN CORRECTA","USUARIO INICIO SESIÓN CORRECTAMENTE");
INSERT INTO tbl_bitacora_sistema VALUES("1055","1","13","2022-08-02","INGRESO A LA PANTALLA REGISTRO DE PERSONAS","USUARIO SE AUTENTIFICO");
INSERT INTO tbl_bitacora_sistema VALUES("1056","1","13","2022-08-02","INGRESO A LA PANTALLA REGISTRO DE PERSONAS","USUARIO SE AUTENTIFICO");
INSERT INTO tbl_bitacora_sistema VALUES("1057","1","54","2022-08-02","CERRAR SESIÓN","USUARIO CERRÓ SESIÓN");
INSERT INTO tbl_bitacora_sistema VALUES("1058","15","54","2022-08-02","AUTENTICACIÓN CORRECTA","USUARIO INICIO SESIÓN CORRECTAMENTE");
INSERT INTO tbl_bitacora_sistema VALUES("1059","21","32","2022-08-02","Ingreso a la pantalla de mantenimiento de Inscripcion Cita ","Ver los registros de los Inscripcion Cita ");
INSERT INTO tbl_bitacora_sistema VALUES("1060","15","32","2022-08-02","Ingreso a la pantalla de mantenimiento de Inscripcion Cita ","Ver los registros de los Inscripcion Cita ");
INSERT INTO tbl_bitacora_sistema VALUES("1061","21","32","2022-08-02","Ingreso a la pantalla de mantenimiento de Inscripcion Cita ","Ver los registros de los Inscripcion Cita ");
INSERT INTO tbl_bitacora_sistema VALUES("1062","15","54","2022-08-02","CERRAR SESIÓN","USUARIO CERRÓ SESIÓN");
INSERT INTO tbl_bitacora_sistema VALUES("1063","1","54","2022-08-02","AUTENTICACIÓN CORRECTA","USUARIO INICIO SESIÓN CORRECTAMENTE");
INSERT INTO tbl_bitacora_sistema VALUES("1064","21","31","2022-08-02","REGISTRAR","SE REGISTRO EL EXPEDIENTE PSICOLÓGICO A LA PERSONA CON CODIGO30");
INSERT INTO tbl_bitacora_sistema VALUES("1065","1","32","2022-08-02","INGRESO A LA PANTALLA DE PROCESO CITAS","REGISTRA UNA CITA DE LAS DIFERENTES AREAS ");
INSERT INTO tbl_bitacora_sistema VALUES("1066","21","32","2022-08-02","Ingreso a la pantalla de mantenimiento de Inscripcion Cita ","Ver los registros de los Inscripcion Cita ");
INSERT INTO tbl_bitacora_sistema VALUES("1067","1","32","2022-08-02","INSERCIÓN","SE REGISTRÓ UNA NUEVA CITA");
INSERT INTO tbl_bitacora_sistema VALUES("1068","1","54","2022-08-02","CERRAR SESIÓN","USUARIO CERRÓ SESIÓN");
INSERT INTO tbl_bitacora_sistema VALUES("1069","15","54","2022-08-02","AUTENTICACIÓN CORRECTA","USUARIO INICIO SESIÓN CORRECTAMENTE");
INSERT INTO tbl_bitacora_sistema VALUES("1070","21","31","2022-08-02","REGISTRAR","SE REGISTRO UNA CONSULTA PSICOLÓGICA ");
INSERT INTO tbl_bitacora_sistema VALUES("1071","21","2","2022-08-02","Ingreso a la tabla de roles","Usuario se autentifico ");
INSERT INTO tbl_bitacora_sistema VALUES("1072","15","32","2022-08-02","Ingreso a la pantalla de mantenimiento de Inscripcion Cita ","Ver los registros de los Inscripcion Cita ");
INSERT INTO tbl_bitacora_sistema VALUES("1073","15","32","2022-08-02","Ingreso a la pantalla de mantenimiento de Inscripcion Cita ","Ver los registros de los Inscripcion Cita ");
INSERT INTO tbl_bitacora_sistema VALUES("1074","15","23","2022-08-02","Ingreso Matricula","Ingreso al proceso/registros de matricula ");
INSERT INTO tbl_bitacora_sistema VALUES("1075","21","31","2022-08-02","REGISTRAR","SE REGISTRO UN PLAN TERAPÉUTICO ");
INSERT INTO tbl_bitacora_sistema VALUES("1076","21","2","2022-08-02","Ingreso a la tabla de roles","Usuario se autentifico ");
INSERT INTO tbl_bitacora_sistema VALUES("1077","11","2","2022-08-02","Ingreso a la tabla de expediente medico","Usuario se autentifico ");
INSERT INTO tbl_bitacora_sistema VALUES("1078","15","30","2022-08-02","REGISTRAR CONSULTA","SE REGISTRÓ UNA CONSULTA MEDICA AL PACIENTE CON CÓDIGO 30");
INSERT INTO tbl_bitacora_sistema VALUES("1079","11","54","2022-08-02","CERRAR SESIÓN","USUARIO CERRÓ SESIÓN");
INSERT INTO tbl_bitacora_sistema VALUES("1080","21","54","2022-08-02","CERRAR SESIÓN","USUARIO CERRÓ SESIÓN");
INSERT INTO tbl_bitacora_sistema VALUES("1081","3","54","2022-08-02","AUTENTICACIÓN CORRECTA","USUARIO INICIO SESIÓN CORRECTAMENTE");
INSERT INTO tbl_bitacora_sistema VALUES("1082","1","54","2022-08-02","AUTENTICACIÓN CORRECTA","USUARIO INICIO SESIÓN CORRECTAMENTE");
INSERT INTO tbl_bitacora_sistema VALUES("1083","15","2","2022-08-02","Ingreso a la tabla de expediente medico","Usuario se autentifico ");
INSERT INTO tbl_bitacora_sistema VALUES("1084","15","32","2022-08-02","Ingreso a la pantalla de mantenimiento de Inscripcion Cita ","Ver los registros de los Inscripcion Cita ");
INSERT INTO tbl_bitacora_sistema VALUES("1085","1","32","2022-08-02","INGRESO A LA PANTALLA DE PROCESO CITAS","REGISTRA UNA CITA DE LAS DIFERENTES AREAS ");
INSERT INTO tbl_bitacora_sistema VALUES("1086","15","32","2022-08-02","Ingreso a la pantalla de mantenimiento de Inscripcion Cita ","Ver los registros de los Inscripcion Cita ");
INSERT INTO tbl_bitacora_sistema VALUES("1087","7","54","2022-08-02","CERRAR SESIÓN","USUARIO CERRÓ SESIÓN");
INSERT INTO tbl_bitacora_sistema VALUES("1088","1","54","2022-08-02","CERRAR SESIÓN","USUARIO CERRÓ SESIÓN");
INSERT INTO tbl_bitacora_sistema VALUES("1089","11","54","2022-08-02","AUTENTICACIÓN CORRECTA","USUARIO INICIO SESIÓN CORRECTAMENTE");
INSERT INTO tbl_bitacora_sistema VALUES("1090","11","32","2022-08-02","Ingreso a la pantalla de mantenimiento de Inscripcion Cita ","Ver los registros de los Inscripcion Cita ");
INSERT INTO tbl_bitacora_sistema VALUES("1091","3","32","2022-08-02","INGRESO A LA PANTALLA DE PROCESO CITAS","REGISTRA UNA CITA DE LAS DIFERENTES AREAS ");
INSERT INTO tbl_bitacora_sistema VALUES("1092","15","32","2022-08-02","Ingreso a la pantalla de mantenimiento de Inscripcion Cita ","Ver los registros de los Inscripcion Cita ");
INSERT INTO tbl_bitacora_sistema VALUES("1093","15","32","2022-08-02","Ingreso a la pantalla de mantenimiento de Inscripcion Cita ","Ver los registros de los Inscripcion Cita ");
INSERT INTO tbl_bitacora_sistema VALUES("1094","15","23","2022-08-02","Ingreso Matricula","Ingreso al proceso/registros de matricula ");
INSERT INTO tbl_bitacora_sistema VALUES("1095","3","0","2022-08-02","INSERCIÓN","SE REGISTRÓ UNA NUEVA CITA");
INSERT INTO tbl_bitacora_sistema VALUES("1096","3","54","2022-08-02","CERRAR SESIÓN","USUARIO CERRÓ SESIÓN");
INSERT INTO tbl_bitacora_sistema VALUES("1097","15","30","2022-08-02","REGISTRAR CONSULTA","SE REGISTRÓ UNA CONSULTA MEDICA AL PACIENTE CON CÓDIGO 31");
INSERT INTO tbl_bitacora_sistema VALUES("1098","21","54","2022-08-02","AUTENTICACIÓN CORRECTA","USUARIO INICIO SESIÓN CORRECTAMENTE");
INSERT INTO tbl_bitacora_sistema VALUES("1099","21","32","2022-08-02","Ingreso a la pantalla de mantenimiento de Inscripcion Cita ","Ver los registros de los Inscripcion Cita ");
INSERT INTO tbl_bitacora_sistema VALUES("1100","21","32","2022-08-02","Ingreso a la pantalla de mantenimiento de Inscripcion Cita ","Ver los registros de los Inscripcion Cita ");
INSERT INTO tbl_bitacora_sistema VALUES("1101","2","32","2022-08-02","INGRESO A LA PANTALLA DE PROCESO CITAS","REGISTRA UNA CITA DE LAS DIFERENTES AREAS ");
INSERT INTO tbl_bitacora_sistema VALUES("1102","21","32","2022-08-02","Ingreso a la pantalla de mantenimiento de Inscripcion Cita ","Ver los registros de los Inscripcion Cita ");
INSERT INTO tbl_bitacora_sistema VALUES("1103","15","2","2022-08-02","Ingreso a la tabla de expediente medico","Usuario se autentifico ");
INSERT INTO tbl_bitacora_sistema VALUES("1104","2","32","2022-08-02","INGRESO A LA PANTALLA DE PROCESO CITAS","REGISTRA UNA CITA DE LAS DIFERENTES AREAS ");
INSERT INTO tbl_bitacora_sistema VALUES("1105","21","31","2022-08-02","REGISTRAR","SE REGISTRO EL EXPEDIENTE PSICOLÓGICO A LA PERSONA CON CODIGO24");
INSERT INTO tbl_bitacora_sistema VALUES("1106","21","32","2022-08-02","Ingreso a la pantalla de mantenimiento de Inscripcion Cita ","Ver los registros de los Inscripcion Cita ");
INSERT INTO tbl_bitacora_sistema VALUES("1107","2","0","2022-08-02","INSERCIÓN","SE REGISTRÓ UNA NUEVA CITA");
INSERT INTO tbl_bitacora_sistema VALUES("1108","2","32","2022-08-02","INGRESO A LA PANTALLA DE PROCESO CITAS","REGISTRA UNA CITA DE LAS DIFERENTES AREAS ");
INSERT INTO tbl_bitacora_sistema VALUES("1109","15","32","2022-08-02","Ingreso a la pantalla de mantenimiento de Inscripcion Cita ","Ver los registros de los Inscripcion Cita ");
INSERT INTO tbl_bitacora_sistema VALUES("1110","15","54","2022-08-02","CERRAR SESIÓN","USUARIO CERRÓ SESIÓN");
INSERT INTO tbl_bitacora_sistema VALUES("1111","2","0","2022-08-02","INSERCIÓN","SE REGISTRÓ UNA NUEVA CITA");
INSERT INTO tbl_bitacora_sistema VALUES("1112","1","54","2022-08-02","AUTENTICACIÓN CORRECTA","USUARIO INICIO SESIÓN CORRECTAMENTE");
INSERT INTO tbl_bitacora_sistema VALUES("1113","21","31","2022-08-02","REGISTRAR","SE REGISTRO UNA CONSULTA PSICOLÓGICA ");
INSERT INTO tbl_bitacora_sistema VALUES("1114","21","2","2022-08-02","Ingreso a la tabla de roles","Usuario se autentifico ");
INSERT INTO tbl_bitacora_sistema VALUES("1115","2","54","2022-08-02","CERRAR SESIÓN","USUARIO CERRÓ SESIÓN");
INSERT INTO tbl_bitacora_sistema VALUES("1116","17","54","2022-08-02","AUTENTICACIÓN CORRECTA","USUARIO INICIO SESIÓN CORRECTAMENTE");
INSERT INTO tbl_bitacora_sistema VALUES("1117","17","32","2022-08-02","Ingreso a la pantalla de mantenimiento de Inscripcion Cita ","Ver los registros de los Inscripcion Cita ");
INSERT INTO tbl_bitacora_sistema VALUES("1118","17","32","2022-08-02","Ingreso a la pantalla de mantenimiento de Inscripcion Cita ","Ver los registros de los Inscripcion Cita ");
INSERT INTO tbl_bitacora_sistema VALUES("1119","17","32","2022-08-02","Ingreso a la pantalla de mantenimiento de Inscripcion Cita ","Ver los registros de los Inscripcion Cita ");
INSERT INTO tbl_bitacora_sistema VALUES("1120","17","32","2022-08-02","Ingreso a la pantalla de mantenimiento de Inscripcion Cita ","Ver los registros de los Inscripcion Cita ");
INSERT INTO tbl_bitacora_sistema VALUES("1121","21","31","2022-08-02","REGISTRAR","SE REGISTRO UN PLAN TERAPÉUTICO ");
INSERT INTO tbl_bitacora_sistema VALUES("1122","21","2","2022-08-02","Ingreso a la tabla de roles","Usuario se autentifico ");
INSERT INTO tbl_bitacora_sistema VALUES("1123","17","31","2022-08-02","REGISTRAR","SE REGISTRO UNA CONSULTA PSICOLÓGICA ");
INSERT INTO tbl_bitacora_sistema VALUES("1124","17","2","2022-08-02","Ingreso a la tabla de roles","Usuario se autentifico ");
INSERT INTO tbl_bitacora_sistema VALUES("1125","17","32","2022-08-02","Ingreso a la pantalla de mantenimiento de Inscripcion Cita ","Ver los registros de los Inscripcion Cita ");
INSERT INTO tbl_bitacora_sistema VALUES("1126","17","54","2022-08-02","CERRAR SESIÓN","USUARIO CERRÓ SESIÓN");
INSERT INTO tbl_bitacora_sistema VALUES("1127","2","54","2022-08-02","AUTENTICACIÓN FALLIDA","INTENTÓ DE INICIO DE SESIÓN FALLIDO");
INSERT INTO tbl_bitacora_sistema VALUES("1128","2","54","2022-08-02","AUTENTICACIÓN CORRECTA","USUARIO INICIO SESIÓN CORRECTAMENTE");
INSERT INTO tbl_bitacora_sistema VALUES("1129","2","32","2022-08-02","INGRESO A LA PANTALLA DE PROCESO CITAS","REGISTRA UNA CITA DE LAS DIFERENTES AREAS ");
INSERT INTO tbl_bitacora_sistema VALUES("1130","2","0","2022-08-02","INSERCIÓN","SE REGISTRÓ UNA NUEVA CITA");
INSERT INTO tbl_bitacora_sistema VALUES("1131","1","54","2022-08-02","CERRAR SESIÓN","USUARIO CERRÓ SESIÓN");
INSERT INTO tbl_bitacora_sistema VALUES("1132","2","32","2022-08-02","INGRESO A LA PANTALLA DE PROCESO CITAS","REGISTRA UNA CITA DE LAS DIFERENTES AREAS ");
INSERT INTO tbl_bitacora_sistema VALUES("1133","1","54","2022-08-02","AUTENTICACIÓN CORRECTA","USUARIO INICIO SESIÓN CORRECTAMENTE");
INSERT INTO tbl_bitacora_sistema VALUES("1134","1","54","2022-08-02","CERRAR SESIÓN","USUARIO CERRÓ SESIÓN");
INSERT INTO tbl_bitacora_sistema VALUES("1135","2","0","2022-08-02","INSERCIÓN","SE REGISTRÓ UNA NUEVA CITA");
INSERT INTO tbl_bitacora_sistema VALUES("1136","15","54","2022-08-02","AUTENTICACIÓN CORRECTA","USUARIO INICIO SESIÓN CORRECTAMENTE");
INSERT INTO tbl_bitacora_sistema VALUES("1137","15","32","2022-08-02","Ingreso a la pantalla de mantenimiento de Inscripcion Cita ","Ver los registros de los Inscripcion Cita ");
INSERT INTO tbl_bitacora_sistema VALUES("1138","2","32","2022-08-02","INGRESO A LA PANTALLA DE PROCESO CITAS","REGISTRA UNA CITA DE LAS DIFERENTES AREAS ");
INSERT INTO tbl_bitacora_sistema VALUES("1139","2","0","2022-08-02","INSERCIÓN","SE REGISTRÓ UNA NUEVA CITA");
INSERT INTO tbl_bitacora_sistema VALUES("1140","2","54","2022-08-02","CERRAR SESIÓN","USUARIO CERRÓ SESIÓN");
INSERT INTO tbl_bitacora_sistema VALUES("1141","17","54","2022-08-02","AUTENTICACIÓN CORRECTA","USUARIO INICIO SESIÓN CORRECTAMENTE");
INSERT INTO tbl_bitacora_sistema VALUES("1142","17","32","2022-08-02","Ingreso a la pantalla de mantenimiento de Inscripcion Cita ","Ver los registros de los Inscripcion Cita ");
INSERT INTO tbl_bitacora_sistema VALUES("1143","17","32","2022-08-02","Ingreso a la pantalla de mantenimiento de Inscripcion Cita ","Ver los registros de los Inscripcion Cita ");
INSERT INTO tbl_bitacora_sistema VALUES("1144","17","32","2022-08-02","Ingreso a la pantalla de mantenimiento de Inscripcion Cita ","Ver los registros de los Inscripcion Cita ");
INSERT INTO tbl_bitacora_sistema VALUES("1145","1","54","2022-08-02","CERRAR SESIÓN","USUARIO CERRÓ SESIÓN");
INSERT INTO tbl_bitacora_sistema VALUES("1146","17","31","2022-08-02","REGISTRAR","SE REGISTRO UNA CONSULTA PSICOLÓGICA ");
INSERT INTO tbl_bitacora_sistema VALUES("1147","17","2","2022-08-02","Ingreso a la tabla de roles","Usuario se autentifico ");
INSERT INTO tbl_bitacora_sistema VALUES("1148","10","54","2022-08-02","AUTENTICACIÓN CORRECTA","USUARIO INICIO SESIÓN CORRECTAMENTE");
INSERT INTO tbl_bitacora_sistema VALUES("1149","17","32","2022-08-02","Ingreso a la pantalla de mantenimiento de Inscripcion Cita ","Ver los registros de los Inscripcion Cita ");
INSERT INTO tbl_bitacora_sistema VALUES("1150","17","32","2022-08-02","Ingreso a la pantalla de mantenimiento de Inscripcion Cita ","Ver los registros de los Inscripcion Cita ");
INSERT INTO tbl_bitacora_sistema VALUES("1151","17","31","2022-08-02","REGISTRAR","SE REGISTRO EL EXPEDIENTE PSICOLÓGICO A LA PERSONA CON CODIGO27");
INSERT INTO tbl_bitacora_sistema VALUES("1152","17","32","2022-08-02","Ingreso a la pantalla de mantenimiento de Inscripcion Cita ","Ver los registros de los Inscripcion Cita ");
INSERT INTO tbl_bitacora_sistema VALUES("1153","17","31","2022-08-02","REGISTRAR","SE REGISTRO UNA CONSULTA PSICOLÓGICA ");
INSERT INTO tbl_bitacora_sistema VALUES("1154","17","2","2022-08-02","Ingreso a la tabla de roles","Usuario se autentifico ");
INSERT INTO tbl_bitacora_sistema VALUES("1155","15","54","2022-08-02","CERRAR SESIÓN","USUARIO CERRÓ SESIÓN");
INSERT INTO tbl_bitacora_sistema VALUES("1156","1","54","2022-08-02","AUTENTICACIÓN CORRECTA","USUARIO INICIO SESIÓN CORRECTAMENTE");
INSERT INTO tbl_bitacora_sistema VALUES("1157","1","13","2022-08-02","INGRESO A LA PANTALLA REGISTRO DE PERSONAS","USUARIO SE AUTENTIFICO");
INSERT INTO tbl_bitacora_sistema VALUES("1158","21","54","2022-08-02","CERRAR SESIÓN","USUARIO CERRÓ SESIÓN");
INSERT INTO tbl_bitacora_sistema VALUES("1159","1","54","2022-08-02","CERRAR SESIÓN","USUARIO CERRÓ SESIÓN");
INSERT INTO tbl_bitacora_sistema VALUES("1160","17","31","2022-08-02","REGISTRAR","SE REGISTRO UN PLAN TERAPÉUTICO ");
INSERT INTO tbl_bitacora_sistema VALUES("1161","17","2","2022-08-02","Ingreso a la tabla de roles","Usuario se autentifico ");
INSERT INTO tbl_bitacora_sistema VALUES("1162","21","54","2022-08-02","AUTENTICACIÓN CORRECTA","USUARIO INICIO SESIÓN CORRECTAMENTE");
INSERT INTO tbl_bitacora_sistema VALUES("1163","17","32","2022-08-02","Ingreso a la pantalla de mantenimiento de Inscripcion Cita ","Ver los registros de los Inscripcion Cita ");
INSERT INTO tbl_bitacora_sistema VALUES("1164","17","32","2022-08-02","Ingreso a la pantalla de mantenimiento de Inscripcion Cita ","Ver los registros de los Inscripcion Cita ");
INSERT INTO tbl_bitacora_sistema VALUES("1165","21","34","2022-08-02","INGRESO A MANTENIMIENTO EXPEDIENTE PSICOLOGICO UNICO","MANTENIMIENTO A LOS REGISTROS DE EXPEDIENTE");
INSERT INTO tbl_bitacora_sistema VALUES("1166","21","32","2022-08-02","Ingreso a la pantalla de mantenimiento de Inscripcion Cita ","Ver los registros de los Inscripcion Cita ");
INSERT INTO tbl_bitacora_sistema VALUES("1167","17","31","2022-08-02","REGISTRAR","SE REGISTRO EL EXPEDIENTE PSICOLÓGICO A LA PERSONA CON CODIGO9");
INSERT INTO tbl_bitacora_sistema VALUES("1168","17","32","2022-08-02","Ingreso a la pantalla de mantenimiento de Inscripcion Cita ","Ver los registros de los Inscripcion Cita ");
INSERT INTO tbl_bitacora_sistema VALUES("1169","17","31","2022-08-02","REGISTRAR","SE REGISTRO UNA CONSULTA PSICOLÓGICA ");
INSERT INTO tbl_bitacora_sistema VALUES("1170","17","2","2022-08-02","Ingreso a la tabla de roles","Usuario se autentifico ");
INSERT INTO tbl_bitacora_sistema VALUES("1171","17","32","2022-08-02","Ingreso a la pantalla de mantenimiento de Inscripcion Cita ","Ver los registros de los Inscripcion Cita ");
INSERT INTO tbl_bitacora_sistema VALUES("1172","3","54","2022-08-02","AUTENTICACIÓN CORRECTA","USUARIO INICIO SESIÓN CORRECTAMENTE");
INSERT INTO tbl_bitacora_sistema VALUES("1173","10","54","2022-08-02","CERRAR SESIÓN","USUARIO CERRÓ SESIÓN");
INSERT INTO tbl_bitacora_sistema VALUES("1174","0","54","2022-08-02","AUTENTICACIÓN FALLIDA","INTENTÓ DE INICIO DE SESIÓN FALLIDO");
INSERT INTO tbl_bitacora_sistema VALUES("1175","0","54","2022-08-02","AUTENTICACIÓN FALLIDA","INTENTÓ DE INICIO DE SESIÓN FALLIDO");
INSERT INTO tbl_bitacora_sistema VALUES("1176","17","54","2022-08-02","CERRAR SESIÓN","USUARIO CERRÓ SESIÓN");
INSERT INTO tbl_bitacora_sistema VALUES("1177","6","54","2022-08-02","AUTENTICACIÓN CORRECTA","USUARIO INICIO SESIÓN CORRECTAMENTE");
INSERT INTO tbl_bitacora_sistema VALUES("1178","2","54","2022-08-02","AUTENTICACIÓN CORRECTA","USUARIO INICIO SESIÓN CORRECTAMENTE");
INSERT INTO tbl_bitacora_sistema VALUES("1179","6","2","2022-08-02","Ingreso a la tabla de roles","Usuario se autentifico ");
INSERT INTO tbl_bitacora_sistema VALUES("1180","2","2","2022-08-02","Ingreso a la tabla de roles","Usuario se autentifico ");
INSERT INTO tbl_bitacora_sistema VALUES("1181","2","2","2022-08-02","Ingreso a la tabla de roles","Usuario se autentifico ");
INSERT INTO tbl_bitacora_sistema VALUES("1182","6","2","2022-08-02","Ingreso a la tabla de roles","Usuario se autentifico ");
INSERT INTO tbl_bitacora_sistema VALUES("1183","2","2","2022-08-02","Ingreso a la tabla de roles","Usuario se autentifico ");
INSERT INTO tbl_bitacora_sistema VALUES("1184","2","2","2022-08-02","Ingreso a la tabla de roles","Usuario se autentifico ");
INSERT INTO tbl_bitacora_sistema VALUES("1185","6","2","2022-08-02","Ingreso a la tabla de roles","Usuario se autentifico ");
INSERT INTO tbl_bitacora_sistema VALUES("1186","2","2","2022-08-02","Ingreso a la tabla de roles","Usuario se autentifico ");
INSERT INTO tbl_bitacora_sistema VALUES("1187","1","54","2022-08-02","AUTENTICACIÓN CORRECTA","USUARIO INICIO SESIÓN CORRECTAMENTE");
INSERT INTO tbl_bitacora_sistema VALUES("1188","6","2","2022-08-02","Ingreso a la tabla de roles","Usuario se autentifico ");
INSERT INTO tbl_bitacora_sistema VALUES("1189","1","32","2022-08-02","INGRESO A LA PANTALLA DE PROCESO CITAS","REGISTRA UNA CITA DE LAS DIFERENTES AREAS ");
INSERT INTO tbl_bitacora_sistema VALUES("1190","6","2","2022-08-02","Ingreso a la tabla de roles","Usuario se autentifico ");
INSERT INTO tbl_bitacora_sistema VALUES("1191","1","32","2022-08-02","INSERCIÓN","SE REGISTRÓ UNA NUEVA CITA");
INSERT INTO tbl_bitacora_sistema VALUES("1192","1","54","2022-08-02","CERRAR SESIÓN","USUARIO CERRÓ SESIÓN");
INSERT INTO tbl_bitacora_sistema VALUES("1193","11","54","2022-08-02","AUTENTICACIÓN CORRECTA","USUARIO INICIO SESIÓN CORRECTAMENTE");
INSERT INTO tbl_bitacora_sistema VALUES("1194","6","2","2022-08-02","Ingreso a la tabla de roles","Usuario se autentifico ");
INSERT INTO tbl_bitacora_sistema VALUES("1195","6","2","2022-08-02","Ingreso a la tabla de roles","Usuario se autentifico ");
INSERT INTO tbl_bitacora_sistema VALUES("1196","11","32","2022-08-02","Ingreso a la pantalla de mantenimiento de Inscripcion Cita ","Ver los registros de los Inscripcion Cita ");
INSERT INTO tbl_bitacora_sistema VALUES("1197","11","32","2022-08-02","Ingreso a la pantalla de mantenimiento de Inscripcion Cita ","Ver los registros de los Inscripcion Cita ");
INSERT INTO tbl_bitacora_sistema VALUES("1198","11","30","2022-08-02","REGISTAR EXPEDIENTE","SE REGISTRÓ EL EXPEDIENTE MEDICO DEL PACIENTE CON CÓDIGO 29");
INSERT INTO tbl_bitacora_sistema VALUES("1199","11","23","2022-08-02","Ingreso Matricula","Ingreso al proceso/registros de matricula ");
INSERT INTO tbl_bitacora_sistema VALUES("1200","11","30","2022-08-02","REGISTRAR CONSULTA","SE REGISTRÓ UNA CONSULTA MEDICA AL PACIENTE CON CÓDIGO 29");
INSERT INTO tbl_bitacora_sistema VALUES("1201","2","13","2022-08-02","INGRESO A LA PANTALLA REGISTRO DE PERSONAS","USUARIO SE AUTENTIFICO");
INSERT INTO tbl_bitacora_sistema VALUES("1202","2","54","2022-08-02","CERRAR SESIÓN","USUARIO CERRÓ SESIÓN");
INSERT INTO tbl_bitacora_sistema VALUES("1203","11","54","2022-08-02","AUTENTICACIÓN CORRECTA","USUARIO INICIO SESIÓN CORRECTAMENTE");
INSERT INTO tbl_bitacora_sistema VALUES("1204","11","35","2022-08-02","INSERCIÓN","SEREGISTRÓ UN MEDICAMENTO");
INSERT INTO tbl_bitacora_sistema VALUES("1205","11","32","2022-08-02","INSERCIÓN","SE REGISTRÓ UNA NUEVA CITA");
INSERT INTO tbl_bitacora_sistema VALUES("1206","11","35","2022-08-02","ELIMINACIÓN","SE ELIMINÓ UN MEDICAMENTO ");
INSERT INTO tbl_bitacora_sistema VALUES("1207","11","54","2022-08-02","CERRAR SESIÓN","USUARIO CERRÓ SESIÓN");
INSERT INTO tbl_bitacora_sistema VALUES("1208","2","54","2022-08-02","AUTENTICACIÓN CORRECTA","USUARIO INICIO SESIÓN CORRECTAMENTE");
INSERT INTO tbl_bitacora_sistema VALUES("1209","2","54","2022-08-02","CERRAR SESIÓN","USUARIO CERRÓ SESIÓN");
INSERT INTO tbl_bitacora_sistema VALUES("1210","11","54","2022-08-02","AUTENTICACIÓN CORRECTA","USUARIO INICIO SESIÓN CORRECTAMENTE");
INSERT INTO tbl_bitacora_sistema VALUES("1211","11","32","2022-08-02","Ingreso a la pantalla de mantenimiento de Inscripcion Cita ","Ver los registros de los Inscripcion Cita ");
INSERT INTO tbl_bitacora_sistema VALUES("1212","11","32","2022-08-02","Ingreso a la pantalla de mantenimiento de Inscripcion Cita ","Ver los registros de los Inscripcion Cita ");
INSERT INTO tbl_bitacora_sistema VALUES("1213","11","23","2022-08-02","Ingreso Matricula","Ingreso al proceso/registros de matricula ");
INSERT INTO tbl_bitacora_sistema VALUES("1214","11","30","2022-08-02","REGISTRAR CONSULTA","SE REGISTRÓ UNA CONSULTA MEDICA AL PACIENTE CON CÓDIGO 10");
INSERT INTO tbl_bitacora_sistema VALUES("1215","11","2","2022-08-02","Ingreso a la tabla de expediente medico","Usuario se autentifico ");
INSERT INTO tbl_bitacora_sistema VALUES("1216","11","2","2022-08-02","Ingreso a la tabla de expediente medico","Usuario se autentifico ");
INSERT INTO tbl_bitacora_sistema VALUES("1217","1","54","2022-08-02","AUTENTICACIÓN CORRECTA","USUARIO INICIO SESIÓN CORRECTAMENTE");
INSERT INTO tbl_bitacora_sistema VALUES("1218","1","32","2022-08-02","INGRESO A LA PANTALLA DE PROCESO CITAS","REGISTRA UNA CITA DE LAS DIFERENTES AREAS ");
INSERT INTO tbl_bitacora_sistema VALUES("1219","1","32","2022-08-02","INSERCIÓN","SE REGISTRÓ UNA NUEVA CITA");
INSERT INTO tbl_bitacora_sistema VALUES("1220","11","32","2022-08-02","Ingreso a la pantalla de mantenimiento de Inscripcion Cita ","Ver los registros de los Inscripcion Cita ");
INSERT INTO tbl_bitacora_sistema VALUES("1221","11","32","2022-08-02","Ingreso a la pantalla de mantenimiento de Inscripcion Cita ","Ver los registros de los Inscripcion Cita ");
INSERT INTO tbl_bitacora_sistema VALUES("1222","11","23","2022-08-02","Ingreso Matricula","Ingreso al proceso/registros de matricula ");
INSERT INTO tbl_bitacora_sistema VALUES("1223","11","30","2022-08-02","REGISTRAR CONSULTA","SE REGISTRÓ UNA CONSULTA MEDICA AL PACIENTE CON CÓDIGO 9");
INSERT INTO tbl_bitacora_sistema VALUES("1224","11","2","2022-08-02","Ingreso a la tabla de expediente medico","Usuario se autentifico ");
INSERT INTO tbl_bitacora_sistema VALUES("1225","11","54","2022-08-02","CERRAR SESIÓN","USUARIO CERRÓ SESIÓN");
INSERT INTO tbl_bitacora_sistema VALUES("1226","0","54","2022-08-04","CERRAR SESIÓN","USUARIO CERRÓ SESIÓN");
INSERT INTO tbl_bitacora_sistema VALUES("1227","6","54","2022-08-04","AUTENTICACIÓN CORRECTA","USUARIO INICIO SESIÓN CORRECTAMENTE");
INSERT INTO tbl_bitacora_sistema VALUES("1228","6","2","2022-08-04","Ingreso a la tabla de roles","Usuario se autentifico ");
INSERT INTO tbl_bitacora_sistema VALUES("1229","6","23","2022-08-04","ELIMINACIÓN","SE ELIMINÓ LA TUTORÍA 6 AL ESTUDIANTE 1");
INSERT INTO tbl_bitacora_sistema VALUES("1230","6","23","2022-08-04","INSERCIÓN","SE MATRICULÓ LA TUTORÍA 6 AL ESTUDIANTE 1");
INSERT INTO tbl_bitacora_sistema VALUES("1231","6","23","2022-08-04","INGRESO A MATRÍCULA","AGREGA UNA MATRÍCULA ESPIRITUAL");
INSERT INTO tbl_bitacora_sistema VALUES("1232","6","23","2022-08-04","INGRESO A MATRÍCULA","AGREGA UNA MATRÍCULA ESPIRITUAL");
INSERT INTO tbl_bitacora_sistema VALUES("1233","6","23","2022-08-04","INSERCIÓN","SE MATRICULÓ LA TUTORÍA 3 AL ESTUDIANTE 1");
INSERT INTO tbl_bitacora_sistema VALUES("1234","6","23","2022-08-04","INGRESO A MATRÍCULA","AGREGA UNA MATRÍCULA ESPIRITUAL");
INSERT INTO tbl_bitacora_sistema VALUES("1235","6","20","2022-08-05","Ingreso al proceso de Carga Academica","Usuario se autentifico ");
INSERT INTO tbl_bitacora_sistema VALUES("1236","6","32","2022-08-05","INGRESO A LA PANTALLA MANTENIMIENTO DE CITAS GENERALES ","MANTENIMIENTO REGISTRO DE CITAS GENERALES");
INSERT INTO tbl_bitacora_sistema VALUES("1237","6","32","2022-08-05","INGRESO A LA PANTALLA DE PROCESO CITAS","REGISTRA UNA CITA DE LAS DIFERENTES AREAS ");
INSERT INTO tbl_bitacora_sistema VALUES("1238","6","14","2022-08-05","MODIFICACIÓN","SE MODIFICO UN USUARIO");
INSERT INTO tbl_bitacora_sistema VALUES("1239","6","14","2022-08-05","MODIFICACIÓN","SE MODIFICO UN USUARIO");
INSERT INTO tbl_bitacora_sistema VALUES("1240","6","54","2022-08-05","CERRAR SESIÓN","USUARIO CERRÓ SESIÓN");
INSERT INTO tbl_bitacora_sistema VALUES("1241","6","54","2022-08-05","AUTENTICACIÓN CORRECTA","USUARIO INICIO SESIÓN CORRECTAMENTE");
INSERT INTO tbl_bitacora_sistema VALUES("1242","6","2","2022-08-08","Ingreso a la tabla de roles","Usuario se autentifico ");
INSERT INTO tbl_bitacora_sistema VALUES("1243","6","2","2022-08-08","Ingreso a la tabla de roles","Usuario se autentifico ");
INSERT INTO tbl_bitacora_sistema VALUES("1244","6","2","2022-08-08","Ingreso a la tabla de roles","Usuario se autentifico ");
INSERT INTO tbl_bitacora_sistema VALUES("1245","6","2","2022-08-08","Ingreso a la tabla de roles","Usuario se autentifico ");
INSERT INTO tbl_bitacora_sistema VALUES("1246","6","2","2022-08-08","Ingreso a la tabla de roles","Usuario se autentifico ");
INSERT INTO tbl_bitacora_sistema VALUES("1247","6","2","2022-08-08","Ingreso a la tabla de roles","Usuario se autentifico ");
INSERT INTO tbl_bitacora_sistema VALUES("1248","6","2","2022-08-08","Ingreso a la tabla de roles","Usuario se autentifico ");
INSERT INTO tbl_bitacora_sistema VALUES("1249","6","2","2022-08-08","Ingreso a la tabla de roles","Usuario se autentifico ");
INSERT INTO tbl_bitacora_sistema VALUES("1250","6","2","2022-08-08","Ingreso a la tabla de roles","Usuario se autentifico ");
INSERT INTO tbl_bitacora_sistema VALUES("1251","6","2","2022-08-08","Ingreso a la tabla de roles","Usuario se autentifico ");
INSERT INTO tbl_bitacora_sistema VALUES("1252","6","2","2022-08-08","Ingreso a la tabla de roles","Usuario se autentifico ");
INSERT INTO tbl_bitacora_sistema VALUES("1253","6","2","2022-08-08","Ingreso a la tabla de roles","Usuario se autentifico ");
INSERT INTO tbl_bitacora_sistema VALUES("1254","6","13","2022-08-08","INGRESO A LA PANTALLA REGISTRO DE PERSONAS","USUARIO SE AUTENTIFICO");
INSERT INTO tbl_bitacora_sistema VALUES("1255","6","54","2022-08-08","CERRAR SESIÓN","USUARIO CERRÓ SESIÓN");
INSERT INTO tbl_bitacora_sistema VALUES("1256","0","54","2022-08-08","AUTENTICACIÓN FALLIDA","INTENTÓ DE INICIO DE SESIÓN FALLIDO");
INSERT INTO tbl_bitacora_sistema VALUES("1257","6","54","2022-08-08","AUTENTICACIÓN FALLIDA","INTENTÓ DE INICIO DE SESIÓN FALLIDO");
INSERT INTO tbl_bitacora_sistema VALUES("1258","5","54","2022-08-08","AUTENTICACIÓN FALLIDA","INTENTÓ DE INICIO DE SESIÓN FALLIDO");
INSERT INTO tbl_bitacora_sistema VALUES("1259","1","54","2022-08-10","AUTENTICACIÓN CORRECTA","USUARIO INICIO SESIÓN CORRECTAMENTE");
INSERT INTO tbl_bitacora_sistema VALUES("1260","1","13","2022-08-10","INGRESO A LA PANTALLA REGISTRO DE PERSONAS","USUARIO SE AUTENTIFICO");
INSERT INTO tbl_bitacora_sistema VALUES("1261","1","54","2022-08-10","CERRAR SESIÓN","USUARIO CERRÓ SESIÓN");
INSERT INTO tbl_bitacora_sistema VALUES("1262","6","54","2022-08-10","AUTENTICACIÓN CORRECTA","USUARIO INICIO SESIÓN CORRECTAMENTE");
INSERT INTO tbl_bitacora_sistema VALUES("1263","6","1","2022-08-10","Ingreso a la pantalla de mantenimiento usuarios","Ver los registros de los usuarios");
INSERT INTO tbl_bitacora_sistema VALUES("1264","6","3","2022-08-10","Ingreso a la pantalla de mantenimiento parámetros","Aqui se visualiza los registros existentes de la tabla parámetros");
INSERT INTO tbl_bitacora_sistema VALUES("1265","6","3","2022-08-10","Editar parámetro","Se editó el registro de un parámetro ya existente");
INSERT INTO tbl_bitacora_sistema VALUES("1266","6","3","2022-08-10","Ingreso a la pantalla de mantenimiento parámetros","Aqui se visualiza los registros existentes de la tabla parámetros");
INSERT INTO tbl_bitacora_sistema VALUES("1267","6","3","2022-08-10","Ingreso a la pantalla de mantenimiento parámetros","Aqui se visualiza los registros existentes de la tabla parámetros");
INSERT INTO tbl_bitacora_sistema VALUES("1268","6","1","2022-08-10","Ingreso a la pantalla de mantenimiento usuarios","Ver los registros de los usuarios");
INSERT INTO tbl_bitacora_sistema VALUES("1269","6","1","2022-08-10","Usuario ingreso a modificar preguntas","Usuario modifico las preguntas");
INSERT INTO tbl_bitacora_sistema VALUES("1270","6","1","2022-08-10","Ingreso a la pantalla de mantenimiento usuarios","Ver los registros de los usuarios");
INSERT INTO tbl_bitacora_sistema VALUES("1271","6","1","2022-08-10","Ingreso a la pantalla de mantenimiento usuarios","Ver los registros de los usuarios");
INSERT INTO tbl_bitacora_sistema VALUES("1272","6","1","2022-08-10","Ingreso a la pantalla de mantenimiento usuarios","Ver los registros de los usuarios");
INSERT INTO tbl_bitacora_sistema VALUES("1273","6","1","2022-08-10","Usuario ingreso a modificar preguntas","Usuario modifico las preguntas");
INSERT INTO tbl_bitacora_sistema VALUES("1274","6","1","2022-08-10","Ingreso a la pantalla de mantenimiento usuarios","Ver los registros de los usuarios");
INSERT INTO tbl_bitacora_sistema VALUES("1275","6","1","2022-08-10","Ingreso a la pantalla de mantenimiento usuarios","Ver los registros de los usuarios");
INSERT INTO tbl_bitacora_sistema VALUES("1276","6","1","2022-08-10","Ingreso a la pantalla de mantenimiento usuarios","Ver los registros de los usuarios");
INSERT INTO tbl_bitacora_sistema VALUES("1277","6","1","2022-08-10","Ingreso a la pantalla de mantenimiento usuarios","Ver los registros de los usuarios");
INSERT INTO tbl_bitacora_sistema VALUES("1278","6","1","2022-08-10","Ingreso a la pantalla de mantenimiento usuarios","Ver los registros de los usuarios");
INSERT INTO tbl_bitacora_sistema VALUES("1279","6","1","2022-08-10","Ingreso a la pantalla de mantenimiento usuarios","Ver los registros de los usuarios");
INSERT INTO tbl_bitacora_sistema VALUES("1280","6","13","2022-08-10","INGRESO A LA PANTALLA REGISTRO DE PERSONAS","USUARIO SE AUTENTIFICO");
INSERT INTO tbl_bitacora_sistema VALUES("1281","6","13","2022-08-10","INGRESO A LA PANTALLA REGISTRO DE PERSONAS","USUARIO SE AUTENTIFICO");
INSERT INTO tbl_bitacora_sistema VALUES("1282","6","17","2022-08-10","INGRESO A LA PANTALLA MANTENIMIENTO TIPO SOCIOECONÓMICO","SE AUTENTIFICO");
INSERT INTO tbl_bitacora_sistema VALUES("1283","6","2","2022-08-10","Ingreso a la tabla de roles","Usuario se autentifico ");
INSERT INTO tbl_bitacora_sistema VALUES("1284","6","48","2022-08-10","INSERCIÓN","SE REGISTRÓ UNA NUEVA CITA");
INSERT INTO tbl_bitacora_sistema VALUES("1285","6","48","2022-08-10","INSERCIÓN","SE REGISTRÓ UNA NUEVA CITA");
INSERT INTO tbl_bitacora_sistema VALUES("1286","6","13","2022-08-10","INGRESO A LA PANTALLA REGISTRO DE PERSONAS","USUARIO SE AUTENTIFICO");
INSERT INTO tbl_bitacora_sistema VALUES("1287","6","12","2022-08-10","Ingreso a mantenimiento preguntas","Pregunta realizadas al usuario para cambio de contraseña");
INSERT INTO tbl_bitacora_sistema VALUES("1288","6","19","2022-08-10","Ingreso a mantenimiento especialidad","mantenimiento especialidad");
INSERT INTO tbl_bitacora_sistema VALUES("1289","6","1","2022-08-10","Ingreso a la pantalla de mantenimiento usuarios","Ver los registros de los usuarios");
INSERT INTO tbl_bitacora_sistema VALUES("1290","6","54","2022-08-10","CERRAR SESIÓN","USUARIO CERRÓ SESIÓN");
INSERT INTO tbl_bitacora_sistema VALUES("1291","6","54","2022-08-10","SOLICITAR RECUPERACIÓN DE CONTRASEÑA","EL USUARIO SOLICITÓ RECUPERAR LA CONTRASEÑA POR PREGUNTAS DE SEGURIDAD");
INSERT INTO tbl_bitacora_sistema VALUES("1292","6","54","2022-08-10","AUTENTICACIÓN CORRECTA","USUARIO INICIO SESIÓN CORRECTAMENTE");
INSERT INTO tbl_bitacora_sistema VALUES("1293","6","13","2022-08-10","INGRESO A LA PANTALLA REGISTRO DE PERSONAS","USUARIO SE AUTENTIFICO");
INSERT INTO tbl_bitacora_sistema VALUES("1294","6","13","2022-08-10","INGRESO A LA PANTALLA REGISTRO DE PERSONAS","USUARIO SE AUTENTIFICO");
INSERT INTO tbl_bitacora_sistema VALUES("1295","6","13","2022-08-10","INGRESO A LA PANTALLA REGISTRO DE PERSONAS","USUARIO SE AUTENTIFICO");
INSERT INTO tbl_bitacora_sistema VALUES("1296","6","13","2022-08-10","INGRESO A LA PANTALLA REGISTRO DE PERSONAS","USUARIO SE AUTENTIFICO");
INSERT INTO tbl_bitacora_sistema VALUES("1297","6","13","2022-08-10","INGRESO A LA PANTALLA REGISTRO DE PERSONAS","USUARIO SE AUTENTIFICO");
INSERT INTO tbl_bitacora_sistema VALUES("1298","6","26","2022-08-10","INSERTAR","SE REGISTRO EL PARENTESCO DEL CODIGO 1 DE ESTUDIANTE CON EL CODIGÓ 3 DE FAMILIAR ");
INSERT INTO tbl_bitacora_sistema VALUES("1299","6","13","2022-08-10","INGRESO A LA PANTALLA REGISTRO DE PERSONAS","USUARIO SE AUTENTIFICO");
INSERT INTO tbl_bitacora_sistema VALUES("1300","6","26","2022-08-10","INSERTAR","SE REGISTRO EL PARENTESCO DEL CODIGO 1 DE ESTUDIANTE CON EL CODIGÓ 4 DE FAMILIAR ");
INSERT INTO tbl_bitacora_sistema VALUES("1301","6","48","2022-08-10","INSERCIÓN","SE REGISTRÓ UNA NUEVA CITA");
INSERT INTO tbl_bitacora_sistema VALUES("1302","6","2","2022-08-10","Ingreso a la tabla de roles","Usuario se autentifico ");
INSERT INTO tbl_bitacora_sistema VALUES("1303","6","13","2022-08-11","INGRESO A LA PANTALLA REGISTRO DE PERSONAS","USUARIO SE AUTENTIFICO");
INSERT INTO tbl_bitacora_sistema VALUES("1304","6","1","2022-08-11","Parametros Usuarios","Ver los parametros de los usuarios");
INSERT INTO tbl_bitacora_sistema VALUES("1305","6","1","2022-08-11","Parametros Usuarios","Ver los parametros de los usuarios");
INSERT INTO tbl_bitacora_sistema VALUES("1306","6","1","2022-08-11","Parametros Usuarios","Ver los parametros de los usuarios");
INSERT INTO tbl_bitacora_sistema VALUES("1307","6","13","2022-08-11","INGRESO A LA PANTALLA REGISTRO DE PERSONAS","USUARIO SE AUTENTIFICO");
INSERT INTO tbl_bitacora_sistema VALUES("1308","6","1","2022-08-11","Parametros Usuarios","Ver los parametros de los usuarios");
INSERT INTO tbl_bitacora_sistema VALUES("1309","6","13","2022-08-11","INGRESO A LA PANTALLA REGISTRO DE PERSONAS","USUARIO SE AUTENTIFICO");
INSERT INTO tbl_bitacora_sistema VALUES("1310","6","14","2022-08-11","MODIFICACIÓN","SE MODIFICO UN USUARIO");
INSERT INTO tbl_bitacora_sistema VALUES("1311","6","1","2022-08-11","Parametros Usuarios","Ver los parametros de los usuarios");
INSERT INTO tbl_bitacora_sistema VALUES("1312","6","1","2022-08-11","Parametros Usuarios","Ver los parametros de los usuarios");
INSERT INTO tbl_bitacora_sistema VALUES("1313","6","1","2022-08-11","Parametros Usuarios","Ver los parametros de los usuarios");
INSERT INTO tbl_bitacora_sistema VALUES("1314","6","1","2022-08-11","Parametros Usuarios","Ver los parametros de los usuarios");
INSERT INTO tbl_bitacora_sistema VALUES("1315","6","1","2022-08-11","Parametros Usuarios","Ver los parametros de los usuarios");
INSERT INTO tbl_bitacora_sistema VALUES("1316","6","13","2022-08-11","INGRESO A LA PANTALLA REGISTRO DE PERSONAS","USUARIO SE AUTENTIFICO");
INSERT INTO tbl_bitacora_sistema VALUES("1317","6","14","2022-08-11","MODIFICACIÓN","SE MODIFICO UN USUARIO");
INSERT INTO tbl_bitacora_sistema VALUES("1318","6","1","2022-08-11","Parametros Usuarios","Ver los parametros de los usuarios");
INSERT INTO tbl_bitacora_sistema VALUES("1319","6","13","2022-08-11","INGRESO A LA PANTALLA REGISTRO DE PERSONAS","USUARIO SE AUTENTIFICO");
INSERT INTO tbl_bitacora_sistema VALUES("1320","6","14","2022-08-11","MODIFICACIÓN","SE MODIFICO UN USUARIO");
INSERT INTO tbl_bitacora_sistema VALUES("1321","6","1","2022-08-11","Parametros Usuarios","Ver los parametros de los usuarios");
INSERT INTO tbl_bitacora_sistema VALUES("1322","6","13","2022-08-11","INGRESO A LA PANTALLA REGISTRO DE PERSONAS","USUARIO SE AUTENTIFICO");
INSERT INTO tbl_bitacora_sistema VALUES("1323","6","14","2022-08-11","MODIFICACIÓN","SE MODIFICO UN USUARIO");
INSERT INTO tbl_bitacora_sistema VALUES("1324","6","1","2022-08-11","Parametros Usuarios","Ver los parametros de los usuarios");
INSERT INTO tbl_bitacora_sistema VALUES("1325","6","9","2022-08-11","MODIFICACION","SE MODIFICO CONTADOR");
INSERT INTO tbl_bitacora_sistema VALUES("1326","6","1","2022-08-11","Parametros Usuarios","Ver los parametros de los usuarios");
INSERT INTO tbl_bitacora_sistema VALUES("1327","6","1","2022-08-11","Parametros Usuarios","Ver los parametros de los usuarios");
INSERT INTO tbl_bitacora_sistema VALUES("1328","6","13","2022-08-11","INGRESO A LA PANTALLA REGISTRO DE PERSONAS","USUARIO SE AUTENTIFICO");
INSERT INTO tbl_bitacora_sistema VALUES("1329","6","14","2022-08-11","MODIFICACIÓN","SE MODIFICO UN USUARIO");
INSERT INTO tbl_bitacora_sistema VALUES("1330","6","1","2022-08-11","Parametros Usuarios","Ver los parametros de los usuarios");
INSERT INTO tbl_bitacora_sistema VALUES("1331","6","9","2022-08-11","MODIFICACION","SE MODIFICO CONTADOR");
INSERT INTO tbl_bitacora_sistema VALUES("1332","6","1","2022-08-11","Parametros Usuarios","Ver los parametros de los usuarios");
INSERT INTO tbl_bitacora_sistema VALUES("1333","6","1","2022-08-11","Parametros Usuarios","Ver los parametros de los usuarios");
INSERT INTO tbl_bitacora_sistema VALUES("1334","6","1","2022-08-11","Parametros Usuarios","Ver los parametros de los usuarios");
INSERT INTO tbl_bitacora_sistema VALUES("1335","6","13","2022-08-11","INGRESO A LA PANTALLA REGISTRO DE PERSONAS","USUARIO SE AUTENTIFICO");
INSERT INTO tbl_bitacora_sistema VALUES("1336","6","14","2022-08-11","MODIFICACIÓN","SE MODIFICO UN USUARIO");
INSERT INTO tbl_bitacora_sistema VALUES("1337","6","1","2022-08-11","Parametros Usuarios","Ver los parametros de los usuarios");
INSERT INTO tbl_bitacora_sistema VALUES("1338","6","13","2022-08-11","INGRESO A LA PANTALLA REGISTRO DE PERSONAS","USUARIO SE AUTENTIFICO");
INSERT INTO tbl_bitacora_sistema VALUES("1339","6","14","2022-08-11","MODIFICACIÓN","SE MODIFICO UN USUARIO");
INSERT INTO tbl_bitacora_sistema VALUES("1340","6","1","2022-08-11","Parametros Usuarios","Ver los parametros de los usuarios");
INSERT INTO tbl_bitacora_sistema VALUES("1341","6","13","2022-08-11","INGRESO A LA PANTALLA REGISTRO DE PERSONAS","USUARIO SE AUTENTIFICO");
INSERT INTO tbl_bitacora_sistema VALUES("1342","6","14","2022-08-11","MODIFICACIÓN","SE MODIFICO UN USUARIO");
INSERT INTO tbl_bitacora_sistema VALUES("1343","6","1","2022-08-11","Parametros Usuarios","Ver los parametros de los usuarios");
INSERT INTO tbl_bitacora_sistema VALUES("1344","6","9","2022-08-11","MODIFICACION","SE MODIFICO CONTADOR");
INSERT INTO tbl_bitacora_sistema VALUES("1345","6","1","2022-08-11","Parametros Usuarios","Ver los parametros de los usuarios");
INSERT INTO tbl_bitacora_sistema VALUES("1346","6","1","2022-08-11","Parametros Usuarios","Ver los parametros de los usuarios");
INSERT INTO tbl_bitacora_sistema VALUES("1347","6","13","2022-08-11","INGRESO A LA PANTALLA REGISTRO DE PERSONAS","USUARIO SE AUTENTIFICO");
INSERT INTO tbl_bitacora_sistema VALUES("1348","6","14","2022-08-11","MODIFICACIÓN","SE MODIFICO UN USUARIO");
INSERT INTO tbl_bitacora_sistema VALUES("1349","6","1","2022-08-11","Parametros Usuarios","Ver los parametros de los usuarios");
INSERT INTO tbl_bitacora_sistema VALUES("1350","6","9","2022-08-11","MODIFICACION","SE MODIFICO CONTADOR");
INSERT INTO tbl_bitacora_sistema VALUES("1351","6","1","2022-08-11","Parametros Usuarios","Ver los parametros de los usuarios");
INSERT INTO tbl_bitacora_sistema VALUES("1352","6","1","2022-08-11","Parametros Usuarios","Ver los parametros de los usuarios");
INSERT INTO tbl_bitacora_sistema VALUES("1353","6","13","2022-08-11","INGRESO A LA PANTALLA REGISTRO DE PERSONAS","USUARIO SE AUTENTIFICO");
INSERT INTO tbl_bitacora_sistema VALUES("1354","6","14","2022-08-11","MODIFICACIÓN","SE MODIFICO UN USUARIO");
INSERT INTO tbl_bitacora_sistema VALUES("1355","6","1","2022-08-11","Parametros Usuarios","Ver los parametros de los usuarios");
INSERT INTO tbl_bitacora_sistema VALUES("1356","6","13","2022-08-11","INGRESO A LA PANTALLA REGISTRO DE PERSONAS","USUARIO SE AUTENTIFICO");
INSERT INTO tbl_bitacora_sistema VALUES("1357","6","14","2022-08-11","MODIFICACIÓN","SE MODIFICO UN USUARIO");
INSERT INTO tbl_bitacora_sistema VALUES("1358","6","1","2022-08-11","Parametros Usuarios","Ver los parametros de los usuarios");
INSERT INTO tbl_bitacora_sistema VALUES("1359","6","9","2022-08-11","MODIFICACION","SE MODIFICO CONTADOR");
INSERT INTO tbl_bitacora_sistema VALUES("1360","6","1","2022-08-11","Parametros Usuarios","Ver los parametros de los usuarios");
INSERT INTO tbl_bitacora_sistema VALUES("1361","6","1","2022-08-11","Parametros Usuarios","Ver los parametros de los usuarios");
INSERT INTO tbl_bitacora_sistema VALUES("1362","6","1","2022-08-11","Parametros Usuarios","Ver los parametros de los usuarios");
INSERT INTO tbl_bitacora_sistema VALUES("1363","6","13","2022-08-11","INGRESO A LA PANTALLA REGISTRO DE PERSONAS","USUARIO SE AUTENTIFICO");
INSERT INTO tbl_bitacora_sistema VALUES("1364","6","14","2022-08-11","MODIFICACIÓN","SE MODIFICO UN USUARIO");
INSERT INTO tbl_bitacora_sistema VALUES("1365","6","1","2022-08-11","Parametros Usuarios","Ver los parametros de los usuarios");
INSERT INTO tbl_bitacora_sistema VALUES("1366","6","9","2022-08-11","MODIFICACION","SE MODIFICO CONTADOR");
INSERT INTO tbl_bitacora_sistema VALUES("1367","6","1","2022-08-11","Parametros Usuarios","Ver los parametros de los usuarios");
INSERT INTO tbl_bitacora_sistema VALUES("1368","6","1","2022-08-11","Parametros Usuarios","Ver los parametros de los usuarios");
INSERT INTO tbl_bitacora_sistema VALUES("1369","6","1","2022-08-11","Parametros Usuarios","Ver los parametros de los usuarios");
INSERT INTO tbl_bitacora_sistema VALUES("1370","6","13","2022-08-11","INGRESO A LA PANTALLA REGISTRO DE PERSONAS","USUARIO SE AUTENTIFICO");
INSERT INTO tbl_bitacora_sistema VALUES("1371","6","14","2022-08-11","MODIFICACIÓN","SE MODIFICO UN USUARIO");
INSERT INTO tbl_bitacora_sistema VALUES("1372","6","1","2022-08-11","Parametros Usuarios","Ver los parametros de los usuarios");
INSERT INTO tbl_bitacora_sistema VALUES("1373","6","1","2022-08-11","Parametros Usuarios","Ver los parametros de los usuarios");
INSERT INTO tbl_bitacora_sistema VALUES("1374","6","1","2022-08-11","Parametros Usuarios","Ver los parametros de los usuarios");
INSERT INTO tbl_bitacora_sistema VALUES("1375","6","13","2022-08-11","INGRESO A LA PANTALLA REGISTRO DE PERSONAS","USUARIO SE AUTENTIFICO");
INSERT INTO tbl_bitacora_sistema VALUES("1376","6","14","2022-08-11","MODIFICACIÓN","SE MODIFICO UN USUARIO");
INSERT INTO tbl_bitacora_sistema VALUES("1377","6","1","2022-08-11","Parametros Usuarios","Ver los parametros de los usuarios");
INSERT INTO tbl_bitacora_sistema VALUES("1378","6","13","2022-08-11","INGRESO A LA PANTALLA REGISTRO DE PERSONAS","USUARIO SE AUTENTIFICO");
INSERT INTO tbl_bitacora_sistema VALUES("1379","6","14","2022-08-11","MODIFICACIÓN","SE MODIFICO UN USUARIO");
INSERT INTO tbl_bitacora_sistema VALUES("1380","6","1","2022-08-11","Parametros Usuarios","Ver los parametros de los usuarios");
INSERT INTO tbl_bitacora_sistema VALUES("1381","6","13","2022-08-11","INGRESO A LA PANTALLA REGISTRO DE PERSONAS","USUARIO SE AUTENTIFICO");
INSERT INTO tbl_bitacora_sistema VALUES("1382","6","1","2022-08-11","Parametros Usuarios","Ver los parametros de los usuarios");
INSERT INTO tbl_bitacora_sistema VALUES("1383","6","13","2022-08-11","INGRESO A LA PANTALLA REGISTRO DE PERSONAS","USUARIO SE AUTENTIFICO");
INSERT INTO tbl_bitacora_sistema VALUES("1384","6","14","2022-08-11","MODIFICACIÓN","SE MODIFICO UN USUARIO");
INSERT INTO tbl_bitacora_sistema VALUES("1385","6","1","2022-08-11","Parametros Usuarios","Ver los parametros de los usuarios");
INSERT INTO tbl_bitacora_sistema VALUES("1386","6","13","2022-08-11","INGRESO A LA PANTALLA REGISTRO DE PERSONAS","USUARIO SE AUTENTIFICO");
INSERT INTO tbl_bitacora_sistema VALUES("1387","6","14","2022-08-11","MODIFICACIÓN","SE MODIFICO UN USUARIO");
INSERT INTO tbl_bitacora_sistema VALUES("1388","6","1","2022-08-11","Parametros Usuarios","Ver los parametros de los usuarios");
INSERT INTO tbl_bitacora_sistema VALUES("1389","6","13","2022-08-11","INGRESO A LA PANTALLA REGISTRO DE PERSONAS","USUARIO SE AUTENTIFICO");
INSERT INTO tbl_bitacora_sistema VALUES("1390","6","1","2022-08-11","Parametros Usuarios","Ver los parametros de los usuarios");
INSERT INTO tbl_bitacora_sistema VALUES("1391","6","9","2022-08-11","MODIFICACION","SE MODIFICO CONTADOR");
INSERT INTO tbl_bitacora_sistema VALUES("1392","6","1","2022-08-11","Parametros Usuarios","Ver los parametros de los usuarios");
INSERT INTO tbl_bitacora_sistema VALUES("1393","6","1","2022-08-11","Parametros Usuarios","Ver los parametros de los usuarios");
INSERT INTO tbl_bitacora_sistema VALUES("1394","6","13","2022-08-11","INGRESO A LA PANTALLA REGISTRO DE PERSONAS","USUARIO SE AUTENTIFICO");
INSERT INTO tbl_bitacora_sistema VALUES("1395","6","14","2022-08-11","MODIFICACIÓN","SE MODIFICO UN USUARIO");
INSERT INTO tbl_bitacora_sistema VALUES("1396","6","1","2022-08-11","Parametros Usuarios","Ver los parametros de los usuarios");
INSERT INTO tbl_bitacora_sistema VALUES("1397","6","13","2022-08-11","INGRESO A LA PANTALLA REGISTRO DE PERSONAS","USUARIO SE AUTENTIFICO");
INSERT INTO tbl_bitacora_sistema VALUES("1398","6","14","2022-08-11","MODIFICACIÓN","SE MODIFICO UN USUARIO");
INSERT INTO tbl_bitacora_sistema VALUES("1399","6","1","2022-08-11","Parametros Usuarios","Ver los parametros de los usuarios");
INSERT INTO tbl_bitacora_sistema VALUES("1400","6","54","2022-08-11","CERRAR SESIÓN","USUARIO CERRÓ SESIÓN");
INSERT INTO tbl_bitacora_sistema VALUES("1401","3","54","2022-08-11","AUTENTICACIÓN FALLIDA","INTENTÓ DE INICIO DE SESIÓN FALLIDO");
INSERT INTO tbl_bitacora_sistema VALUES("1402","3","54","2022-08-11","AUTENTICACIÓN FALLIDA","INTENTÓ DE INICIO DE SESIÓN FALLIDO");
INSERT INTO tbl_bitacora_sistema VALUES("1403","3","54","2022-08-11","AUTENTICACIÓN FALLIDA","INTENTÓ DE INICIO DE SESIÓN FALLIDO");
INSERT INTO tbl_bitacora_sistema VALUES("1404","3","54","2022-08-11","AUTENTICACIÓN FALLIDA","EL USUARIO FUE BLOQUEADO POR INTENTOS DE INICIO DE SESIÓN FALLIDOS");
INSERT INTO tbl_bitacora_sistema VALUES("1405","6","54","2022-08-11","AUTENTICACIÓN CORRECTA","USUARIO INICIO SESIÓN CORRECTAMENTE");
INSERT INTO tbl_bitacora_sistema VALUES("1406","6","13","2022-08-11","INGRESO A LA PANTALLA REGISTRO DE PERSONAS","USUARIO SE AUTENTIFICO");
INSERT INTO tbl_bitacora_sistema VALUES("1407","6","1","2022-08-11","Parametros Usuarios","Ver los parametros de los usuarios");
INSERT INTO tbl_bitacora_sistema VALUES("1408","6","1","2022-08-11","Parametros Usuarios","Ver los parametros de los usuarios");
INSERT INTO tbl_bitacora_sistema VALUES("1409","6","13","2022-08-11","INGRESO A LA PANTALLA REGISTRO DE PERSONAS","USUARIO SE AUTENTIFICO");
INSERT INTO tbl_bitacora_sistema VALUES("1410","6","14","2022-08-11","MODIFICACIÓN","SE MODIFICO UN USUARIO");
INSERT INTO tbl_bitacora_sistema VALUES("1411","6","1","2022-08-11","Parametros Usuarios","Ver los parametros de los usuarios");
INSERT INTO tbl_bitacora_sistema VALUES("1412","6","13","2022-08-11","INGRESO A LA PANTALLA REGISTRO DE PERSONAS","USUARIO SE AUTENTIFICO");
INSERT INTO tbl_bitacora_sistema VALUES("1413","6","13","2022-08-11","INGRESO A LA PANTALLA REGISTRO DE PERSONAS","USUARIO SE AUTENTIFICO");
INSERT INTO tbl_bitacora_sistema VALUES("1414","6","13","2022-08-11","INGRESO A LA PANTALLA REGISTRO DE PERSONAS","USUARIO SE AUTENTIFICO");
INSERT INTO tbl_bitacora_sistema VALUES("1415","6","13","2022-08-11","INGRESO A LA PANTALLA REGISTRO DE PERSONAS","USUARIO SE AUTENTIFICO");
INSERT INTO tbl_bitacora_sistema VALUES("1416","6","13","2022-08-11","INGRESO A LA PANTALLA REGISTRO DE PERSONAS","USUARIO SE AUTENTIFICO");
INSERT INTO tbl_bitacora_sistema VALUES("1417","6","13","2022-08-11","INGRESO A LA PANTALLA REGISTRO DE PERSONAS","USUARIO SE AUTENTIFICO");
INSERT INTO tbl_bitacora_sistema VALUES("1418","6","13","2022-08-11","INGRESO A LA PANTALLA REGISTRO DE PERSONAS","USUARIO SE AUTENTIFICO");
INSERT INTO tbl_bitacora_sistema VALUES("1419","6","13","2022-08-11","INGRESO A LA PANTALLA REGISTRO DE PERSONAS","USUARIO SE AUTENTIFICO");
INSERT INTO tbl_bitacora_sistema VALUES("1420","6","13","2022-08-11","INGRESO A LA PANTALLA REGISTRO DE PERSONAS","USUARIO SE AUTENTIFICO");
INSERT INTO tbl_bitacora_sistema VALUES("1421","6","13","2022-08-11","INGRESO A LA PANTALLA REGISTRO DE PERSONAS","USUARIO SE AUTENTIFICO");
INSERT INTO tbl_bitacora_sistema VALUES("1422","6","13","2022-08-11","INGRESO A LA PANTALLA REGISTRO DE PERSONAS","USUARIO SE AUTENTIFICO");
INSERT INTO tbl_bitacora_sistema VALUES("1423","6","13","2022-08-11","INGRESO A LA PANTALLA REGISTRO DE PERSONAS","USUARIO SE AUTENTIFICO");
INSERT INTO tbl_bitacora_sistema VALUES("1424","6","44","2022-08-11","INGRESO A LA PANTALLA MANTENIMIENTO PARENTESCO","SE AUTENTIFICO");
INSERT INTO tbl_bitacora_sistema VALUES("1425","6","17","2022-08-11","INGRESO A LA PANTALLA MANTENIMIENTO TIPO SOCIOECONÓMICO","SE AUTENTIFICO");
INSERT INTO tbl_bitacora_sistema VALUES("1426","6","17","2022-08-11","INGRESO A LA PANTALLA MANTENIMIENTO TIPO SOCIOECONÓMICO","SE AUTENTIFICO");
INSERT INTO tbl_bitacora_sistema VALUES("1427","6","13","2022-08-11","INGRESO A LA PANTALLA REGISTRO DE PERSONAS","USUARIO SE AUTENTIFICO");
INSERT INTO tbl_bitacora_sistema VALUES("1428","6","6","2022-08-11","Ingreso a la pantalla de mantenimiento objetos","Ver los registros de los objetos");
INSERT INTO tbl_bitacora_sistema VALUES("1429","6","5","2022-08-11","MODIFICACIÓN","SE MODIFICO UN PERMISO A UN ROL");
INSERT INTO tbl_bitacora_sistema VALUES("1430","6","5","2022-08-11","MODIFICACIÓN","SE MODIFICO UN PERMISO A UN ROL");
INSERT INTO tbl_bitacora_sistema VALUES("1431","6","5","2022-08-11","MODIFICACIÓN","SE MODIFICO UN PERMISO A UN ROL");



DROP TABLE IF EXISTS tbl_carga_academica;

CREATE TABLE `tbl_carga_academica` (
  `CODIGO_CARGA` int(11) NOT NULL AUTO_INCREMENT,
  `CODIGO_TUTORIA` int(5) NOT NULL,
  `CODIGO_PERSONA` int(5) NOT NULL,
  `CODIGO_MODALIDAD` int(5) DEFAULT NULL,
  `CODIGO_SECCION` int(5) DEFAULT NULL,
  `CODIGO_ESTADO` int(11) NOT NULL,
  `HORA` time DEFAULT NULL,
  `HORA_FINAL` time NOT NULL,
  `FECHA_INICIO` date DEFAULT NULL,
  `FECHA_FINAL` date DEFAULT NULL,
  `ANIO` int(11) NOT NULL,
  `PERIODO` int(11) NOT NULL,
  `CREADO_POR_USUARIO` varchar(20) COLLATE utf8mb4_bin DEFAULT NULL,
  `FECHA_CREACION` date NOT NULL,
  `FECHA_MODIFICACION` date DEFAULT NULL,
  `MODIFICADO_POR` varchar(20) COLLATE utf8mb4_bin DEFAULT NULL,
  PRIMARY KEY (`CODIGO_CARGA`),
  KEY `PK_COD_PE` (`CODIGO_PERSONA`),
  KEY `PK_COD_MOD` (`CODIGO_MODALIDAD`),
  KEY `PK_COD_TUTO` (`CODIGO_TUTORIA`),
  KEY `FK_CODSEC_CARG` (`CODIGO_SECCION`),
  KEY `FK_ESTADO` (`CODIGO_ESTADO`),
  CONSTRAINT `FK_CODSEC_CARG` FOREIGN KEY (`CODIGO_SECCION`) REFERENCES `tbl_seccion` (`CODIGO_SECCION`),
  CONSTRAINT `FK_ESTADO` FOREIGN KEY (`CODIGO_ESTADO`) REFERENCES `tbl_estado` (`CODIGO_ESTADO`) ON DELETE CASCADE ON UPDATE CASCADE,
  CONSTRAINT `PK_COD_MOD` FOREIGN KEY (`CODIGO_MODALIDAD`) REFERENCES `tbl_modalidad` (`CODIGO_MODALIDA`),
  CONSTRAINT `PK_COD_PE` FOREIGN KEY (`CODIGO_PERSONA`) REFERENCES `tbl_persona` (`CODIGO_PERSONA`),
  CONSTRAINT `PK_COD_TUTO` FOREIGN KEY (`CODIGO_TUTORIA`) REFERENCES `tbl_tutoria` (`CODIGO_TUTORIA`)
) ENGINE=InnoDB AUTO_INCREMENT=9 DEFAULT CHARSET=utf8mb4 COLLATE=utf8mb4_bin;

INSERT INTO tbl_carga_academica VALUES("1","2","18","1","1","2","13:30:00","14:00:00","2022-08-02","2022-08-27","2022","2","GABRIELA","2022-07-27","2022-08-03","ALEXANDER");
INSERT INTO tbl_carga_academica VALUES("2","6","16","1","1","2","13:30:00","14:00:00","2022-08-04","2022-08-31","2022","1","ADMIN","2022-07-27","2022-08-03","RUT");
INSERT INTO tbl_carga_academica VALUES("3","4","8","1","1","2","14:00:00","15:07:00","2022-07-30","2022-11-26","2022","1","CESAR","2022-07-27","","");
INSERT INTO tbl_carga_academica VALUES("4","6","21","1","3","2","12:00:00","13:00:00","2022-07-26","2022-08-26","2022","2","ALEXANDER","2022-07-27","","");
INSERT INTO tbl_carga_academica VALUES("5","3","18","1","3","2","11:00:00","12:00:00","2022-07-27","2022-08-28","2022","4","RUT","2022-07-27","","");
INSERT INTO tbl_carga_academica VALUES("6","1","16","1","2","2","10:00:00","11:00:00","2022-07-26","2022-08-31","2022","2","ALEXANDER","2022-07-27","","");
INSERT INTO tbl_carga_academica VALUES("7","5","32","1","1","2","14:00:00","15:00:00","2022-08-02","2022-09-29","2022","4","LUZ","2022-08-03","","");
INSERT INTO tbl_carga_academica VALUES("8","3","13","1","2","2","11:00:00","11:00:00","2022-08-06","2022-09-03","2022","3","CESAR","2022-08-03","","");



DROP TABLE IF EXISTS tbl_consulta_espiritual;

CREATE TABLE `tbl_consulta_espiritual` (
  `CODIGO_CONSULTA_ESPIRITUAL` int(10) NOT NULL AUTO_INCREMENT,
  `CODIGO_CITA` int(10) DEFAULT NULL,
  `MOTIVO_CONSULTA` longtext DEFAULT NULL,
  `OBSERVACIONES` longtext DEFAULT NULL,
  `FECHA_CREACION` date DEFAULT NULL,
  PRIMARY KEY (`CODIGO_CONSULTA_ESPIRITUAL`),
  KEY `COD_CITA_ESPI_FK` (`CODIGO_CITA`)
) ENGINE=InnoDB AUTO_INCREMENT=2 DEFAULT CHARSET=utf8mb4;

INSERT INTO tbl_consulta_espiritual VALUES("1","17","Consejo espiritual","Ninguna","2022-07-26");



DROP TABLE IF EXISTS tbl_consulta_medica;

CREATE TABLE `tbl_consulta_medica` (
  `CODIGO_CONSULTA` int(11) NOT NULL AUTO_INCREMENT,
  `CODIGO_PRECLINICA` int(5) NOT NULL,
  `CODIGO_CITA` int(5) NOT NULL,
  `SINTOMAS` longtext COLLATE utf8mb4_bin DEFAULT NULL,
  `DIAGNOSTICO_INGRESO` longtext COLLATE utf8mb4_bin DEFAULT NULL,
  `EVOLUCION` longtext COLLATE utf8mb4_bin DEFAULT NULL,
  `DIAGNOSTICO_EGRESO` longtext COLLATE utf8mb4_bin DEFAULT NULL,
  `CREADO_POR_USUARIO` varchar(20) COLLATE utf8mb4_bin DEFAULT NULL,
  `FECHA_CREACION` date NOT NULL,
  `FECHA_MODIFICACION` date DEFAULT NULL,
  `MODIFICADO_POR` varchar(20) COLLATE utf8mb4_bin DEFAULT NULL,
  PRIMARY KEY (`CODIGO_CONSULTA`),
  KEY `FK_COD_PREC` (`CODIGO_PRECLINICA`),
  KEY `FK_COD_CIT` (`CODIGO_CITA`)
) ENGINE=InnoDB AUTO_INCREMENT=17 DEFAULT CHARSET=utf8mb4 COLLATE=utf8mb4_bin;

INSERT INTO tbl_consulta_medica VALUES("1","1","11","Fiebre alta","Tiene baja las plaquetas","Ninguna"," Ninguna","","2022-07-27","","");
INSERT INTO tbl_consulta_medica VALUES("2","2","4","inflamación, dolor y ardor","grave","toda la cara"," piel muy irritada","","2022-07-27","","");
INSERT INTO tbl_consulta_medica VALUES("3","3","18","le duele la cabeza en situaciones de estrés","migraña a causa de estrés","al tomarse el medicamento se siente mejor"," todo bien","","2022-07-27","","");
INSERT INTO tbl_consulta_medica VALUES("4","4","3","ninguno","ninguno","ninguno"," ninguno","","2022-07-27","","");
INSERT INTO tbl_consulta_medica VALUES("5","5","20","fiebre,vomito dolor de cabeza etc","se ve muy mal","no se tiene aun"," mandar a hacer examenes y recetar","","2022-07-29","","");
INSERT INTO tbl_consulta_medica VALUES("6","6","26","fiebre dolor de cuepero","NO SE TIENE uno aun","ninguno"," nada aun","","2022-07-30","","");
INSERT INTO tbl_consulta_medica VALUES("7","7","34","no tiene","no tiene ","no tiene "," no tiene","","2022-07-30","","");
INSERT INTO tbl_consulta_medica VALUES("8","8","35","no tienen","no tiene","no tiene "," no tiene","","2022-07-30","","");
INSERT INTO tbl_consulta_medica VALUES("9","9","22","nkjnjknkjnk","jnknjnknknj","jknkjnkjn"," nmknm,n,mnm,","","2022-07-30","","");
INSERT INTO tbl_consulta_medica VALUES("10","10","23","jkjkhk","jnkjnkjnhjkhhkjhjhkjhkh","jnkjnkjnjknkjhkjhkjkkjhk"," jnkkkjhhkkjhkhkjhkj","","2022-07-30","","");
INSERT INTO tbl_consulta_medica VALUES("11","11","40","DIARREA","AGUDO","LEVE"," NINGUNO","","2022-08-03","","");
INSERT INTO tbl_consulta_medica VALUES("12","12","42","FIEBRE ALTA","POSIBLE INFECCION ORINARIA","EN TRATAMIENTO"," NINGUNO","","2022-08-03","","");
INSERT INTO tbl_consulta_medica VALUES("13","13","43","MAREOS ","PRESION ALTA","NINGUNA"," PRESENTA  PRESION ALTA ","","2022-08-03","","");
INSERT INTO tbl_consulta_medica VALUES("14","14","50","DOLOR DE CABEZA","POSIBLE FIEBRE","LEVE"," NINGUNO","","2022-08-03","","");
INSERT INTO tbl_consulta_medica VALUES("15","15","51","DOLOR DE CABEZA,NAUESAS","RECETAR MEDICAMENTOS Y EXAMNE","SE ESPERAN BUENOS RESULTADOS"," NINGUNA","","2022-08-03","","");
INSERT INTO tbl_consulta_medica VALUES("16","16","52","DOLOR DE CUERPO","POSIBLE COVID","LEVE","  NINGUNO","","2022-08-03","","");



DROP TABLE IF EXISTS tbl_contenido_socioeconomico;

CREATE TABLE `tbl_contenido_socioeconomico` (
  `CODIGO_CONTENIDO_SOCIOECONOMICO` int(11) NOT NULL AUTO_INCREMENT,
  `CODIGO_TIPOSOCIO` int(5) NOT NULL,
  `NOMBRE_TIPO` varchar(100) COLLATE utf8mb4_bin DEFAULT NULL,
  PRIMARY KEY (`CODIGO_CONTENIDO_SOCIOECONOMICO`),
  KEY `FK_COD_TIPOSOCIO` (`CODIGO_TIPOSOCIO`)
) ENGINE=InnoDB AUTO_INCREMENT=15 DEFAULT CHARSET=utf8mb4 COLLATE=utf8mb4_bin;

INSERT INTO tbl_contenido_socioeconomico VALUES("1","1","COMPUTADORA");
INSERT INTO tbl_contenido_socioeconomico VALUES("2","1","CELULAR");
INSERT INTO tbl_contenido_socioeconomico VALUES("3","1","TABLET");
INSERT INTO tbl_contenido_socioeconomico VALUES("4","2","INTERNET RESIDENCIAL");
INSERT INTO tbl_contenido_socioeconomico VALUES("5","2","DATOS MOVILES");
INSERT INTO tbl_contenido_socioeconomico VALUES("6","2","AMBOS");
INSERT INTO tbl_contenido_socioeconomico VALUES("7","3","PADRE");
INSERT INTO tbl_contenido_socioeconomico VALUES("8","3","MADRE");
INSERT INTO tbl_contenido_socioeconomico VALUES("9","3","ABUELA");
INSERT INTO tbl_contenido_socioeconomico VALUES("10","3","REMESAS");
INSERT INTO tbl_contenido_socioeconomico VALUES("11","4","ENERGÍA ELÉCTRICA");
INSERT INTO tbl_contenido_socioeconomico VALUES("12","4","AGUA POTABLE");
INSERT INTO tbl_contenido_socioeconomico VALUES("13","4","ALCANTARILLADO");
INSERT INTO tbl_contenido_socioeconomico VALUES("14","2","NINGUNO");



DROP TABLE IF EXISTS tbl_correo_electronico;

CREATE TABLE `tbl_correo_electronico` (
  `CORREO_PERSONA` varchar(50) COLLATE utf8mb4_bin NOT NULL,
  `CODIGO_PERSONA` int(5) NOT NULL,
  PRIMARY KEY (`CORREO_PERSONA`),
  KEY `FK_CORREO` (`CODIGO_PERSONA`)
) ENGINE=InnoDB DEFAULT CHARSET=utf8mb4 COLLATE=utf8mb4_bin;

INSERT INTO tbl_correo_electronico VALUES("compartirhospital@gamil.com","1");
INSERT INTO tbl_correo_electronico VALUES("dianaamador130@gmail.com","2");
INSERT INTO tbl_correo_electronico VALUES("montoyaluz0405@gmail.com","3");
INSERT INTO tbl_correo_electronico VALUES("jose@gmail.com","4");
INSERT INTO tbl_correo_electronico VALUES("gabriela17@gmail.com","5");
INSERT INTO tbl_correo_electronico VALUES("aacaballero@unah.hn","6");
INSERT INTO tbl_correo_electronico VALUES("cesar.rovelo@unah.hn","7");
INSERT INTO tbl_correo_electronico VALUES("juan@gmail.com","8");
INSERT INTO tbl_correo_electronico VALUES("davidochoa@gmail.com","9");
INSERT INTO tbl_correo_electronico VALUES("ikerCasillas@gmail.com","10");
INSERT INTO tbl_correo_electronico VALUES("daniel@gmail.com","11");
INSERT INTO tbl_correo_electronico VALUES("lidia@gmail.com","12");
INSERT INTO tbl_correo_electronico VALUES("gisseladiaz1998@gmail.com","13");
INSERT INTO tbl_correo_electronico VALUES("Josue@gmail.com","14");
INSERT INTO tbl_correo_electronico VALUES("sendykarina@gmail.com","15");
INSERT INTO tbl_correo_electronico VALUES("margarita@gmail.com","16");
INSERT INTO tbl_correo_electronico VALUES("ramon@gmail.com","17");
INSERT INTO tbl_correo_electronico VALUES("francisco@gmail.com","18");
INSERT INTO tbl_correo_electronico VALUES("josue@unah.hn","19");
INSERT INTO tbl_correo_electronico VALUES("laura@gmail.com","20");
INSERT INTO tbl_correo_electronico VALUES("majo@gmail.com","21");
INSERT INTO tbl_correo_electronico VALUES("paula@gmail.com","22");
INSERT INTO tbl_correo_electronico VALUES("mario@gmail.com","23");
INSERT INTO tbl_correo_electronico VALUES("Cris25@gmail.com","24");
INSERT INTO tbl_correo_electronico VALUES("andrea@gmail.com","25");
INSERT INTO tbl_correo_electronico VALUES("karen@gmail.com","26");
INSERT INTO tbl_correo_electronico VALUES("katy@gmail.com","27");
INSERT INTO tbl_correo_electronico VALUES("Nolvia@gmail.com","28");
INSERT INTO tbl_correo_electronico VALUES("desireth@gmail.com","29");
INSERT INTO tbl_correo_electronico VALUES("naomi@gmail.com","30");
INSERT INTO tbl_correo_electronico VALUES("erick@gmail.com","31");
INSERT INTO tbl_correo_electronico VALUES("hmeli90@yahoo.es","32");
INSERT INTO tbl_correo_electronico VALUES("iselflores@gmail.com","33");
INSERT INTO tbl_correo_electronico VALUES("gisseladiaz@gmail.com","34");
INSERT INTO tbl_correo_electronico VALUES("luismi@gmail.com","35");
INSERT INTO tbl_correo_electronico VALUES("valeria@gmail.com","36");



DROP TABLE IF EXISTS tbl_especialidad;

CREATE TABLE `tbl_especialidad` (
  `CODIGO_ESPECIALIDAD` int(11) NOT NULL AUTO_INCREMENT,
  `NOMBRE` varchar(100) COLLATE utf8mb4_bin NOT NULL,
  `CODIGO_AREA` int(5) DEFAULT NULL,
  `DESCRIPCION` varchar(255) COLLATE utf8mb4_bin NOT NULL,
  `CREADO_POR_USUARIO` varchar(20) COLLATE utf8mb4_bin DEFAULT NULL,
  `FECHA_CREACION` date NOT NULL,
  `FECHA_MODIFICACION` date DEFAULT NULL,
  `MODIFICADO_POR` varchar(20) COLLATE utf8mb4_bin DEFAULT NULL,
  PRIMARY KEY (`CODIGO_ESPECIALIDAD`),
  KEY `TBL_ESP_FK` (`CODIGO_AREA`)
) ENGINE=InnoDB AUTO_INCREMENT=6 DEFAULT CHARSET=utf8mb4 COLLATE=utf8mb4_bin;

INSERT INTO tbl_especialidad VALUES("1","MEDICINA GENERAL ","2","ATIENDE DE TODO ","","0000-00-00","0000-00-00","");
INSERT INTO tbl_especialidad VALUES("2","TERAPIA GENERAL","3","ATIENDE DE TODO TIPO DE LOCOS","","0000-00-00","0000-00-00","");
INSERT INTO tbl_especialidad VALUES("3","CATEQUESIS JUVENIL","4","CHARLAS CON JOVENES","","0000-00-00","0000-00-00","");
INSERT INTO tbl_especialidad VALUES("4","PEDIATRIA","2","ATENCIÓN A MENORES DE EDAD","","0000-00-00","","");
INSERT INTO tbl_especialidad VALUES("5","PSICOLOGIA COGNITIVA CONDUCTUAL","3","ÁREA PSICOLOGÍA","","0000-00-00","","");



DROP TABLE IF EXISTS tbl_estado;

CREATE TABLE `tbl_estado` (
  `CODIGO_ESTADO` int(11) NOT NULL AUTO_INCREMENT,
  `NOMBRE` varchar(100) COLLATE utf8mb4_bin NOT NULL,
  `DESCRIPCION` varchar(255) COLLATE utf8mb4_bin DEFAULT NULL,
  PRIMARY KEY (`CODIGO_ESTADO`)
) ENGINE=InnoDB AUTO_INCREMENT=20 DEFAULT CHARSET=utf8mb4 COLLATE=utf8mb4_bin;

INSERT INTO tbl_estado VALUES("1","NUEVO","Este usuario esta ACTIVO");
INSERT INTO tbl_estado VALUES("2","ACTIVO","este usuario esta nuevo");
INSERT INTO tbl_estado VALUES("3","INACTIVO","este ususario esta inactivo");
INSERT INTO tbl_estado VALUES("4","BLOQUEADO","Esta usuario esta en estado de bloqueo");
INSERT INTO tbl_estado VALUES("5","PENDIENTE","Este usuario esta pendiente de cambiar la contrase");
INSERT INTO tbl_estado VALUES("6","INDEFINIDO","Este usuario esta deshabiltado ");
INSERT INTO tbl_estado VALUES("7","CANCELADA","ESTE ESTADO HACE REFERENCIA A LA CITAS");
INSERT INTO tbl_estado VALUES("8","REALIZADO","ESTADO QUE HACE REFERENCIA A LA REALIZACION");
INSERT INTO tbl_estado VALUES("9","PROCESO","UNA FUNCION EN PROCESO");
INSERT INTO tbl_estado VALUES("10","PROCESOPRECLINICA","PARA PRECESO DE PRECLICA");
INSERT INTO tbl_estado VALUES("11","PROCESOCONSULTA","ESTADO QUE INDICA UNA CITA EN EL PROCESO DE CONSUL");
INSERT INTO tbl_estado VALUES("12","REPORTECONSULTA","CODIGO QUE PERMITE VER EL REPORTE DE CONSULTA");
INSERT INTO tbl_estado VALUES("13","FINALIZADO","CODIGO QUE DESCRIBE  LA FINALIZACION DE UN PROCESO");
INSERT INTO tbl_estado VALUES("14","PLAN_TERAPEUTICO","Estado que espicifica que se hace un plan de terap");
INSERT INTO tbl_estado VALUES("15","PROCESOENCONSULTA","Esta en consulta justo en ese momento");
INSERT INTO tbl_estado VALUES("16","REPORTEPLANTERAPIA","ESTADO PARA EL AREA PSICOLOGICA");
INSERT INTO tbl_estado VALUES("17","EXCELENTE","ESTADO QUE SERA USADO EN MATRICULA");
INSERT INTO tbl_estado VALUES("18","MUY BUENO","ESTADO QUE SERA USADO EN MATRICULA");
INSERT INTO tbl_estado VALUES("19","BUENO","ESTADO QUE SERA USADO EN MATRICULA");



DROP TABLE IF EXISTS tbl_estudiante;

CREATE TABLE `tbl_estudiante` (
  `CODIGO_ESTUDIANTE` int(11) NOT NULL AUTO_INCREMENT,
  `CODIGO_PERSONA` int(5) NOT NULL,
  `GRADO_ACTUAL` varchar(15) COLLATE utf8mb4_bin DEFAULT NULL,
  `REPITENTE` varchar(2) COLLATE utf8mb4_bin NOT NULL,
  `INDICE_ACADEMICO` int(3) DEFAULT NULL,
  `MATE_BAJO_RENDI` varchar(100) COLLATE utf8mb4_bin DEFAULT NULL,
  `PASATIEMPOS` varchar(255) COLLATE utf8mb4_bin DEFAULT NULL,
  `DISTRACTORES_ESCOLARES` varchar(255) COLLATE utf8mb4_bin DEFAULT NULL,
  `METAS` varchar(255) COLLATE utf8mb4_bin DEFAULT NULL,
  PRIMARY KEY (`CODIGO_ESTUDIANTE`),
  KEY `FK_COD_EST` (`CODIGO_PERSONA`)
) ENGINE=InnoDB AUTO_INCREMENT=9 DEFAULT CHARSET=utf8mb4 COLLATE=utf8mb4_bin;

INSERT INTO tbl_estudiante VALUES("1","9","QUINTO","NO","85","matematica","videojuegos","youtube","ingeniero");
INSERT INTO tbl_estudiante VALUES("2","10","TERCERO","NO","90","Matemáticas","Ver televisión","Redes sociales","Estudiar en la Unah");
INSERT INTO tbl_estudiante VALUES("3","24","NOVENO","NO","90","Inglés","Ver televisión","Redes sociales","Estudiar medicina");
INSERT INTO tbl_estudiante VALUES("4","25","QUINTO","NO","96","Matematica","television","celular","doctora");
INSERT INTO tbl_estudiante VALUES("5","27","SEPTIMO","NO","98","ninguna","leer hacer calculos matematicos","youtube","ser astronauta");
INSERT INTO tbl_estudiante VALUES("6","29","OCTAVO","NO","80","Español","Dibujar","Videos Juegos","Estudiar Ingeniería Agrónomo ");
INSERT INTO tbl_estudiante VALUES("7","30","ONCEAVO","NO","90","Inglés","Decorar y dibujar","Instagram","Ser Doctora");
INSERT INTO tbl_estudiante VALUES("8","31","OCTAVO","NO","80","matematicas","jugar futbol","redes sociales","ir a la universidad");



DROP TABLE IF EXISTS tbl_estudiante_socioeconomico;

CREATE TABLE `tbl_estudiante_socioeconomico` (
  `CODIGO_ESTUDIANTE_SOCIOECONOMICO` int(11) NOT NULL AUTO_INCREMENT,
  `CODIGO_CONTENIDO_SOCIOECONOMICO` int(15) NOT NULL,
  `CODIGO_ESTUDIANTE` int(15) NOT NULL,
  PRIMARY KEY (`CODIGO_ESTUDIANTE_SOCIOECONOMICO`),
  KEY `FK_CONTSOCIO` (`CODIGO_CONTENIDO_SOCIOECONOMICO`),
  KEY `FK_COD_CON_ES` (`CODIGO_ESTUDIANTE`)
) ENGINE=InnoDB AUTO_INCREMENT=61 DEFAULT CHARSET=utf8mb4 COLLATE=utf8mb4_bin;

INSERT INTO tbl_estudiante_socioeconomico VALUES("1","1","1");
INSERT INTO tbl_estudiante_socioeconomico VALUES("2","2","1");
INSERT INTO tbl_estudiante_socioeconomico VALUES("3","3","1");
INSERT INTO tbl_estudiante_socioeconomico VALUES("4","5","1");
INSERT INTO tbl_estudiante_socioeconomico VALUES("5","7","1");
INSERT INTO tbl_estudiante_socioeconomico VALUES("6","11","1");
INSERT INTO tbl_estudiante_socioeconomico VALUES("7","12","1");
INSERT INTO tbl_estudiante_socioeconomico VALUES("8","13","1");
INSERT INTO tbl_estudiante_socioeconomico VALUES("9","1","2");
INSERT INTO tbl_estudiante_socioeconomico VALUES("10","2","2");
INSERT INTO tbl_estudiante_socioeconomico VALUES("11","4","2");
INSERT INTO tbl_estudiante_socioeconomico VALUES("12","5","2");
INSERT INTO tbl_estudiante_socioeconomico VALUES("13","7","2");
INSERT INTO tbl_estudiante_socioeconomico VALUES("14","8","2");
INSERT INTO tbl_estudiante_socioeconomico VALUES("15","11","2");
INSERT INTO tbl_estudiante_socioeconomico VALUES("16","12","2");
INSERT INTO tbl_estudiante_socioeconomico VALUES("17","13","2");
INSERT INTO tbl_estudiante_socioeconomico VALUES("18","1","3");
INSERT INTO tbl_estudiante_socioeconomico VALUES("19","2","3");
INSERT INTO tbl_estudiante_socioeconomico VALUES("20","4","3");
INSERT INTO tbl_estudiante_socioeconomico VALUES("21","7","3");
INSERT INTO tbl_estudiante_socioeconomico VALUES("22","11","3");
INSERT INTO tbl_estudiante_socioeconomico VALUES("23","12","3");
INSERT INTO tbl_estudiante_socioeconomico VALUES("24","13","3");
INSERT INTO tbl_estudiante_socioeconomico VALUES("25","1","4");
INSERT INTO tbl_estudiante_socioeconomico VALUES("26","2","4");
INSERT INTO tbl_estudiante_socioeconomico VALUES("27","6","4");
INSERT INTO tbl_estudiante_socioeconomico VALUES("28","8","4");
INSERT INTO tbl_estudiante_socioeconomico VALUES("29","9","4");
INSERT INTO tbl_estudiante_socioeconomico VALUES("30","11","4");
INSERT INTO tbl_estudiante_socioeconomico VALUES("31","12","4");
INSERT INTO tbl_estudiante_socioeconomico VALUES("32","13","4");
INSERT INTO tbl_estudiante_socioeconomico VALUES("33","1","5");
INSERT INTO tbl_estudiante_socioeconomico VALUES("34","2","5");
INSERT INTO tbl_estudiante_socioeconomico VALUES("35","3","5");
INSERT INTO tbl_estudiante_socioeconomico VALUES("36","4","5");
INSERT INTO tbl_estudiante_socioeconomico VALUES("37","7","5");
INSERT INTO tbl_estudiante_socioeconomico VALUES("38","11","5");
INSERT INTO tbl_estudiante_socioeconomico VALUES("39","12","5");
INSERT INTO tbl_estudiante_socioeconomico VALUES("40","13","5");
INSERT INTO tbl_estudiante_socioeconomico VALUES("41","1","6");
INSERT INTO tbl_estudiante_socioeconomico VALUES("42","4","6");
INSERT INTO tbl_estudiante_socioeconomico VALUES("43","7","6");
INSERT INTO tbl_estudiante_socioeconomico VALUES("44","8","6");
INSERT INTO tbl_estudiante_socioeconomico VALUES("45","11","6");
INSERT INTO tbl_estudiante_socioeconomico VALUES("46","12","6");
INSERT INTO tbl_estudiante_socioeconomico VALUES("47","13","6");
INSERT INTO tbl_estudiante_socioeconomico VALUES("48","1","7");
INSERT INTO tbl_estudiante_socioeconomico VALUES("49","2","7");
INSERT INTO tbl_estudiante_socioeconomico VALUES("50","4","7");
INSERT INTO tbl_estudiante_socioeconomico VALUES("51","7","7");
INSERT INTO tbl_estudiante_socioeconomico VALUES("52","8","7");
INSERT INTO tbl_estudiante_socioeconomico VALUES("53","11","7");
INSERT INTO tbl_estudiante_socioeconomico VALUES("54","12","7");
INSERT INTO tbl_estudiante_socioeconomico VALUES("55","1","8");
INSERT INTO tbl_estudiante_socioeconomico VALUES("56","6","8");
INSERT INTO tbl_estudiante_socioeconomico VALUES("57","7","8");
INSERT INTO tbl_estudiante_socioeconomico VALUES("58","11","8");
INSERT INTO tbl_estudiante_socioeconomico VALUES("59","12","8");
INSERT INTO tbl_estudiante_socioeconomico VALUES("60","13","8");



DROP TABLE IF EXISTS tbl_examenes_medicos;

CREATE TABLE `tbl_examenes_medicos` (
  `CODIGO_EXAMEN_MEDICO` int(11) NOT NULL AUTO_INCREMENT,
  `EXAMEN_MEDICO` varchar(80) COLLATE utf8mb4_bin NOT NULL,
  `DESCRIPCION` longtext COLLATE utf8mb4_bin DEFAULT NULL,
  `CREADO_POR_USUARIO` varchar(20) COLLATE utf8mb4_bin DEFAULT NULL,
  `FECHA_CREACION` date NOT NULL,
  `FECHA_MODIFICACION` date DEFAULT NULL,
  `MODIFICADO_POR` varchar(20) COLLATE utf8mb4_bin DEFAULT NULL,
  `CODIGO_ESTADO` int(11) NOT NULL,
  PRIMARY KEY (`CODIGO_EXAMEN_MEDICO`),
  KEY `CODIGO_ESTADO` (`CODIGO_ESTADO`),
  CONSTRAINT `tbl_examenes_medicos_ibfk_1` FOREIGN KEY (`CODIGO_ESTADO`) REFERENCES `tbl_estado` (`CODIGO_ESTADO`) ON DELETE CASCADE
) ENGINE=InnoDB AUTO_INCREMENT=4 DEFAULT CHARSET=utf8mb4 COLLATE=utf8mb4_bin;

INSERT INTO tbl_examenes_medicos VALUES("1","HEMOGRAMA","","DANIEL","2022-07-27","","","2");
INSERT INTO tbl_examenes_medicos VALUES("2","ELECTROGRAMA","","DANIEL","2022-07-30","","","2");



DROP TABLE IF EXISTS tbl_examenes_pacientes;

CREATE TABLE `tbl_examenes_pacientes` (
  `CODIGO_EXAMEN_PACIENTE` int(11) NOT NULL AUTO_INCREMENT,
  `CODIGO_CONSULTA` int(5) DEFAULT NULL,
  `CODIGO_EXAMEN_MEDICO` int(5) DEFAULT NULL,
  `OBSERVACIONES` varchar(400) NOT NULL,
  `INDICACIONES` varchar(400) NOT NULL,
  PRIMARY KEY (`CODIGO_EXAMEN_PACIENTE`),
  KEY `FK_COD_CONSULTA` (`CODIGO_CONSULTA`),
  KEY `FK_COD_EXAMEN_MEDICO` (`CODIGO_EXAMEN_MEDICO`),
  CONSTRAINT `FK_COD_CONSULTA` FOREIGN KEY (`CODIGO_CONSULTA`) REFERENCES `tbl_consulta_medica` (`CODIGO_CONSULTA`),
  CONSTRAINT `FK_COD_EXAMEN_MEDICO` FOREIGN KEY (`CODIGO_EXAMEN_MEDICO`) REFERENCES `tbl_examenes_medicos` (`CODIGO_EXAMEN_MEDICO`)
) ENGINE=InnoDB AUTO_INCREMENT=15 DEFAULT CHARSET=utf8mb4;

INSERT INTO tbl_examenes_pacientes VALUES("1","1","1","NINGUNA","EN AYUNAS");
INSERT INTO tbl_examenes_pacientes VALUES("2","2","1","HACERLO EN AYUNAS, SOLO SE PUEDE TOMAR AGUA","PARA VER NIVEL DE GLOBULOS ROJOS Y BLANCOS");
INSERT INTO tbl_examenes_pacientes VALUES("3","3","1","TRAER LOS EXAMENES","REALIZARLO EN LA CLINICA DE AQUI");
INSERT INTO tbl_examenes_pacientes VALUES("4","4","1","IR TEMPRANO","ES PARA VER COMO EST");
INSERT INTO tbl_examenes_pacientes VALUES("5","5","1","PARA CHEQUER","HACERLO EN AYUNAS");
INSERT INTO tbl_examenes_pacientes VALUES("6","6","2","IR DESAYUNADO","PARA REVISION DEL CORAZON");
INSERT INTO tbl_examenes_pacientes VALUES("7","7","2","IR EN AYUNAS","PARA CHEQUEO DEL CORAZON");
INSERT INTO tbl_examenes_pacientes VALUES("8","8","2","NO TIRNE","PARA CHEQUEO DEL CUEPRO");
INSERT INTO tbl_examenes_pacientes VALUES("9","10","2","\n\nDFJNDFNKNK+6\n`\n\nNJN\n\n\n\n\n\n\n\n\n\n\n\n\n\n\n\n\n\\55454454544=CDMFM\n\n232323389212\nJM\n\nKNNJNJJNJ\nJNJJJ\n\n M\n\n\n\n N\n\n\n\n\n\n\n\n\n\n\nNDM\nD\n MN M M MFMNDMFNBMBDMFDM\n\n\nN\n54654MNDMNFMNMNMN\nNM NM DN MN NNMN323232\nNMMNMMNNM233\nNBNMFMNDBM\n\n14\n\n\n\n\n\n\n546546451\\]]DF\n\nNSBDMNBMNK NKNS KDNKNNKSJDNFK KJNDKJNKJD\n63232\nDSFMNMNS,MDNSMN 313\nD NFSN \nK KFDNKJND NKDKD\nK","12 CICLO  ACRIVIDAD 6\n\n");
INSERT INTO tbl_examenes_pacientes VALUES("10","11","2","HACERLO EN AYUNAS","SANGRE COMPLETO");
INSERT INTO tbl_examenes_pacientes VALUES("11","12","1","NINGUNA","REALIZARLO EN AYUNA ");
INSERT INTO tbl_examenes_pacientes VALUES("12","14","1","EN AYUNAS","SANGRE COMPLETO");
INSERT INTO tbl_examenes_pacientes VALUES("13","14","2","NINGUNA","PARA CHEQUEO");
INSERT INTO tbl_examenes_pacientes VALUES("14","16","1","NINGUNO","SANGRE");



DROP TABLE IF EXISTS tbl_expediente_espiritual;

CREATE TABLE `tbl_expediente_espiritual` (
  `CODIGO_EXPEDIENTE` int(5) NOT NULL AUTO_INCREMENT,
  `CODIGO_PERSONA` int(10) DEFAULT NULL,
  `CODIGO_ESTADO` int(10) DEFAULT NULL,
  `NOMBRE_IGLESIA` varchar(50) DEFAULT NULL,
  `GRUPO_IGLESIA` varchar(50) DEFAULT NULL,
  `TIEMPO_ASISTIR_IGLESIA` varchar(50) DEFAULT NULL,
  `MOTIVACION_IGLESIA` longtext DEFAULT NULL,
  `FECHA_CREACION` date DEFAULT NULL,
  PRIMARY KEY (`CODIGO_EXPEDIENTE`),
  KEY `COD_EXP_ESPIRITUAL_PERSONA` (`CODIGO_PERSONA`),
  KEY `COD_EST_EXP_ESPIRITUAL` (`CODIGO_ESTADO`),
  CONSTRAINT `COD_EST_EXP_ESPIRITUAL` FOREIGN KEY (`CODIGO_ESTADO`) REFERENCES `tbl_estado` (`CODIGO_ESTADO`),
  CONSTRAINT `COD_EXP_ESPIRITUAL_PERSONA` FOREIGN KEY (`CODIGO_PERSONA`) REFERENCES `tbl_persona` (`CODIGO_PERSONA`)
) ENGINE=InnoDB AUTO_INCREMENT=3 DEFAULT CHARSET=utf8mb4;

INSERT INTO tbl_expediente_espiritual VALUES("1","10","2","Santa Tereza de Jesus","Ninguno","Hace 1 año","Participar en las actividades","2022-07-26");
INSERT INTO tbl_expediente_espiritual VALUES("2","9","2","alemania","ninguna","1 año ","dios ","2022-07-30");



DROP TABLE IF EXISTS tbl_expediente_medico;

CREATE TABLE `tbl_expediente_medico` (
  `CODIGO_EXPEDIENTE` int(11) NOT NULL AUTO_INCREMENT,
  `CODIGO_PERSONA` int(5) NOT NULL,
  `CODIGO_ESTADO` int(5) DEFAULT NULL,
  `CODIGO_TIPO_SANGRE` int(5) DEFAULT NULL,
  `TRATAMIENTOS` longtext COLLATE utf8mb4_bin DEFAULT NULL,
  `ENFERMEDADES` longtext COLLATE utf8mb4_bin DEFAULT NULL,
  `FECHA_CREACION` date DEFAULT NULL,
  PRIMARY KEY (`CODIGO_EXPEDIENTE`),
  KEY `COD_EXP_PERSONA` (`CODIGO_PERSONA`),
  KEY `FK_COD_TIPO_SANGRE` (`CODIGO_TIPO_SANGRE`),
  KEY `COD_EST_EXPE` (`CODIGO_ESTADO`)
) ENGINE=InnoDB AUTO_INCREMENT=9 DEFAULT CHARSET=utf8mb4 COLLATE=utf8mb4_bin;

INSERT INTO tbl_expediente_medico VALUES("1","10","2","9","Ninguno","Asma leve","2022-07-26");
INSERT INTO tbl_expediente_medico VALUES("2","31","2","8","ninguno por el momento","alergias unicamente","2022-07-26");
INSERT INTO tbl_expediente_medico VALUES("3","30","2","9","acetaminofén","migraña","2022-07-26");
INSERT INTO tbl_expediente_medico VALUES("4","27","2","8","ninguno","nou tiene","2022-07-26");
INSERT INTO tbl_expediente_medico VALUES("5","25","2","8","ninguno por los momentos","no tiene","2022-07-30");
INSERT INTO tbl_expediente_medico VALUES("6","9","2","8","no tiene","no tiene","2022-07-30");
INSERT INTO tbl_expediente_medico VALUES("7","24","2","9","NO TIENEn","no tiene","2022-07-30");
INSERT INTO tbl_expediente_medico VALUES("8","29","2","8","NINGUNO","DEPRESION LEVE","2022-08-02");



DROP TABLE IF EXISTS tbl_expediente_psicologico_consulta;

CREATE TABLE `tbl_expediente_psicologico_consulta` (
  `CODIGO_EXPEDIENTE_PSICO` int(11) NOT NULL AUTO_INCREMENT,
  `CODIGO_CITA` int(5) DEFAULT NULL,
  `SINTOMAS` varchar(100) COLLATE utf8mb4_bin DEFAULT NULL,
  `DIAGNOSTICO_INGRESO` varchar(200) COLLATE utf8mb4_bin DEFAULT NULL,
  `DIAGNOSTICO_EGRESO` varchar(200) COLLATE utf8mb4_bin DEFAULT NULL,
  `OBSEVARCIONES` varchar(600) COLLATE utf8mb4_bin DEFAULT NULL,
  `CREADO_POR` varchar(20) COLLATE utf8mb4_bin DEFAULT NULL,
  `FECHA_CREACION` date DEFAULT NULL,
  `MODIFICADO_POR` varchar(20) COLLATE utf8mb4_bin DEFAULT NULL,
  `FECHA_MODIFICACION` date DEFAULT NULL,
  PRIMARY KEY (`CODIGO_EXPEDIENTE_PSICO`),
  KEY `FK_CODIGO_CITA_CONSULTA` (`CODIGO_CITA`)
) ENGINE=InnoDB AUTO_INCREMENT=10 DEFAULT CHARSET=utf8mb4 COLLATE=utf8mb4_bin;

INSERT INTO tbl_expediente_psicologico_consulta VALUES("1","10","ESCUCHA VOCES,NO PUEDE DORMIR POR LA NOCHES","NINGUNO","SE ESPERA EN RESULTADOS","ES UN CASO DELICADO","","2022-07-27","","");
INSERT INTO tbl_expediente_psicologico_consulta VALUES("2","9","SE PRESENTA TRISTEZA EN LA MAYOR PARTE DEL TIEMPO","POR LOS SINTOMAS ENCONTRADO LA PERSONA SUFRE DEPRESION","HA MEJORADO AL HACER EJERCICIOS FISICOS","NINGUNA","","2022-07-27","","");
INSERT INTO tbl_expediente_psicologico_consulta VALUES("3","13","NO TIENE SITNOMAS EL DIA DE HOY","ESTA MEDIO MAL HUMOR","TODAVIA NO SE TIENE","NO SE LE VA CREAR PLAN,SOLO HACER CHARLAS ","","2022-07-27","","");
INSERT INTO tbl_expediente_psicologico_consulta VALUES("4","41","NERVIOSISMO, DOLORES DE CABEZA INTENSOS","ANSIEDAD SOCIAL","ANSIEDAD","LE CUESTA COMUNICARSE","","2022-08-03","","");
INSERT INTO tbl_expediente_psicologico_consulta VALUES("5","44","POCA PACIENCIA Y TOLERANCIA","SINTOMAS DE ABANDONO","IRA","SE COMPORTA DEMASIADO INFANTIL","","2022-08-03","","");
INSERT INTO tbl_expediente_psicologico_consulta VALUES("6","45","NO TIENE ","NO SE TIENE AUN","SE ESPERA QUE BUENO","NINGUNA","","2022-08-03","","");
INSERT INTO tbl_expediente_psicologico_consulta VALUES("7","46","NO TIENE ","NO TIENE","NO TIENE","NO TIENE","","2022-08-03","","");
INSERT INTO tbl_expediente_psicologico_consulta VALUES("8","47","NO PUEDE DORMIR EN LA NOCHE,VE SOMBRAS","SE VE TEMEROSA,MIEDOSA","SE ESPERAN BUENOS RESULTADOS","RECETAR PLAN","","2022-08-03","","");
INSERT INTO tbl_expediente_psicologico_consulta VALUES("9","49","ESCULLAS VOCES,LE CUESTA DORMIR POR LAS NOCHES","ES UN CASO DELICADO,SE DEBE TRATAR CON DISCRECION","NO SE TIENE AUN ","NINGUNA","","2022-08-03","","");



DROP TABLE IF EXISTS tbl_expediente_psicologico_unico;

CREATE TABLE `tbl_expediente_psicologico_unico` (
  `CODIGO_EXPEDIENTE` int(11) NOT NULL AUTO_INCREMENT,
  `CODIGO_PERSONA` int(5) DEFAULT NULL,
  `CODIGO_ESTADO` int(5) DEFAULT NULL,
  `ANTECEDENTES_FAMILIARES` longtext COLLATE utf8mb4_bin DEFAULT NULL,
  `ANTECEDENTES_PERSONALES` longtext COLLATE utf8mb4_bin DEFAULT NULL,
  `ANTECEDENTES_CLINICOS` longtext COLLATE utf8mb4_bin DEFAULT NULL,
  `FECHA_CREACION` date NOT NULL,
  PRIMARY KEY (`CODIGO_EXPEDIENTE`),
  KEY `COD_EXP_PERSONA` (`CODIGO_PERSONA`) USING BTREE,
  KEY `COD_ESTA_EXPE` (`CODIGO_ESTADO`) USING BTREE
) ENGINE=InnoDB AUTO_INCREMENT=7 DEFAULT CHARSET=utf8mb4 COLLATE=utf8mb4_bin;

INSERT INTO tbl_expediente_psicologico_unico VALUES("1","31","2","SUS FAMILIARES TUVIERON PROBLEMAS DE EQUIZOFRENIA NIVEL 4","SOSPECHAS DE EQUIZOFRENIA","SALUDABLE","2022-07-26");
INSERT INTO tbl_expediente_psicologico_unico VALUES("2","29","2","VIVE CON SUS PADRES  Y SE OBSERVA UNA EXCELENTE RELACION ","TIENE APTITUD POSITIVA ","NINGUNOS ","2022-07-26");
INSERT INTO tbl_expediente_psicologico_unico VALUES("3","30","2","DEPRESIÓN","ANSIEDAD","NINGUNO","2022-08-02");
INSERT INTO tbl_expediente_psicologico_unico VALUES("4","24","2","IRA","NINGUNO","NINGUNO","2022-08-02");
INSERT INTO tbl_expediente_psicologico_unico VALUES("5","27","2","NO TIENE NINGUNO","NO TIENE,PERO PUEDE PADECER ALGUNSO","SE ENCUENTRA EN BUENA SALUD","2022-08-02");
INSERT INTO tbl_expediente_psicologico_unico VALUES("6","9","2","NO PRESENTA NINGUNO","TENDECIAS EQUIZOFRENICAS DESDE PEQUEÑO","SOLO PRESENTA ALERGIAS","2022-08-02");



DROP TABLE IF EXISTS tbl_familiar;

CREATE TABLE `tbl_familiar` (
  `CODIGO_FAMILIAR` int(11) NOT NULL AUTO_INCREMENT,
  `CODIGO_PERSONA` int(5) NOT NULL,
  `ESTADO_CIVIL` varchar(20) COLLATE utf8mb4_bin DEFAULT NULL,
  `NIVEL_EDUCATIVO` varchar(15) COLLATE utf8mb4_bin DEFAULT NULL,
  `INGRESOS_DE_FAMILIAR` int(6) DEFAULT NULL,
  `NOMBRE_IGLESIA` varchar(50) COLLATE utf8mb4_bin DEFAULT NULL,
  PRIMARY KEY (`CODIGO_FAMILIAR`),
  KEY `FAM_PK` (`CODIGO_PERSONA`)
) ENGINE=InnoDB AUTO_INCREMENT=5 DEFAULT CHARSET=utf8mb4 COLLATE=utf8mb4_bin;

INSERT INTO tbl_familiar VALUES("1","14","CASADO","SECUNDARIA","15000","NINGUNA");
INSERT INTO tbl_familiar VALUES("2","15","CASADA","UNIVERSITARIO","80000","BASILICA DE SUYAPA");
INSERT INTO tbl_familiar VALUES("3","26","SOLTERA","SECUNDARIA","6000","BASILICA DE SUYAPA");
INSERT INTO tbl_familiar VALUES("4","28","CASADA","SECUNDARIA","5000","NINGUNA");



DROP TABLE IF EXISTS tbl_familiares_estudiante;

CREATE TABLE `tbl_familiares_estudiante` (
  `CODIGO_FAMILIAR_ESTUDIANTE` int(5) NOT NULL AUTO_INCREMENT,
  `CODIGO_ESTUDIANTE` int(5) DEFAULT NULL,
  `CODIGO_FAMILIAR` int(5) DEFAULT NULL,
  `CODIGO_PARENTESCO` int(5) DEFAULT NULL,
  PRIMARY KEY (`CODIGO_FAMILIAR_ESTUDIANTE`),
  KEY `COD_ESTU_PARE` (`CODIGO_ESTUDIANTE`),
  KEY `COD_FAM_PARE` (`CODIGO_FAMILIAR`),
  KEY `COD_PARA_PARE` (`CODIGO_PARENTESCO`)
) ENGINE=InnoDB AUTO_INCREMENT=7 DEFAULT CHARSET=utf8mb4;

INSERT INTO tbl_familiares_estudiante VALUES("1","2","1","1");
INSERT INTO tbl_familiares_estudiante VALUES("2","1","2","2");
INSERT INTO tbl_familiares_estudiante VALUES("3","4","3","2");
INSERT INTO tbl_familiares_estudiante VALUES("4","2","4","2");
INSERT INTO tbl_familiares_estudiante VALUES("5","1","3","2");
INSERT INTO tbl_familiares_estudiante VALUES("6","1","4","8");



DROP TABLE IF EXISTS tbl_inscripcion_cita;

CREATE TABLE `tbl_inscripcion_cita` (
  `CODIGO_CITA` int(11) NOT NULL AUTO_INCREMENT,
  `CODIGO_PERSONA` int(5) DEFAULT NULL,
  `CODIGO_ESPECIALISTA` int(5) DEFAULT NULL,
  `CODIGO_ESTADO` int(5) NOT NULL,
  `AREA_CITA` int(5) NOT NULL,
  `FECHA_CITA` date DEFAULT NULL,
  `HORARIO` time DEFAULT NULL,
  `CREADO_POR` varchar(20) COLLATE utf8mb4_bin DEFAULT NULL,
  `FECHA_CREACION` date NOT NULL,
  `FECHA_MODIFICACION` date DEFAULT NULL,
  `MODIFICADO_POR` varchar(20) COLLATE utf8mb4_bin DEFAULT NULL,
  PRIMARY KEY (`CODIGO_CITA`),
  KEY `FK_CODIGO_PERSONAS` (`CODIGO_PERSONA`),
  KEY `FK_CODIGO_ESPECIALISTA` (`CODIGO_ESPECIALISTA`),
  KEY `COD_ESTA_FK` (`CODIGO_ESTADO`),
  KEY `COD_AREA_FK` (`AREA_CITA`)
) ENGINE=InnoDB AUTO_INCREMENT=53 DEFAULT CHARSET=utf8mb4 COLLATE=utf8mb4_bin;

INSERT INTO tbl_inscripcion_cita VALUES("1","27","6","5","3","2022-07-27","10:00:00","2022-07-27","0000-00-00","","");
INSERT INTO tbl_inscripcion_cita VALUES("2","27","6","5","3","2022-07-26","10:00:00","2022-07-27","0000-00-00","","");
INSERT INTO tbl_inscripcion_cita VALUES("3","27","1","13","2","2022-07-26","09:30:00","2022-07-27","0000-00-00","","");
INSERT INTO tbl_inscripcion_cita VALUES("4","31","8","13","2","2022-07-26","09:00:00","2022-07-27","0000-00-00","","");
INSERT INTO tbl_inscripcion_cita VALUES("5","29","6","5","3","2022-07-26","09:00:00","2022-07-27","0000-00-00","","");
INSERT INTO tbl_inscripcion_cita VALUES("6","9","1","7","2","2022-07-27","12:00:00","2022-07-27","0000-00-00","","");
INSERT INTO tbl_inscripcion_cita VALUES("7","25","4","7","2","2022-07-27","14:30:00","2022-07-27","0000-00-00","","");
INSERT INTO tbl_inscripcion_cita VALUES("8","10","1","7","2","2022-07-26","09:00:00","2022-07-27","0000-00-00","","");
INSERT INTO tbl_inscripcion_cita VALUES("9","29","9","13","3","2022-07-26","13:00:00","2022-07-27","0000-00-00","","");
INSERT INTO tbl_inscripcion_cita VALUES("10","31","2","13","3","2022-07-26","17:00:00","2022-07-27","0000-00-00","","");
INSERT INTO tbl_inscripcion_cita VALUES("11","10","1","13","2","2022-07-26","12:00:00","2022-07-27","0000-00-00","","");
INSERT INTO tbl_inscripcion_cita VALUES("12","31","8","0","2","2022-07-26","14:00:00","2022-07-27","0000-00-00","","");
INSERT INTO tbl_inscripcion_cita VALUES("13","31","2","13","3","2022-07-26","15:30:00","2022-07-27","0000-00-00","","");
INSERT INTO tbl_inscripcion_cita VALUES("14","25","4","5","2","2022-07-26","18:00:00","2022-07-27","0000-00-00","","");
INSERT INTO tbl_inscripcion_cita VALUES("15","29","9","0","3","2022-07-26","14:00:00","2022-07-27","0000-00-00","","");
INSERT INTO tbl_inscripcion_cita VALUES("16","29","9","9","3","2022-07-26","14:00:00","2022-07-27","0000-00-00","","");
INSERT INTO tbl_inscripcion_cita VALUES("17","10","3","13","4","2022-07-26","11:00:00","2022-07-27","0000-00-00","","");
INSERT INTO tbl_inscripcion_cita VALUES("18","30","8","13","2","2022-07-26","15:00:00","2022-07-27","0000-00-00","","");
INSERT INTO tbl_inscripcion_cita VALUES("19","10","6","5","3","2022-08-10","15:00:00","2022-07-27","0000-00-00","","");
INSERT INTO tbl_inscripcion_cita VALUES("20","31","1","13","2","2022-07-28","15:00:00","2022-07-29","0000-00-00","","");
INSERT INTO tbl_inscripcion_cita VALUES("21","9","10","11","4","2022-07-30","12:30:00","2022-07-30","0000-00-00","","");
INSERT INTO tbl_inscripcion_cita VALUES("22","10","1","13","2","2022-07-30","09:00:00","2022-07-30","0000-00-00","","");
INSERT INTO tbl_inscripcion_cita VALUES("23","31","1","13","2","2022-07-30","09:30:00","2022-07-30","0000-00-00","","");
INSERT INTO tbl_inscripcion_cita VALUES("24","30","1","9","2","2022-07-30","10:00:00","2022-07-30","0000-00-00","","");
INSERT INTO tbl_inscripcion_cita VALUES("25","27","1","9","2","2022-07-30","10:30:00","2022-07-30","0000-00-00","","");
INSERT INTO tbl_inscripcion_cita VALUES("26","25","1","13","2","2022-07-30","18:00:00","2022-07-30","0000-00-00","","");
INSERT INTO tbl_inscripcion_cita VALUES("27","25","1","9","2","2022-07-30","11:00:00","2022-07-30","0000-00-00","","");
INSERT INTO tbl_inscripcion_cita VALUES("28","10","1","9","2","2022-07-30","11:30:00","2022-07-30","0000-00-00","","");
INSERT INTO tbl_inscripcion_cita VALUES("29","31","1","9","2","2022-07-30","12:00:00","2022-07-30","0000-00-00","","");
INSERT INTO tbl_inscripcion_cita VALUES("30","30","1","9","2","2022-07-30","12:30:00","2022-07-30","0000-00-00","","");
INSERT INTO tbl_inscripcion_cita VALUES("31","27","1","9","2","2022-07-30","13:00:00","2022-07-30","0000-00-00","","");
INSERT INTO tbl_inscripcion_cita VALUES("32","25","1","9","2","2022-07-30","13:30:00","2022-07-30","0000-00-00","","");
INSERT INTO tbl_inscripcion_cita VALUES("33","24","9","9","3","2022-07-30","17:30:00","2022-07-30","0000-00-00","","");
INSERT INTO tbl_inscripcion_cita VALUES("34","9","8","13","2","2022-07-30","17:30:00","2022-07-30","0000-00-00","","");
INSERT INTO tbl_inscripcion_cita VALUES("35","24","8","13","2","2022-07-30","18:00:00","2022-07-30","0000-00-00","","");
INSERT INTO tbl_inscripcion_cita VALUES("36","9","1","9","2","2022-07-30","14:30:00","2022-07-30","0000-00-00","","");
INSERT INTO tbl_inscripcion_cita VALUES("37","24","1","9","2","2022-07-30","16:00:00","2022-07-30","0000-00-00","","");
INSERT INTO tbl_inscripcion_cita VALUES("38","9","1","9","2","2022-07-30","16:30:00","2022-07-30","0000-00-00","","");
INSERT INTO tbl_inscripcion_cita VALUES("39","31","4","5","2","2022-08-20","14:00:00","2022-08-03","0000-00-00","","");
INSERT INTO tbl_inscripcion_cita VALUES("40","31","1","13","2","2022-08-02","09:30:00","2022-08-03","0000-00-00","","");
INSERT INTO tbl_inscripcion_cita VALUES("41","30","9","13","3","2022-08-02","14:00:00","2022-08-03","0000-00-00","","");
INSERT INTO tbl_inscripcion_cita VALUES("42","30","4","13","2","2022-08-02","13:00:00","2022-08-03","0000-00-00","","");
INSERT INTO tbl_inscripcion_cita VALUES("43","31","4","13","2","2022-08-02","15:00:00","2022-08-03","0000-00-00","","");
INSERT INTO tbl_inscripcion_cita VALUES("44","24","9","13","3","2022-08-02","10:00:00","2022-08-03","0000-00-00","","");
INSERT INTO tbl_inscripcion_cita VALUES("45","31","6","13","3","2022-08-02","09:00:00","2022-08-03","0000-00-00","","");
INSERT INTO tbl_inscripcion_cita VALUES("46","30","6","13","3","2022-08-02","09:30:00","2022-08-03","0000-00-00","","");
INSERT INTO tbl_inscripcion_cita VALUES("47","27","6","13","3","2022-08-02","10:00:00","2022-08-03","0000-00-00","","");
INSERT INTO tbl_inscripcion_cita VALUES("48","25","9","9","3","2022-08-02","10:30:00","2022-08-03","0000-00-00","","");
INSERT INTO tbl_inscripcion_cita VALUES("49","9","6","13","3","2022-08-02","10:30:00","2022-08-03","0000-00-00","","");
INSERT INTO tbl_inscripcion_cita VALUES("50","29","1","13","2","2022-08-02","14:00:00","2022-08-03","0000-00-00","","");
INSERT INTO tbl_inscripcion_cita VALUES("51","10","1","13","2","2022-08-02","17:00:00","2022-08-03","0000-00-00","","");
INSERT INTO tbl_inscripcion_cita VALUES("52","9","1","13","2","2022-08-02","15:30:00","2022-08-03","0000-00-00","","");



DROP TABLE IF EXISTS tbl_matricula_academica;

CREATE TABLE `tbl_matricula_academica` (
  `CODIGO_MATRICULA` int(11) NOT NULL AUTO_INCREMENT,
  `CODIGO_CARGA` int(5) DEFAULT NULL,
  `CODIGO_ESTUDIANTE` int(5) DEFAULT NULL,
  `OBSERVACION` int(5) DEFAULT NULL,
  `FECHA_MATRICULA` date DEFAULT NULL,
  `OBSERVACION_MATRICULA` longtext COLLATE utf8mb4_bin DEFAULT NULL,
  `FECHA_FINALMATRICULA` date DEFAULT NULL,
  `CREADO_POR_USUARIO` varchar(20) COLLATE utf8mb4_bin DEFAULT NULL,
  `FECHA_CREACION` date DEFAULT NULL,
  `FECHA_MODIFICACION` date DEFAULT NULL,
  `MODIFICADO_POR` varchar(20) COLLATE utf8mb4_bin DEFAULT NULL,
  PRIMARY KEY (`CODIGO_MATRICULA`),
  KEY `FK_COD_ESTU` (`CODIGO_ESTUDIANTE`),
  KEY `FK_COD_CARGA_MATR` (`CODIGO_CARGA`),
  KEY `FK_COD_ESTA_MATR` (`OBSERVACION`)
) ENGINE=InnoDB AUTO_INCREMENT=25 DEFAULT CHARSET=utf8mb4 COLLATE=utf8mb4_bin;

INSERT INTO tbl_matricula_academica VALUES("2","3","4","13","2022-07-27","Falta de atención remitirlo al psicólogo","2022-07-26","CESAR","2022-07-27","","");
INSERT INTO tbl_matricula_academica VALUES("3","2","7","9","2022-07-27","","","LUZ","2022-07-27","","");
INSERT INTO tbl_matricula_academica VALUES("4","1","5","13","2022-07-27","  Debe ir a misa todos los domingos","2022-07-26","RUT","2022-07-27","","");
INSERT INTO tbl_matricula_academica VALUES("5","1","6","9","2022-07-27","","","GABRIELA","2022-07-27","","");
INSERT INTO tbl_matricula_academica VALUES("6","3","1","13","2022-07-27","Practicar en las operaciones de sumar","2022-07-26","CESAR","2022-07-27","","");
INSERT INTO tbl_matricula_academica VALUES("7","3","5","9","2022-07-27","","","RUT","2022-07-27","","");
INSERT INTO tbl_matricula_academica VALUES("8","6","5","9","2022-07-27","","","RUT","2022-07-27","","");
INSERT INTO tbl_matricula_academica VALUES("9","5","4","9","2022-07-27","","","CESAR","2022-07-27","","");
INSERT INTO tbl_matricula_academica VALUES("10","2","8","9","2022-07-27","","","ADMIN","2022-07-27","","");
INSERT INTO tbl_matricula_academica VALUES("12","2","2","9","2022-07-27","","","ALEXANDER","2022-07-27","","");
INSERT INTO tbl_matricula_academica VALUES("14","1","8","9","2022-07-27","","","ADMIN","2022-07-27","","");
INSERT INTO tbl_matricula_academica VALUES("15","3","2","9","2022-07-27","","","ALEXANDER","2022-07-27","","");
INSERT INTO tbl_matricula_academica VALUES("16","1","1","9","2022-07-27","","","CESAR","2022-07-27","","");
INSERT INTO tbl_matricula_academica VALUES("17","5","7","9","2022-07-27","","","LUZ","2022-07-27","","");
INSERT INTO tbl_matricula_academica VALUES("18","6","1","9","2022-07-27","","","GABRIELA","2022-07-27","","");
INSERT INTO tbl_matricula_academica VALUES("19","1","2","9","2022-07-27","","","ALEXANDER","2022-07-27","","");
INSERT INTO tbl_matricula_academica VALUES("20","3","6","9","2022-07-27","","","GABRIELA","2022-07-27","","");
INSERT INTO tbl_matricula_academica VALUES("22","5","5","9","2022-07-29","","","ADMIN","2022-07-29","","");
INSERT INTO tbl_matricula_academica VALUES("23","2","1","9","2022-08-05","","","ALEXANDER","2022-08-05","","");
INSERT INTO tbl_matricula_academica VALUES("24","8","1","9","2022-08-05","","","ALEXANDER","2022-08-05","","");



DROP TABLE IF EXISTS tbl_medicamento;

CREATE TABLE `tbl_medicamento` (
  `CODIGO_MEDICAMENTO` varchar(10) NOT NULL,
  `NOMBRE_MEDICAMENTO` varchar(50) DEFAULT NULL,
  `DESCRIPCION` varchar(100) DEFAULT NULL,
  `CREADO_POR_USUARIO` varchar(20) DEFAULT NULL,
  `FECHA_CREACION` date DEFAULT NULL,
  `MODIFICADO_POR` varchar(20) DEFAULT NULL,
  `FECHA_MODIFICACION` date DEFAULT NULL,
  `CODIGO_ESTADO` int(11) NOT NULL,
  PRIMARY KEY (`CODIGO_MEDICAMENTO`),
  KEY `CODIGO_ESTADO` (`CODIGO_ESTADO`),
  CONSTRAINT `tbl_medicamento_ibfk_1` FOREIGN KEY (`CODIGO_ESTADO`) REFERENCES `tbl_estado` (`CODIGO_ESTADO`) ON DELETE CASCADE
) ENGINE=InnoDB DEFAULT CHARSET=utf8mb4;

INSERT INTO tbl_medicamento VALUES("0102","ACETAMINAFEN","PARA LA INFECCION","DANIEL","2022-07-27","","","2");
INSERT INTO tbl_medicamento VALUES("WJ785","ALERGIN","PARA LA ALERGIA","DANIEL","2022-07-27","","","2");



DROP TABLE IF EXISTS tbl_modalidad;

CREATE TABLE `tbl_modalidad` (
  `CODIGO_MODALIDA` int(11) NOT NULL AUTO_INCREMENT,
  `TIPO` varchar(50) COLLATE utf8mb4_bin NOT NULL,
  `DESCRIPCION` varchar(255) COLLATE utf8mb4_bin DEFAULT NULL,
  PRIMARY KEY (`CODIGO_MODALIDA`)
) ENGINE=InnoDB AUTO_INCREMENT=2 DEFAULT CHARSET=utf8mb4 COLLATE=utf8mb4_bin;

INSERT INTO tbl_modalidad VALUES("1","PRESENCIAL","tienen que ir");



DROP TABLE IF EXISTS tbl_ms_hist_contrasena;

CREATE TABLE `tbl_ms_hist_contrasena` (
  `CODIGO_HIST_CONTRASENA` int(11) NOT NULL AUTO_INCREMENT,
  `CODIGO_USUARIO` int(5) NOT NULL,
  `CONTRASENA` varchar(255) COLLATE utf8mb4_bin DEFAULT NULL,
  `CREADO_POR_USUARIO` varchar(20) COLLATE utf8mb4_bin DEFAULT NULL,
  `FECHA_CREACION` date NOT NULL,
  `FECHA_MODIFICACION` date DEFAULT NULL,
  `MODIFICADO_POR` varchar(20) COLLATE utf8mb4_bin DEFAULT NULL,
  PRIMARY KEY (`CODIGO_HIST_CONTRASENA`),
  KEY `FK_COD_USU_HISCON` (`CODIGO_USUARIO`)
) ENGINE=InnoDB AUTO_INCREMENT=34 DEFAULT CHARSET=utf8mb4 COLLATE=utf8mb4_bin;

INSERT INTO tbl_ms_hist_contrasena VALUES("1","2","$2a$07$usesomesillystringfore37tskQ0TgAuqkXPeNH3AVSZts/Lxk.i","2","0000-00-00","","");
INSERT INTO tbl_ms_hist_contrasena VALUES("2","4","$2a$07$usesomesillystringforePP9wVrG7ur0QdkQ9rpSzfE/DlP4e8u.","4","0000-00-00","","");
INSERT INTO tbl_ms_hist_contrasena VALUES("3","6","$2a$07$usesomesillystringforeP7mXKbfh9ebyT3M.rcGnqD3gYHLx/pu","6","0000-00-00","","");
INSERT INTO tbl_ms_hist_contrasena VALUES("4","5","$2a$07$usesomesillystringfore55fKevwQuQAFVH9Lewld91JpLY1ghPG","5","0000-00-00","","");
INSERT INTO tbl_ms_hist_contrasena VALUES("5","3","$2a$07$usesomesillystringforeFz7dK1VZWNMEJiH0HNOXYw/HL.5hY4.","3","0000-00-00","","");
INSERT INTO tbl_ms_hist_contrasena VALUES("6","7","$2a$07$usesomesillystringforelk7hEP5l/8xGhqhzzpBD065n5bEXx2S","7","0000-00-00","","");
INSERT INTO tbl_ms_hist_contrasena VALUES("7","11","$2a$07$usesomesillystringforePH8CXTpBjgw/NZeLeXQ6eBg2yFS9OE.","11","0000-00-00","","");
INSERT INTO tbl_ms_hist_contrasena VALUES("8","12","$2a$07$usesomesillystringforeUBzOoe/fyqEveRzs1qiMcRg0TjegQPu","12","0000-00-00","","");
INSERT INTO tbl_ms_hist_contrasena VALUES("9","15","$2a$07$usesomesillystringforeFUN5v3JgHk8ENz9lcf.hrCfeYRowdmi","15","0000-00-00","","");
INSERT INTO tbl_ms_hist_contrasena VALUES("10","17","$2a$07$usesomesillystringforeto0mvDpaV0DK4cFtWyWxnWiZ4qt7Z4.","17","0000-00-00","","");
INSERT INTO tbl_ms_hist_contrasena VALUES("11","13","$2a$07$usesomesillystringfore/K7kHH0AKBo3XrR19eUxnbbahup7owe","13","0000-00-00","","");
INSERT INTO tbl_ms_hist_contrasena VALUES("12","20","$2a$07$usesomesillystringforeUvuV8h0neq0uPPmQLgOJsjz2TeSbXeC","20","0000-00-00","","");
INSERT INTO tbl_ms_hist_contrasena VALUES("13","21","$2a$07$usesomesillystringforeC1qiwiZxWnmXgS0TeTaf41.2zC9eoJa","21","0000-00-00","","");
INSERT INTO tbl_ms_hist_contrasena VALUES("14","16","$2a$07$usesomesillystringfore.OFApK0lnq2pWTrZBEzPs25tOi/peQO","16","0000-00-00","","");
INSERT INTO tbl_ms_hist_contrasena VALUES("15","8","$2a$07$usesomesillystringfore24KuaN0qO9IVZ9tIXt3l5Gy/G5o.KWm","8","0000-00-00","","");
INSERT INTO tbl_ms_hist_contrasena VALUES("16","10","$2a$07$usesomesillystringforecHYBqgWfna9zyvdLydQv0EYK49B5C82","10","0000-00-00","","");
INSERT INTO tbl_ms_hist_contrasena VALUES("17","14","$2a$07$usesomesillystringforeVxRNnRV8j0V/Qv7SN5pK5Zs/4jXqeqa","14","0000-00-00","","");
INSERT INTO tbl_ms_hist_contrasena VALUES("18","18","$2a$07$usesomesillystringforeOe47YYBALHNylsq90yhjERGpHl.p9kG","18","0000-00-00","","");
INSERT INTO tbl_ms_hist_contrasena VALUES("19","19","$2a$07$usesomesillystringforeVTuDZ.MUZx5QQxqolAMBpd2VqKlfrRa","19","0000-00-00","","");
INSERT INTO tbl_ms_hist_contrasena VALUES("20","22","$2a$07$usesomesillystringforemrCfnY4uA0DxWUm8xBIP17QxqXX.scS","22","0000-00-00","","");
INSERT INTO tbl_ms_hist_contrasena VALUES("21","23","$2a$07$usesomesillystringforehRJWC.CF6mpqr2p1llRk3PxU/cZ65DS","23","0000-00-00","","");
INSERT INTO tbl_ms_hist_contrasena VALUES("22","24","$2a$07$usesomesillystringforeHgs1s2uw38U9bfe/nzsY9NxbYN5tPiC","24","0000-00-00","","");
INSERT INTO tbl_ms_hist_contrasena VALUES("23","25","$2a$07$usesomesillystringforeBNDqae843YwiG.YpUXHq9I4KSLbDAQ6","25","0000-00-00","","");
INSERT INTO tbl_ms_hist_contrasena VALUES("24","26","$2a$07$usesomesillystringfore6EINqszN38WG50TBh9xqXuz82S4gTBK","26","0000-00-00","","");
INSERT INTO tbl_ms_hist_contrasena VALUES("25","27","$2a$07$usesomesillystringforeP5wUikw4pkTxWim7XoEvmNeS8uKtbjS","27","0000-00-00","","");
INSERT INTO tbl_ms_hist_contrasena VALUES("26","9","$2a$07$usesomesillystringforeK2F0CA.OyIc/hzje/abe5/.lBawI8Ca","9","0000-00-00","","");
INSERT INTO tbl_ms_hist_contrasena VALUES("27","29","$2a$07$usesomesillystringforeblZb1GTXAapsXwHWRL.b5euZYiVxqqi","29","0000-00-00","","");
INSERT INTO tbl_ms_hist_contrasena VALUES("28","2","$2a$07$usesomesillystringforeCFgULGhtYgEopegGdjbjYiHOQCeHz.S","2","0000-00-00","","");
INSERT INTO tbl_ms_hist_contrasena VALUES("29","5","$2a$07$usesomesillystringforek7hUNAdfzELkC2Xk6YPva7JCsoP6rh.","5","0000-00-00","","");
INSERT INTO tbl_ms_hist_contrasena VALUES("30","30","$2a$07$usesomesillystringforexaT521Gc5.mSUIJJ0vSh13z7PZH50h2","30","0000-00-00","","");
INSERT INTO tbl_ms_hist_contrasena VALUES("31","28","$2a$07$usesomesillystringforef3K3SHJ3KU57GQVdI9QQ7CPsELwicyS","28","0000-00-00","","");
INSERT INTO tbl_ms_hist_contrasena VALUES("32","31","$2a$07$usesomesillystringforeo.Za9sjz40Tnh798TxidWyZRTQ.mtoC","31","0000-00-00","","");
INSERT INTO tbl_ms_hist_contrasena VALUES("33","32","$2a$07$usesomesillystringforeXAQheGJF7USzYzdQgtA7gv6RllsR2Va","32","0000-00-00","","");



DROP TABLE IF EXISTS tbl_objetos;

CREATE TABLE `tbl_objetos` (
  `CODIGO_OBJETO` int(11) NOT NULL AUTO_INCREMENT,
  `NOMBRE` varchar(100) COLLATE utf8mb4_bin NOT NULL,
  `DESCRIPCION` varchar(255) COLLATE utf8mb4_bin NOT NULL,
  `CREADO_POR_USUARIO` varchar(20) COLLATE utf8mb4_bin DEFAULT NULL,
  `FECHA_CREACION` date NOT NULL,
  `FECHA_MODIFICACION` date DEFAULT NULL,
  `MODIFICADO_POR` varchar(20) COLLATE utf8mb4_bin DEFAULT NULL,
  PRIMARY KEY (`CODIGO_OBJETO`)
) ENGINE=InnoDB AUTO_INCREMENT=55 DEFAULT CHARSET=utf8mb4 COLLATE=utf8mb4_bin;

INSERT INTO tbl_objetos VALUES("1","MANTENIMIENTO DE ESTADOS","SISTEMA DE ADMINISTRACION. ","Administrador","2022-02-09","2022-07-08","ADMIN");
INSERT INTO tbl_objetos VALUES("2","MANTENIMIENTO DE ROLES","OBJETO DONDE SE REGISTRAN PERSONAS   ","Administrador","2022-02-06","2022-07-08","ADMIN");
INSERT INTO tbl_objetos VALUES("3","MANTENIMIENTO DE PARAMETROS"," OBJETO MANTENIMIENTO PARAMETROS","Administrador","2022-03-04","2022-07-08","ADMIN");
INSERT INTO tbl_objetos VALUES("4","MANTENIMIENTO DE PREGUNTAS","OBJETO MANTENIMIENTO PREGUNTAS  ","ADMIN","2022-03-04","2022-07-08","ADMIN");
INSERT INTO tbl_objetos VALUES("5","MANTENIMIENTO DE PERMISOS","OBJETO MANTENIMIENTO PERMISOS  ","ADMIN","2022-03-04","2022-07-08","ADMIN");
INSERT INTO tbl_objetos VALUES("6","MANTENIMIENTO DE OBJETOS","OBJETO MANTENIMIENTO OBJETOS","ADMIN","2022-03-04","2022-07-08","ADMIN");
INSERT INTO tbl_objetos VALUES("7","BITACORA DEL SISTEMA","OBJETO CONSULTA BITACORA ","ADMIN","2022-03-04","2022-06-20","ADMIN");
INSERT INTO tbl_objetos VALUES("10","RESPALDO Y RESTAURACION","OBJETO MANTENIMIENTO BACKUP  ","ADMIN","2022-03-04","2022-07-08","ADMIN");
INSERT INTO tbl_objetos VALUES("20","GESTION CARGA ACADEMICA Y ESPIRITUAL","OBJETO MANTENIMIENTO CARGA ACADÉMICA Y ESPIRITUAL","ADMIN","2022-03-04","2022-07-08","ADMIN");
INSERT INTO tbl_objetos VALUES("23","MATRICULA ACADEMICA Y ESPIRITUAL","GESTION DE LA MATRICULA ACADEMICA Y ESPIRITUAL","ADMIN","2022-03-04","2022-07-08","ADMIN");
INSERT INTO tbl_objetos VALUES("25","GESTION USUARIOS","GESTION DE LOS DATOS DE LOS USUARIOS","","0000-00-00","2022-07-07","ADMIN");
INSERT INTO tbl_objetos VALUES("26","GESTION DE ESTUDIANTES","OBJETO DE GESTION DE LOS ESTUDIANTES","ADMIN","2022-03-10","2022-07-07","ADMIN");
INSERT INTO tbl_objetos VALUES("27","SEGURIDAD","GESTION DE SEGURIDAD","ADMIN","2022-03-10","2022-07-07","ADMIN");
INSERT INTO tbl_objetos VALUES("30","AREA MEDICA","OBJETO DE GESTION DE LAS CITAS MEDICAS","ADMIN","2022-03-10","2022-07-07","ADMIN");
INSERT INTO tbl_objetos VALUES("31","AREA PSICOLOGIA","OBJETO DEL AREA PSICOLOGICA","ADMIN","2022-03-18","2022-07-07","ADMIN");
INSERT INTO tbl_objetos VALUES("32","GESTION DE CITAS","OBJETO QUE GESTIONA LAS CITAS","","2022-03-27","2022-07-07","ADMIN");
INSERT INTO tbl_objetos VALUES("38","AREA ACADEMICA","GESTIÓN DEL MÓDULO DEL TUTOR ACADEMICO","","2022-04-21","2022-07-08","ADMIN");
INSERT INTO tbl_objetos VALUES("49","GESTION DE PRECLINICA POR ENFERMEROS","OBJETO PARA VER PRECLINICA POR LOS ENFERMEROS","","2022-04-24","2022-07-08","ADMIN");
INSERT INTO tbl_objetos VALUES("50","GESTION DE PRECLINICA POR MEDICOS","OBJETO PARA VER PRECLINICA POR PARTE DE LOS MEDICOS","","2022-04-24","2022-07-08","ADMIN");
INSERT INTO tbl_objetos VALUES("51","AREA DE ESTUDIANTES","VER LO ASIGNADO A EL ESTUDIANTE.","ADMIN","2022-05-03","2022-07-08","ADMIN");
INSERT INTO tbl_objetos VALUES("52","AREA ESPIRITUAL","GESTION DEL AREA ESPIRITUAL POR EL CATEQUISTA","ALBERT","2022-05-06","2022-07-08","ADMIN");
INSERT INTO tbl_objetos VALUES("54","ACCESO AL SISTEMA","OBJETO QUE DESCRIBE EL ACCESO AL SISTEMA","HOLA","2022-06-18","0000-00-00","");



DROP TABLE IF EXISTS tbl_parametros;

CREATE TABLE `tbl_parametros` (
  `CODIGO_PARAMETRO` int(11) NOT NULL AUTO_INCREMENT,
  `PARAMETRO` varchar(100) COLLATE utf8mb4_bin NOT NULL,
  `VALOR` varchar(100) COLLATE utf8mb4_bin DEFAULT NULL,
  `CREADO_POR_USUARIO` varchar(20) COLLATE utf8mb4_bin DEFAULT NULL,
  `FECHA_CREACION` date NOT NULL,
  `FECHA_MODIFICACION` date DEFAULT NULL,
  `MODIFICADO_POR` varchar(20) COLLATE utf8mb4_bin DEFAULT NULL,
  PRIMARY KEY (`CODIGO_PARAMETRO`)
) ENGINE=InnoDB AUTO_INCREMENT=22 DEFAULT CHARSET=utf8mb4 COLLATE=utf8mb4_bin;

INSERT INTO tbl_parametros VALUES("1","NUM_INTEN_VALIDOS","3","Administrador","2022-02-07","2022-03-10","ADMIN");
INSERT INTO tbl_parametros VALUES("2","NUM_MAX_PREGUNTAS","2","Administrador","2022-02-07","2022-08-11","ALEXANDER");
INSERT INTO tbl_parametros VALUES("3","NUM_MAX_CONTRASENAS","8","Administrador","2022-02-07","2022-03-10","ADMIN");
INSERT INTO tbl_parametros VALUES("4","NUM_MAX_CARACTER","15","Administrador","2022-02-07","2022-04-07","ADMIN");
INSERT INTO tbl_parametros VALUES("5","ADMIN_SERVIDOR_CORREO","smtp-mail.outlook.com","","0000-00-00","2022-07-06","LUIS");
INSERT INTO tbl_parametros VALUES("6","ADMIN_CPASSWORD","Prosecar123*","","0000-00-00","","");
INSERT INTO tbl_parametros VALUES("7","ADMIN_CUSUARIO","pruebaprosecar@outlook.com","","0000-00-00","2022-07-06","LUIS");
INSERT INTO tbl_parametros VALUES("8","ADMIN_CPUERTO","587","ADMIN","2022-03-07","0000-00-00","");
INSERT INTO tbl_parametros VALUES("10","NOMBRE_EMPRESA","PROYECTO SEMILLERO CARMELITANO PROSECAR\n","ADMIN","2022-03-22","0000-00-00","");
INSERT INTO tbl_parametros VALUES("11","MAX_MESES_DE_TUTURIA","6","ADMIN","0000-00-00","0000-00-00","");
INSERT INTO tbl_parametros VALUES("12","HORA_INICIO_ATENCIONCITA","09:00","ADMIN","0000-00-00","0000-00-00","");
INSERT INTO tbl_parametros VALUES("13","HORA_FINAL_ATENCIONCITA","18:00","ADMIN","0000-00-00","0000-00-00","");
INSERT INTO tbl_parametros VALUES("14","HORA_INICIO_CARGAACADEMICA","09:00","ADMIN","0000-00-00","0000-00-00","");
INSERT INTO tbl_parametros VALUES("15","HORA_FINAL_CARGAACADEMICA","18:00","ADMIN","0000-00-00","0000-00-00","");
INSERT INTO tbl_parametros VALUES("16","NUM_MIN_CARACTER","5","Administrador","2022-05-26","0000-00-00","");
INSERT INTO tbl_parametros VALUES("17","MAX_USUARIO","15","Administrador","2022-05-26","0000-00-00","");
INSERT INTO tbl_parametros VALUES("18","MIN_USUARIO","3","Administrador","2022-05-26","0000-00-00","");
INSERT INTO tbl_parametros VALUES("19","NUM_INTENTOS_PREGUNTAS","2","Administrador","2022-05-31","0000-00-00","");
INSERT INTO tbl_parametros VALUES("20","MIN_RESPUESTA_PREGUNTAS","4","","0000-00-00","0000-00-00","");
INSERT INTO tbl_parametros VALUES("21","MAX_RESPUESTA_PREGUNTAS","50","","0000-00-00","0000-00-00","");



DROP TABLE IF EXISTS tbl_parametros_usuarios;

CREATE TABLE `tbl_parametros_usuarios` (
  `CODIGO_PARAM_USUARIO` int(11) NOT NULL AUTO_INCREMENT,
  `CODIGO_USUARIO` int(5) DEFAULT NULL,
  `CODIGO_PARAMETRO` int(5) DEFAULT NULL,
  `PAR_VALOR` int(5) DEFAULT NULL,
  `CREADO_POR_USUARIO` varchar(20) COLLATE utf8mb4_bin DEFAULT NULL,
  `FECHA_CREACION` date NOT NULL,
  `FECHA_MODIFICACION` date DEFAULT NULL,
  `MODIFICADO_POR` varchar(20) COLLATE utf8mb4_bin DEFAULT NULL,
  PRIMARY KEY (`CODIGO_PARAM_USUARIO`),
  KEY `FK_CODPAR_USU` (`CODIGO_USUARIO`),
  KEY `FK_CODPAR_PAR` (`CODIGO_PARAMETRO`)
) ENGINE=InnoDB AUTO_INCREMENT=126 DEFAULT CHARSET=utf8mb4 COLLATE=utf8mb4_bin;

INSERT INTO tbl_parametros_usuarios VALUES("1","1","1","0","","0000-00-00","","");
INSERT INTO tbl_parametros_usuarios VALUES("2","2","1","0","","0000-00-00","2022-08-11","");
INSERT INTO tbl_parametros_usuarios VALUES("3","2","2","1","","0000-00-00","","");
INSERT INTO tbl_parametros_usuarios VALUES("4","2","3","0","","0000-00-00","","");
INSERT INTO tbl_parametros_usuarios VALUES("5","2","19","1","","0000-00-00","","");
INSERT INTO tbl_parametros_usuarios VALUES("6","3","1","0","","0000-00-00","","");
INSERT INTO tbl_parametros_usuarios VALUES("7","3","2","1","","0000-00-00","","");
INSERT INTO tbl_parametros_usuarios VALUES("8","3","3","0","","0000-00-00","","");
INSERT INTO tbl_parametros_usuarios VALUES("9","3","19","0","","0000-00-00","","");
INSERT INTO tbl_parametros_usuarios VALUES("10","4","1","0","","0000-00-00","","");
INSERT INTO tbl_parametros_usuarios VALUES("11","4","2","1","","0000-00-00","","");
INSERT INTO tbl_parametros_usuarios VALUES("12","4","3","0","","0000-00-00","","");
INSERT INTO tbl_parametros_usuarios VALUES("13","4","19","0","","0000-00-00","","");
INSERT INTO tbl_parametros_usuarios VALUES("14","5","1","3","","0000-00-00","","");
INSERT INTO tbl_parametros_usuarios VALUES("15","5","2","1","","0000-00-00","","");
INSERT INTO tbl_parametros_usuarios VALUES("16","5","3","0","","0000-00-00","","");
INSERT INTO tbl_parametros_usuarios VALUES("17","5","19","0","","0000-00-00","","");
INSERT INTO tbl_parametros_usuarios VALUES("18","6","1","1","","0000-00-00","","");
INSERT INTO tbl_parametros_usuarios VALUES("19","6","2","1","","0000-00-00","","");
INSERT INTO tbl_parametros_usuarios VALUES("20","6","3","0","","0000-00-00","","");
INSERT INTO tbl_parametros_usuarios VALUES("21","6","19","0","","0000-00-00","","");
INSERT INTO tbl_parametros_usuarios VALUES("22","7","1","1","","0000-00-00","","");
INSERT INTO tbl_parametros_usuarios VALUES("23","7","2","1","","0000-00-00","","");
INSERT INTO tbl_parametros_usuarios VALUES("24","7","3","0","","0000-00-00","","");
INSERT INTO tbl_parametros_usuarios VALUES("25","7","19","0","","0000-00-00","","");
INSERT INTO tbl_parametros_usuarios VALUES("26","8","1","0","","0000-00-00","","");
INSERT INTO tbl_parametros_usuarios VALUES("27","8","2","1","","0000-00-00","","");
INSERT INTO tbl_parametros_usuarios VALUES("28","8","3","0","","0000-00-00","","");
INSERT INTO tbl_parametros_usuarios VALUES("29","8","19","0","","0000-00-00","","");
INSERT INTO tbl_parametros_usuarios VALUES("30","9","1","0","","0000-00-00","","");
INSERT INTO tbl_parametros_usuarios VALUES("31","9","2","1","","0000-00-00","","");
INSERT INTO tbl_parametros_usuarios VALUES("32","9","3","0","","0000-00-00","","");
INSERT INTO tbl_parametros_usuarios VALUES("33","9","19","0","","0000-00-00","","");
INSERT INTO tbl_parametros_usuarios VALUES("34","10","1","0","","0000-00-00","","");
INSERT INTO tbl_parametros_usuarios VALUES("35","10","2","1","","0000-00-00","","");
INSERT INTO tbl_parametros_usuarios VALUES("36","10","3","0","","0000-00-00","","");
INSERT INTO tbl_parametros_usuarios VALUES("37","10","19","0","","0000-00-00","","");
INSERT INTO tbl_parametros_usuarios VALUES("38","11","1","1","","0000-00-00","","");
INSERT INTO tbl_parametros_usuarios VALUES("39","11","2","1","","0000-00-00","","");
INSERT INTO tbl_parametros_usuarios VALUES("40","11","3","0","","0000-00-00","","");
INSERT INTO tbl_parametros_usuarios VALUES("41","11","19","0","","0000-00-00","","");
INSERT INTO tbl_parametros_usuarios VALUES("42","12","1","0","","0000-00-00","","");
INSERT INTO tbl_parametros_usuarios VALUES("43","12","2","1","","0000-00-00","","");
INSERT INTO tbl_parametros_usuarios VALUES("44","12","3","0","","0000-00-00","","");
INSERT INTO tbl_parametros_usuarios VALUES("45","12","19","0","","0000-00-00","","");
INSERT INTO tbl_parametros_usuarios VALUES("46","13","1","0","","0000-00-00","","");
INSERT INTO tbl_parametros_usuarios VALUES("47","13","2","1","","0000-00-00","","");
INSERT INTO tbl_parametros_usuarios VALUES("48","13","3","0","","0000-00-00","","");
INSERT INTO tbl_parametros_usuarios VALUES("49","13","19","0","","0000-00-00","","");
INSERT INTO tbl_parametros_usuarios VALUES("50","14","1","0","","0000-00-00","","");
INSERT INTO tbl_parametros_usuarios VALUES("51","14","2","1","","0000-00-00","","");
INSERT INTO tbl_parametros_usuarios VALUES("52","14","3","0","","0000-00-00","","");
INSERT INTO tbl_parametros_usuarios VALUES("53","14","19","0","","0000-00-00","","");
INSERT INTO tbl_parametros_usuarios VALUES("54","15","1","0","","0000-00-00","","");
INSERT INTO tbl_parametros_usuarios VALUES("55","15","2","1","","0000-00-00","","");
INSERT INTO tbl_parametros_usuarios VALUES("56","15","3","0","","0000-00-00","","");
INSERT INTO tbl_parametros_usuarios VALUES("57","15","19","0","","0000-00-00","","");
INSERT INTO tbl_parametros_usuarios VALUES("58","16","1","0","","0000-00-00","","");
INSERT INTO tbl_parametros_usuarios VALUES("59","16","2","1","","0000-00-00","","");
INSERT INTO tbl_parametros_usuarios VALUES("60","16","3","0","","0000-00-00","","");
INSERT INTO tbl_parametros_usuarios VALUES("61","16","19","0","","0000-00-00","","");
INSERT INTO tbl_parametros_usuarios VALUES("62","17","1","0","","0000-00-00","","");
INSERT INTO tbl_parametros_usuarios VALUES("63","17","2","1","","0000-00-00","","");
INSERT INTO tbl_parametros_usuarios VALUES("64","17","3","0","","0000-00-00","","");
INSERT INTO tbl_parametros_usuarios VALUES("65","17","19","0","","0000-00-00","","");
INSERT INTO tbl_parametros_usuarios VALUES("66","18","1","0","","0000-00-00","","");
INSERT INTO tbl_parametros_usuarios VALUES("67","18","2","1","","0000-00-00","","");
INSERT INTO tbl_parametros_usuarios VALUES("68","18","3","0","","0000-00-00","","");
INSERT INTO tbl_parametros_usuarios VALUES("69","18","19","0","","0000-00-00","","");
INSERT INTO tbl_parametros_usuarios VALUES("70","19","1","0","","0000-00-00","","");
INSERT INTO tbl_parametros_usuarios VALUES("71","19","2","1","","0000-00-00","","");
INSERT INTO tbl_parametros_usuarios VALUES("72","19","3","0","","0000-00-00","","");
INSERT INTO tbl_parametros_usuarios VALUES("73","19","19","0","","0000-00-00","","");
INSERT INTO tbl_parametros_usuarios VALUES("74","20","1","1","","0000-00-00","","");
INSERT INTO tbl_parametros_usuarios VALUES("75","20","2","1","","0000-00-00","","");
INSERT INTO tbl_parametros_usuarios VALUES("76","20","3","0","","0000-00-00","","");
INSERT INTO tbl_parametros_usuarios VALUES("77","20","19","0","","0000-00-00","","");
INSERT INTO tbl_parametros_usuarios VALUES("78","21","1","0","","0000-00-00","","");
INSERT INTO tbl_parametros_usuarios VALUES("79","21","2","1","","0000-00-00","","");
INSERT INTO tbl_parametros_usuarios VALUES("80","21","3","0","","0000-00-00","","");
INSERT INTO tbl_parametros_usuarios VALUES("81","21","19","0","","0000-00-00","","");
INSERT INTO tbl_parametros_usuarios VALUES("82","22","1","0","","0000-00-00","","");
INSERT INTO tbl_parametros_usuarios VALUES("83","22","2","1","","0000-00-00","","");
INSERT INTO tbl_parametros_usuarios VALUES("84","22","3","0","","0000-00-00","","");
INSERT INTO tbl_parametros_usuarios VALUES("85","22","19","0","","0000-00-00","","");
INSERT INTO tbl_parametros_usuarios VALUES("86","23","1","0","","0000-00-00","","");
INSERT INTO tbl_parametros_usuarios VALUES("87","23","2","1","","0000-00-00","","");
INSERT INTO tbl_parametros_usuarios VALUES("88","23","3","0","","0000-00-00","","");
INSERT INTO tbl_parametros_usuarios VALUES("89","23","19","0","","0000-00-00","","");
INSERT INTO tbl_parametros_usuarios VALUES("90","24","1","0","","0000-00-00","","");
INSERT INTO tbl_parametros_usuarios VALUES("91","24","2","1","","0000-00-00","","");
INSERT INTO tbl_parametros_usuarios VALUES("92","24","3","0","","0000-00-00","","");
INSERT INTO tbl_parametros_usuarios VALUES("93","24","19","0","","0000-00-00","","");
INSERT INTO tbl_parametros_usuarios VALUES("94","25","1","0","","0000-00-00","","");
INSERT INTO tbl_parametros_usuarios VALUES("95","25","2","1","","0000-00-00","","");
INSERT INTO tbl_parametros_usuarios VALUES("96","25","3","0","","0000-00-00","","");
INSERT INTO tbl_parametros_usuarios VALUES("97","25","19","0","","0000-00-00","","");
INSERT INTO tbl_parametros_usuarios VALUES("98","26","1","0","","0000-00-00","","");
INSERT INTO tbl_parametros_usuarios VALUES("99","26","2","1","","0000-00-00","","");
INSERT INTO tbl_parametros_usuarios VALUES("100","26","3","0","","0000-00-00","","");
INSERT INTO tbl_parametros_usuarios VALUES("101","26","19","0","","0000-00-00","","");
INSERT INTO tbl_parametros_usuarios VALUES("102","27","1","0","","0000-00-00","","");
INSERT INTO tbl_parametros_usuarios VALUES("103","27","2","1","","0000-00-00","","");
INSERT INTO tbl_parametros_usuarios VALUES("104","27","3","0","","0000-00-00","","");
INSERT INTO tbl_parametros_usuarios VALUES("105","27","19","0","","0000-00-00","","");
INSERT INTO tbl_parametros_usuarios VALUES("106","28","1","1","","0000-00-00","","");
INSERT INTO tbl_parametros_usuarios VALUES("107","28","2","1","","0000-00-00","","");
INSERT INTO tbl_parametros_usuarios VALUES("108","28","3","0","","0000-00-00","","");
INSERT INTO tbl_parametros_usuarios VALUES("109","28","19","0","","0000-00-00","","");
INSERT INTO tbl_parametros_usuarios VALUES("110","29","1","3","","0000-00-00","2022-08-11","");
INSERT INTO tbl_parametros_usuarios VALUES("111","29","2","1","","0000-00-00","","");
INSERT INTO tbl_parametros_usuarios VALUES("112","29","3","0","","0000-00-00","","");
INSERT INTO tbl_parametros_usuarios VALUES("113","29","19","0","","0000-00-00","","");
INSERT INTO tbl_parametros_usuarios VALUES("114","30","1","2","","0000-00-00","2022-08-11","");
INSERT INTO tbl_parametros_usuarios VALUES("115","30","2","1","","0000-00-00","","");
INSERT INTO tbl_parametros_usuarios VALUES("116","30","3","0","","0000-00-00","","");
INSERT INTO tbl_parametros_usuarios VALUES("117","30","19","0","","0000-00-00","","");
INSERT INTO tbl_parametros_usuarios VALUES("118","31","1","0","","0000-00-00","","");
INSERT INTO tbl_parametros_usuarios VALUES("119","31","2","1","","0000-00-00","","");
INSERT INTO tbl_parametros_usuarios VALUES("120","31","3","0","","0000-00-00","","");
INSERT INTO tbl_parametros_usuarios VALUES("121","31","19","0","","0000-00-00","","");
INSERT INTO tbl_parametros_usuarios VALUES("122","32","1","1","","0000-00-00","","");
INSERT INTO tbl_parametros_usuarios VALUES("123","32","2","1","","0000-00-00","","");
INSERT INTO tbl_parametros_usuarios VALUES("124","32","3","0","","0000-00-00","","");
INSERT INTO tbl_parametros_usuarios VALUES("125","32","19","0","","0000-00-00","","");



DROP TABLE IF EXISTS tbl_parentesco;

CREATE TABLE `tbl_parentesco` (
  `CODIGO_PARENTESCO` int(11) NOT NULL AUTO_INCREMENT,
  `NOMBRE` varchar(50) DEFAULT NULL,
  PRIMARY KEY (`CODIGO_PARENTESCO`)
) ENGINE=InnoDB AUTO_INCREMENT=9 DEFAULT CHARSET=utf8mb4;

INSERT INTO tbl_parentesco VALUES("1","PADRE");
INSERT INTO tbl_parentesco VALUES("2","MADRE");
INSERT INTO tbl_parentesco VALUES("3","HERMANA");
INSERT INTO tbl_parentesco VALUES("4","HERMANO");
INSERT INTO tbl_parentesco VALUES("5","ABUELA");
INSERT INTO tbl_parentesco VALUES("6","ABUELO");
INSERT INTO tbl_parentesco VALUES("7","TIO");
INSERT INTO tbl_parentesco VALUES("8","TIA");



DROP TABLE IF EXISTS tbl_permisos;

CREATE TABLE `tbl_permisos` (
  `CODIGO_PERMISO` int(10) NOT NULL AUTO_INCREMENT,
  `CODIGO_TIPO_ROL` int(5) DEFAULT NULL,
  `CODIGO_OBJETO` int(5) DEFAULT NULL,
  `INSERTAR` varchar(5) COLLATE utf8mb4_bin DEFAULT NULL,
  `ELIMINAR` varchar(5) COLLATE utf8mb4_bin DEFAULT NULL,
  `ACTUALIZAR` varchar(5) COLLATE utf8mb4_bin DEFAULT NULL,
  `MOSTRAR` varchar(5) COLLATE utf8mb4_bin DEFAULT NULL,
  `CREADO_POR` varchar(15) COLLATE utf8mb4_bin DEFAULT NULL,
  `FECHA_CREACION` date DEFAULT NULL,
  `MODIFICADO_POR` varchar(15) COLLATE utf8mb4_bin DEFAULT NULL,
  `FECHA_MODIFICACION` date DEFAULT NULL,
  PRIMARY KEY (`CODIGO_PERMISO`),
  KEY `FK_CO_OBJECT` (`CODIGO_OBJETO`),
  KEY `FK_CO_TROL` (`CODIGO_TIPO_ROL`)
) ENGINE=InnoDB AUTO_INCREMENT=100 DEFAULT CHARSET=utf8mb4 COLLATE=utf8mb4_bin;

INSERT INTO tbl_permisos VALUES("1","1","1","SI","SI","SI","SI","Administrador","2022-03-02","$1","2022-07-08");
INSERT INTO tbl_permisos VALUES("6","1","2","SI","SI","SI","SI","ADMIN","2022-03-04","$1","2022-04-26");
INSERT INTO tbl_permisos VALUES("8","1","5","SI","SI","SI","SI","ADMIN","2022-03-05","ADMIN","2022-03-11");
INSERT INTO tbl_permisos VALUES("10","1","10","SI","SI","SI","SI","ADMIN","2022-03-05","$1","2022-08-12");
INSERT INTO tbl_permisos VALUES("13","1","3","SI","SI","SI","SI","ADMIN","2022-03-07","$1","2022-04-26");
INSERT INTO tbl_permisos VALUES("14","1","4","SI","SI","SI","SI","ADMIN","2022-03-07","$1","2022-04-26");
INSERT INTO tbl_permisos VALUES("15","2","38","SI","SI","SI","SI","ADMIN","2022-03-08","$1","2022-07-08");
INSERT INTO tbl_permisos VALUES("17","1","25","SI","SI","SI","SI","","0000-00-00","$1","2022-07-13");
INSERT INTO tbl_permisos VALUES("18","1","26","SI","SI","SI","SI","ADMIN","2022-03-10","$1","2022-07-13");
INSERT INTO tbl_permisos VALUES("19","1","27","SI","SI","SI","SI","ADMIN","2022-03-10","ADMIN","2022-03-10");
INSERT INTO tbl_permisos VALUES("23","1","7","SI","SI","SI","SI","ADMIN","2022-03-12","$1","2022-04-26");
INSERT INTO tbl_permisos VALUES("24","5","30","SI","SI","SI","SI","ADMIN","2022-03-14","$1","2022-07-08");
INSERT INTO tbl_permisos VALUES("25","4","31","SI","SI","SI","SI","ADMIN","2022-03-18","","0000-00-00");
INSERT INTO tbl_permisos VALUES("26","1","32","SI","SI","SI","SI","","2022-03-27","$1","2022-07-13");
INSERT INTO tbl_permisos VALUES("36","5","32","NO","NO","NO","NO","","2022-04-14","$1","2022-07-08");
INSERT INTO tbl_permisos VALUES("41","1","20","SI","SI","SI","SI","","2022-04-23","$1","2022-07-13");
INSERT INTO tbl_permisos VALUES("43","1","23","SI","SI","SI","SI","","2022-04-24","$1","2022-04-25");
INSERT INTO tbl_permisos VALUES("46","1","6","SI","SI","SI","SI","","2022-04-24","$1","2022-04-26");
INSERT INTO tbl_permisos VALUES("53","7","49","SI","SI","SI","SI","","2022-04-24","","0000-00-00");
INSERT INTO tbl_permisos VALUES("54","5","50","SI","SI","SI","SI","","2022-04-24","$1","2022-07-08");
INSERT INTO tbl_permisos VALUES("56","9","27","SI","SI","SI","SI","","2022-05-03","","0000-00-00");
INSERT INTO tbl_permisos VALUES("57","9","5","SI","SI","SI","SI","","2022-05-03","","0000-00-00");
INSERT INTO tbl_permisos VALUES("58","9","20","SI","SI","SI","SI","","2022-05-03","","0000-00-00");
INSERT INTO tbl_permisos VALUES("62","9","25","SI","SI","SI","SI","","2022-05-03","","0000-00-00");
INSERT INTO tbl_permisos VALUES("63","9","26","SI","SI","SI","SI","","2022-05-03","","0000-00-00");
INSERT INTO tbl_permisos VALUES("65","9","23","SI","SI","SI","SI","","2022-05-03","","0000-00-00");
INSERT INTO tbl_permisos VALUES("66","9","6","SI","SI","SI","SI","","2022-05-03","","0000-00-00");
INSERT INTO tbl_permisos VALUES("67","9","30","SI","SI","SI","SI","","2022-05-03","","0000-00-00");
INSERT INTO tbl_permisos VALUES("68","9","32","SI","SI","SI","SI","","2022-05-03","","0000-00-00");
INSERT INTO tbl_permisos VALUES("69","9","31","SI","SI","SI","SI","","2022-05-04","","0000-00-00");
INSERT INTO tbl_permisos VALUES("71","9","10","SI","SI","SI","SI","","2022-05-04","","0000-00-00");
INSERT INTO tbl_permisos VALUES("72","9","7","SI","SI","SI","SI","","2022-05-04","","0000-00-00");
INSERT INTO tbl_permisos VALUES("73","9","38","SI","SI","SI","SI","","2022-05-04","","0000-00-00");
INSERT INTO tbl_permisos VALUES("74","9","52","SI","SI","SI","SI","","2022-05-06","","0000-00-00");
INSERT INTO tbl_permisos VALUES("75","6","52","SI","SI","SI","SI","","2022-05-06","$1","2022-07-08");
INSERT INTO tbl_permisos VALUES("82","8","51","SI","SI","SI","SI","","2022-05-25","","0000-00-00");
INSERT INTO tbl_permisos VALUES("94","9","2","SI","SI","SI","SI","","2022-06-05","","0000-00-00");
INSERT INTO tbl_permisos VALUES("95","9","4","SI","SI","SI","SI","","2022-06-05","","0000-00-00");
INSERT INTO tbl_permisos VALUES("96","9","1","SI","SI","SI","SI","","2022-06-05","","0000-00-00");
INSERT INTO tbl_permisos VALUES("97","9","3","SI","SI","SI","SI","","2022-06-05","","0000-00-00");



DROP TABLE IF EXISTS tbl_persona;

CREATE TABLE `tbl_persona` (
  `CODIGO_PERSONA` int(11) NOT NULL AUTO_INCREMENT,
  `PRIMER_NOMBRE` varchar(20) COLLATE utf8mb4_bin NOT NULL,
  `SEGUNDO_NOMBRE` varchar(20) COLLATE utf8mb4_bin DEFAULT NULL,
  `PRIMER_APELLIDO` varchar(20) COLLATE utf8mb4_bin DEFAULT NULL,
  `SEGUNDO_APELLIDO` varchar(20) COLLATE utf8mb4_bin DEFAULT NULL,
  `DNI` varchar(15) COLLATE utf8mb4_bin DEFAULT NULL,
  `SEXO` char(1) COLLATE utf8mb4_bin DEFAULT NULL,
  `FECHA_NACIMIENTO` date DEFAULT NULL,
  `LUGAR_NACIMIENTO` varchar(30) COLLATE utf8mb4_bin DEFAULT NULL,
  `DIRECCION` varchar(500) COLLATE utf8mb4_bin NOT NULL,
  `FECHA_INSCRIPCION` date DEFAULT NULL,
  `FECHA_BAJA` date DEFAULT NULL,
  `CODIGO_TIPO_PERSONA` int(5) NOT NULL,
  `CREADO_POR_USUARIO` varchar(20) COLLATE utf8mb4_bin DEFAULT NULL,
  `FECHA_CREACION` date NOT NULL,
  `MODIFICADO_POR` varchar(20) COLLATE utf8mb4_bin DEFAULT NULL,
  `FECHA_MODIFICACION` date DEFAULT NULL,
  PRIMARY KEY (`CODIGO_PERSONA`),
  KEY `FK_COD_TIP_PERSONA` (`CODIGO_TIPO_PERSONA`),
  KEY `FK_SEX_PERSONA` (`SEXO`)
) ENGINE=InnoDB AUTO_INCREMENT=37 DEFAULT CHARSET=utf8mb4 COLLATE=utf8mb4_bin;

INSERT INTO tbl_persona VALUES("1","ADMIN","ADMIN","ADMIN","ADMIN","","M","2000-05-20","TEGUCIGALPA","","2022-07-26","","3","","2022-07-26","","");
INSERT INTO tbl_persona VALUES("2","DIANAA","RUT","GARCIA","AMADOR","0801200012391","F","2000-06-16","FRANCISCO MORAZAN","EN UNA CASITA :3","2022-07-26","","1","ADMIN","0000-00-00","","");
INSERT INTO tbl_persona VALUES("3","LUZ","MARÍA","MONTOYA","MEDINA","0801200108492","F","2001-05-04","TEGUCIGALPA","MI CASA","2022-07-26","","1","ADMIN","0000-00-00","","");
INSERT INTO tbl_persona VALUES("4","JOSE","LUIS","MORALES","DIAZ","0810199365874","M","1993-08-23","TEGUCIGALPA","COLONIA ALEMAN","2022-07-26","","1","ADMIN","0000-00-00","","");
INSERT INTO tbl_persona VALUES("5","GABRIELA","GISSELA","DIAZ","AGUILERA","0601197000182","F","1970-11-17","CHOLUTECA","BARRIO LAS COLINAS CHOLUTECA ","2022-07-26","","1","ADMIN","0000-00-00","","");
INSERT INTO tbl_persona VALUES("6","ARNOLD","ALEXANDER","CABALLERO","","1411199600015","M","1990-07-05","OCOTEPEQUE","LA LAGUNA","2022-07-26","","1","ADMIN","0000-00-00","","");
INSERT INTO tbl_persona VALUES("7","CESAR","FERNANDO","ROVELO","VELASQUEZ","0801199902485","M","1999-02-02","TEGUS","UN LUGAR ","2022-07-26","","1","ADMIN","0000-00-00","","");
INSERT INTO tbl_persona VALUES("8","JUAN","ALBERTO","PEREZ","CRUZ","1202199601236","M","1996-03-06","LA PAZ","COL. KENEDY","2022-07-26","","2","LUZ","0000-00-00","","");
INSERT INTO tbl_persona VALUES("9","DAVID","ALEJANDRO","OCHOA","MARQUEZ","0943928932402","M","2011-05-26","TEGUCIGALPA","PRADOS UNIVERSITARIO","2022-07-27","","4","","0000-00-00","","");
INSERT INTO tbl_persona VALUES("10","IKER","JOSUE","URQUIA","YANES","0801200902454","M","2009-05-01","TEGUCIGALPA","LA LAGUNA","2022-07-27","","4","","0000-00-00","","");
INSERT INTO tbl_persona VALUES("11","DANIEL","FERDINAND","MARTINEZ","MORADEL","9565566556556","M","1998-05-08","TEGUCIGALPA","COLONIA LAS COLINAS","2022-07-26","","5","JOSE","0000-00-00","","");
INSERT INTO tbl_persona VALUES("12","LIDIA","RAQUEL","AMADOR","BORJAS","0812331232123","F","1974-06-18","CHOLUTECA","LOMAS DLE GUIJARRO","2022-07-26","","6","RUT","0000-00-00","","");
INSERT INTO tbl_persona VALUES("13","YAMILETH","KARLA","AGUILERA","DIAZ","0612199500162","F","1995-11-21","PESPIRE","PESPIRE","2022-07-26","","8","GABRIELA","0000-00-00","","");
INSERT INTO tbl_persona VALUES("14","JOSUE","EMMANUEL","URQUIA","YANES","0801199015454","M","1990-02-05","TEGUCIGALPA","LA LAGUNA","2022-07-26","","7","ALEXANDER","0000-00-00","","");
INSERT INTO tbl_persona VALUES("15","SENDY","KARINA","MARQUEZ","VELASQUEZ","9891283901823","F","1979-06-13","TEGUCIGALPA","PRADOS UNIVERSITARIO","2022-07-26","","7","CESAR","0000-00-00","","");
INSERT INTO tbl_persona VALUES("16","ELENA","MARGARITA","MARTINEZ","CASTILLO","0801199032657","F","1990-07-13","TEGUCIGALPA","COL. 15 DE SEPTIEMBRE","2022-07-26","","2","LUZ","0000-00-00","","");
INSERT INTO tbl_persona VALUES("17","RAMON","JOEL","SOTO","DIAZ","4365445546543","M","1995-04-05","TEGUCIGALPA","COLONIA LAS BRISAS","2022-07-26","","5","ADMIN","0000-00-00","","");
INSERT INTO tbl_persona VALUES("18","FRANCISCO","","FLORES","","0602199001728","M","1990-07-30","CHOLUTECA","CHOLUTECA","2022-07-26","","8","GABRIELA","0000-00-00","","");
INSERT INTO tbl_persona VALUES("19","JOSUE","SAMUEL","AGUILAR","ZAPATO","0814700023212","M","1978-05-18","FRANCICOS MORAZA","LAS CASITAS","2022-07-26","","6","RUT","0000-00-00","","");
INSERT INTO tbl_persona VALUES("20","LAURA","","ESPINAL","","0611198501230","F","1985-10-06","VALLE","VALLE","2022-07-26","","8","GABRIELA","0000-00-00","","");
INSERT INTO tbl_persona VALUES("21","MARIA","JOSÉ","MONTALVAN","IRIAS","0803199909637","F","1999-03-09","TEGUCIGALPA","COL.  LAS VEGAS","2022-07-26","","2","LUZ","0000-00-00","","");
INSERT INTO tbl_persona VALUES("22","PAULA","SOFIA","MARADIAGA","GARCIA","0812456859874","F","1993-04-05","SAN PEDRO SULA","COLONIA VIDELLA MORALES","2022-07-26","","5","ADMIN","0000-00-00","","");
INSERT INTO tbl_persona VALUES("23","MARIO","ALEX","POW","RIVERA","0640148787848","M","1990-08-16","FRANCISCO MORAZAN","MIRAFLORES","2022-07-26","","6","RUT","0000-00-00","","");
INSERT INTO tbl_persona VALUES("24","CRISTOPHER","JOSUE","URQUIA","YANES","0801200898987","M","2008-02-24","TEGUCIGALPA","COL LA LAGUNA","2022-07-27","","4","","0000-00-00","","");
INSERT INTO tbl_persona VALUES("25","ANDREA","LUCIA","MACHADO","VELASQUEZ","6657567567567","F","2011-10-04","TEGUCIGALPA","ALDEA DE SUYAPA","2022-07-27","","4","","0000-00-00","","");
INSERT INTO tbl_persona VALUES("26","KAREN","LIZTHE","MACHADO","VELASQUEZ","6950695096059","F","1984-08-24","TEGUCIGALPA","ALDEA DE SUYAPA","2022-07-26","","7","CESAR","0000-00-00","","");
INSERT INTO tbl_persona VALUES("27","KATY","DANELA","ZAPATA","MORALES","0801201012339","F","2010-05-15","FRANCISCO MORAZAN","EL PEDREGAL","2022-07-27","","4","","0000-00-00","","");
INSERT INTO tbl_persona VALUES("28","NOLVIA","MELLISA","GONZALES","","0501989256456","M","1989-05-25","TEGUCIGALPA","COL CERRO GRANDE","2022-07-26","","7","ALEXANDER","0000-00-00","","");
INSERT INTO tbl_persona VALUES("29","DESIRETH","KENDRA","GALEAS","BACA","0607201000121","F","2010-01-21","MARCOVIA","CHOLUTECA","2022-07-27","","4","","0000-00-00","","");
INSERT INTO tbl_persona VALUES("30","ESTEFANY","NAOMI","VARELA","MAYORGA","0801200563961","F","2005-01-29","TEGUCIGALPA","LAS CASITAS","2022-07-27","","4","","0000-00-00","","");
INSERT INTO tbl_persona VALUES("31","ERICK","","VACA","SOTO","0140545447488","M","1998-04-05","SAN PEDRO SULA","COLONIA EL HOGAR","2022-07-27","","4","","0000-00-00","","");
INSERT INTO tbl_persona VALUES("32","ANY","MELISSA","HERNANDEZ","FUENTES","1702199600058","F","1996-03-13","ALIANZA VALLE","ALBORAYA PUEBLO VALENCIA ","2022-07-29","","8","ADMIN","0000-00-00","","");
INSERT INTO tbl_persona VALUES("33","ISEL","DARIELA","FLORES","FLORES","0611199600333","F","1996-06-02","CHOLUTECA","CHOLUTECA","2022-07-29","","6","ADMIN","0000-00-00","","");
INSERT INTO tbl_persona VALUES("34","ARMANDO","JOSE","PERALTA","AGULAR","0608199000125","M","1990-10-20","TEGUCIGALPA","TEGUSCIGALPA","2022-07-29","","6","GABRIELA","0000-00-00","","");
INSERT INTO tbl_persona VALUES("35","LUIS","MIGUEL","CRUZ","MENDEZ","0801199012645","M","1990-07-11","TEGUCIGALPA","COL. SAN MIGUEL","2022-08-02","","2","LUZ","0000-00-00","","");
INSERT INTO tbl_persona VALUES("36","VALERIA","SOFIA","PADILLA","ZEELAYA","0802199000168","F","1990-05-05","ALUBAREN","FRANCISCO MORAZAN ","2022-08-02","","2","ADMIN","0000-00-00","","");



DROP TABLE IF EXISTS tbl_persona_especialidad;

CREATE TABLE `tbl_persona_especialidad` (
  `CODIGO_PERSONA_ESPECIALIDAD` int(11) NOT NULL AUTO_INCREMENT,
  `CODIGO_PERSONA` int(5) NOT NULL,
  `CODIGO_ESPECIALIDAD` int(5) NOT NULL,
  `CREADO_POR_USUARIO` varchar(20) COLLATE utf8mb4_bin DEFAULT NULL,
  `FECHA_CREACION` date NOT NULL,
  `FECHA_MODIFICACION` date DEFAULT NULL,
  `MODIFICADO_POR` varchar(20) COLLATE utf8mb4_bin DEFAULT NULL,
  PRIMARY KEY (`CODIGO_PERSONA_ESPECIALIDAD`),
  KEY `FK_COD_ESP_PERSONA` (`CODIGO_PERSONA`),
  KEY `FK_COD_ESPECIALIDAD` (`CODIGO_ESPECIALIDAD`)
) ENGINE=InnoDB AUTO_INCREMENT=13 DEFAULT CHARSET=utf8mb4 COLLATE=utf8mb4_bin;

INSERT INTO tbl_persona_especialidad VALUES("1","11","1","JOSE","2022-07-26","","");
INSERT INTO tbl_persona_especialidad VALUES("2","12","5","RUT","2022-07-26","","");
INSERT INTO tbl_persona_especialidad VALUES("3","13","3","GABRIELA","2022-07-26","","");
INSERT INTO tbl_persona_especialidad VALUES("4","17","4","ADMIN","2022-07-26","","");
INSERT INTO tbl_persona_especialidad VALUES("5","18","3","GABRIELA","2022-07-26","","");
INSERT INTO tbl_persona_especialidad VALUES("6","19","2","RUT","2022-07-26","","");
INSERT INTO tbl_persona_especialidad VALUES("7","20","3","GABRIELA","2022-07-26","","");
INSERT INTO tbl_persona_especialidad VALUES("8","22","1","ADMIN","2022-07-26","","");
INSERT INTO tbl_persona_especialidad VALUES("9","23","2","RUT","2022-07-26","","");
INSERT INTO tbl_persona_especialidad VALUES("10","32","3","ADMIN","2022-07-29","","");
INSERT INTO tbl_persona_especialidad VALUES("11","33","2","ADMIN","2022-07-29","","");
INSERT INTO tbl_persona_especialidad VALUES("12","34","2","GABRIELA","2022-07-29","","");



DROP TABLE IF EXISTS tbl_personas_alergias;

CREATE TABLE `tbl_personas_alergias` (
  `CODIGO_PERSONA_ALERGIAS` int(5) NOT NULL AUTO_INCREMENT,
  `CODIGO_EXPEDIENTE_PERSONA` int(5) DEFAULT NULL,
  `CODIGO_ALERGIAS` int(5) DEFAULT NULL,
  PRIMARY KEY (`CODIGO_PERSONA_ALERGIAS`),
  KEY `cod_expe_fk` (`CODIGO_EXPEDIENTE_PERSONA`),
  KEY `cod_aler_fk` (`CODIGO_ALERGIAS`)
) ENGINE=InnoDB AUTO_INCREMENT=8 DEFAULT CHARSET=utf8mb4 COLLATE=utf8mb4_bin;

INSERT INTO tbl_personas_alergias VALUES("1","2","2");
INSERT INTO tbl_personas_alergias VALUES("2","1","1");
INSERT INTO tbl_personas_alergias VALUES("3","4","1");
INSERT INTO tbl_personas_alergias VALUES("4","5","1");
INSERT INTO tbl_personas_alergias VALUES("5","6","1");
INSERT INTO tbl_personas_alergias VALUES("6","7","1");
INSERT INTO tbl_personas_alergias VALUES("7","8","1");



DROP TABLE IF EXISTS tbl_personas_apariencia;

CREATE TABLE `tbl_personas_apariencia` (
  `CODIGO_PERSONAS_APARIENCIA` int(5) NOT NULL AUTO_INCREMENT,
  `CODIGO_EXPEDIENTE` int(5) DEFAULT NULL,
  `CODIGO_APARIENCIA` int(5) DEFAULT NULL,
  PRIMARY KEY (`CODIGO_PERSONAS_APARIENCIA`),
  KEY `CODI_PER_APARI` (`CODIGO_APARIENCIA`),
  KEY `CODI_PER_EXPE_APA` (`CODIGO_EXPEDIENTE`)
) ENGINE=InnoDB AUTO_INCREMENT=9 DEFAULT CHARSET=utf8mb4 COLLATE=utf8mb4_bin;

INSERT INTO tbl_personas_apariencia VALUES("1","1","4");
INSERT INTO tbl_personas_apariencia VALUES("2","2","4");
INSERT INTO tbl_personas_apariencia VALUES("3","3","6");
INSERT INTO tbl_personas_apariencia VALUES("4","4","5");
INSERT INTO tbl_personas_apariencia VALUES("5","5","6");
INSERT INTO tbl_personas_apariencia VALUES("6","6","6");
INSERT INTO tbl_personas_apariencia VALUES("7","7","4");
INSERT INTO tbl_personas_apariencia VALUES("8","8","4");



DROP TABLE IF EXISTS tbl_personas_sintomas;

CREATE TABLE `tbl_personas_sintomas` (
  `CODIGO_PERSONA_SINTOMA` int(5) NOT NULL AUTO_INCREMENT,
  `CODIGO_EXPEDIENTE` int(5) DEFAULT NULL,
  `CODIGO_SINTOMA_NEUROTICO` int(5) DEFAULT NULL,
  PRIMARY KEY (`CODIGO_PERSONA_SINTOMA`),
  KEY `COD_EXP_PPSICO` (`CODIGO_EXPEDIENTE`),
  KEY `COD_SINT_PP` (`CODIGO_SINTOMA_NEUROTICO`)
) ENGINE=InnoDB AUTO_INCREMENT=8 DEFAULT CHARSET=utf8mb4 COLLATE=utf8mb4_bin;

INSERT INTO tbl_personas_sintomas VALUES("1","1","1");
INSERT INTO tbl_personas_sintomas VALUES("2","2","3");
INSERT INTO tbl_personas_sintomas VALUES("3","3","1");
INSERT INTO tbl_personas_sintomas VALUES("4","4","1");
INSERT INTO tbl_personas_sintomas VALUES("5","5","1");
INSERT INTO tbl_personas_sintomas VALUES("6","6","1");
INSERT INTO tbl_personas_sintomas VALUES("7","6","2");



DROP TABLE IF EXISTS tbl_personas_transtornos;

CREATE TABLE `tbl_personas_transtornos` (
  `CODIGO_PERSONAS_TRANSTORNOS` int(11) NOT NULL AUTO_INCREMENT,
  `CODIGO_EXPEDIENTE` int(5) DEFAULT NULL,
  `CODIGO_TRANSTORNO` int(5) DEFAULT NULL,
  PRIMARY KEY (`CODIGO_PERSONAS_TRANSTORNOS`),
  KEY `CODI_PER_EXPE` (`CODIGO_EXPEDIENTE`),
  KEY `CODI_PER_TRANST` (`CODIGO_TRANSTORNO`)
) ENGINE=InnoDB AUTO_INCREMENT=10 DEFAULT CHARSET=utf8mb4 COLLATE=utf8mb4_bin;

INSERT INTO tbl_personas_transtornos VALUES("1","1","4");
INSERT INTO tbl_personas_transtornos VALUES("2","2","5");
INSERT INTO tbl_personas_transtornos VALUES("3","3","4");
INSERT INTO tbl_personas_transtornos VALUES("4","4","4");
INSERT INTO tbl_personas_transtornos VALUES("5","4","5");
INSERT INTO tbl_personas_transtornos VALUES("6","5","4");
INSERT INTO tbl_personas_transtornos VALUES("7","6","5");
INSERT INTO tbl_personas_transtornos VALUES("8","7","4");
INSERT INTO tbl_personas_transtornos VALUES("9","8","4");



DROP TABLE IF EXISTS tbl_plan_terapeutico;

CREATE TABLE `tbl_plan_terapeutico` (
  `CODIGO_PLAN` int(5) NOT NULL AUTO_INCREMENT,
  `CODIGO_CONSULTA` int(5) DEFAULT NULL,
  `ACTIVIDAD` varchar(300) COLLATE utf8mb4_bin NOT NULL,
  `TECNICA` varchar(600) COLLATE utf8mb4_bin NOT NULL,
  `MATERIALES` varchar(300) COLLATE utf8mb4_bin NOT NULL,
  `TAREAS` varchar(300) COLLATE utf8mb4_bin NOT NULL,
  `RESULTADOS` varchar(600) COLLATE utf8mb4_bin NOT NULL,
  PRIMARY KEY (`CODIGO_PLAN`),
  KEY `COD_CONSUL_PSICO_FK` (`CODIGO_CONSULTA`)
) ENGINE=InnoDB AUTO_INCREMENT=5 DEFAULT CHARSET=utf8mb4 COLLATE=utf8mb4_bin;

INSERT INTO tbl_plan_terapeutico VALUES("1","2","HACER EJERCICIO, EJERCITARSE ","ANDA A PASO LIGERO DE 15 A 30 MINUTOS","LA COMPAÑIA DE UN AMIGO","EJERCICIOS DE RESPIRACION QUE PUEDE AYUDAR A REENCOTRARSE MEJOR CON LA DEPRESION","EN CUANTO A LA PRACTICA DE ESTAS TECNICAS ESTA MEJORANDO ");
INSERT INTO tbl_plan_terapeutico VALUES("2","4","ESCRIBIR EN UN DIARIO LO QUE SIENTE","DE RELAJACIÓN","DIARIO PERSONAL, LAPIZ","ESCRIBIR AL MENOS MEDIA PÁGINA TODOS LOS DÍAS POR  2 SEMANAS","LO AVERIGUAREMOS :U");
INSERT INTO tbl_plan_terapeutico VALUES("3","5","HORIGAMI,  PRACTICAR DEPORTE","DE RELAJACIÓN ","PAPEL, BALÓN PARA PRACTICAR ALGÚN DEPORTE","HACER HORIGAMI AL MENOS 3 VECES EN LA SEMANA","NINGUNO POR EL MOMENTO");
INSERT INTO tbl_plan_terapeutico VALUES("4","8","VER PELICULAS DE TERROR","NINGUNA ","UN TELEVISOR ","ESCRIBIR EN UN DIARIO ANTES DE DORIR","SE ESPERA REDUCIR LAS PESADILLAS");



DROP TABLE IF EXISTS tbl_preclinica;

CREATE TABLE `tbl_preclinica` (
  `CODIGO_PRECLINICA` int(11) NOT NULL AUTO_INCREMENT,
  `CODIGO_CITA` int(5) NOT NULL,
  `PESO` varchar(10) COLLATE utf8mb4_bin DEFAULT NULL,
  `MASA_CORPORAL` varchar(30) COLLATE utf8mb4_bin DEFAULT NULL,
  `ESTATURA` varchar(10) COLLATE utf8mb4_bin DEFAULT NULL,
  `TEMPERATURA` varchar(30) COLLATE utf8mb4_bin NOT NULL,
  `PULSO` varchar(30) COLLATE utf8mb4_bin NOT NULL,
  `FRECUENCIA_CARDIACA` varchar(10) COLLATE utf8mb4_bin DEFAULT NULL,
  `FRECUENCIA_RESPIRATORIA` varchar(10) COLLATE utf8mb4_bin DEFAULT NULL,
  `DESNUTRICION` varchar(40) COLLATE utf8mb4_bin DEFAULT NULL,
  `CREADO_POR` varchar(20) COLLATE utf8mb4_bin DEFAULT NULL,
  `FECHA_CREACION` date NOT NULL,
  `FECHA_MODIFICACION` date DEFAULT NULL,
  `MODIFICADO_POR` varchar(20) COLLATE utf8mb4_bin DEFAULT NULL,
  PRIMARY KEY (`CODIGO_PRECLINICA`),
  KEY `FK_CODIGO_CITA_PREC` (`CODIGO_CITA`)
) ENGINE=InnoDB AUTO_INCREMENT=17 DEFAULT CHARSET=utf8mb4 COLLATE=utf8mb4_bin;

INSERT INTO tbl_preclinica VALUES("1","11","100","18.5","1.20","35","70","70/80","12","No tiene","","2022-07-27","","");
INSERT INTO tbl_preclinica VALUES("2","4","138","19","1.85","38","85","70/85","12","Moderado","","2022-07-27","","");
INSERT INTO tbl_preclinica VALUES("3","18","115","20.5","1.50","37","80","70/10","13","No tiene","","2022-07-27","","");
INSERT INTO tbl_preclinica VALUES("4","3","130.5","18.5","1.82","35","70","70/80","21","No tiene","","2022-07-27","","");
INSERT INTO tbl_preclinica VALUES("5","20","130.5","12.5","18.5","35.5","70","70/80","12","No tiene","","2022-07-29","","");
INSERT INTO tbl_preclinica VALUES("6","26","130.5","18.5","1.81","37.5","70","70/80","12","No tiene","","2022-07-30","","");
INSERT INTO tbl_preclinica VALUES("7","34","130.5","15.5","1.92","37.4","70","70/80","12","No tiene","","2022-07-30","","");
INSERT INTO tbl_preclinica VALUES("8","35","140.5","18.8","1.96","13.6","30","70/80","12","No tiene","","2022-07-30","","");
INSERT INTO tbl_preclinica VALUES("9","22","130.5","183.","1.95","36","15","70/80","70","No tiene","","2022-07-30","","");
INSERT INTO tbl_preclinica VALUES("10","23","45545","262","5545","623","263","262","23","No tiene","","2022-07-30","","");
INSERT INTO tbl_preclinica VALUES("11","40","134","19","1.87","37.2","80","70/80","11","No tiene","","2022-08-03","","");
INSERT INTO tbl_preclinica VALUES("12","42","135","18.2","1.66","37","70","70/80","12","No tiene","","2022-08-03","","");
INSERT INTO tbl_preclinica VALUES("13","43","130","18","1.68","37.1","70","70/80","12","No tiene","","2022-08-03","","");
INSERT INTO tbl_preclinica VALUES("14","50","138","18.5","1.83","38","70","60/80","45","No tiene","","2022-08-03","","");
INSERT INTO tbl_preclinica VALUES("15","51","130.5","18.6","1.85","37.5","70","70/80","12","No tiene","","2022-08-03","","");
INSERT INTO tbl_preclinica VALUES("16","52","135","15.5","1.85","65","48","70/80","13","No tiene","","2022-08-03","","");



DROP TABLE IF EXISTS tbl_preguntas;

CREATE TABLE `tbl_preguntas` (
  `CODIGO_PREGUNTAS` int(11) NOT NULL AUTO_INCREMENT,
  `CODIGO_ESTADO` int(5) DEFAULT NULL,
  `PREGUNTA` varchar(60) NOT NULL,
  `CREADO_POR_USUARIO` varchar(20) DEFAULT NULL,
  `FECHA_CREACION` date DEFAULT NULL,
  `MODIFICADO_POR` varchar(30) DEFAULT NULL,
  `FECHA_MODIFICACION` date DEFAULT NULL,
  PRIMARY KEY (`CODIGO_PREGUNTAS`),
  KEY `FK_CODIGO_ESTADO` (`CODIGO_ESTADO`),
  CONSTRAINT `FK_CODIGO_ESTADO` FOREIGN KEY (`CODIGO_ESTADO`) REFERENCES `tbl_estado` (`CODIGO_ESTADO`)
) ENGINE=InnoDB AUTO_INCREMENT=16 DEFAULT CHARSET=utf8mb4;

INSERT INTO tbl_preguntas VALUES("1","2","¿CUAL ES TU COMIDA FAVORITA?"," ADMIN","2022-07-16","","");
INSERT INTO tbl_preguntas VALUES("2","2","¿NOMBRE DE TU CARICATURA FAVORITA DE LA INFANCIA?"," ADMIN","2022-07-18","","");
INSERT INTO tbl_preguntas VALUES("3","2","¿NOMBRE DE TU PELICULA FAVORITA DE LA INFANCIA?"," ADMIN","2022-07-18","","");
INSERT INTO tbl_preguntas VALUES("4","2","¿PARIENTE QUE MAS ADMIRA?"," ADMIN","2022-07-18","","");
INSERT INTO tbl_preguntas VALUES("5","2","¿NOMBRE DE TU MASCOTA FAVORITA?"," ADMIN","2022-07-18","","");
INSERT INTO tbl_preguntas VALUES("6","2","¿UN JUGADOR DE FUTBOL FAVORITO?"," ADMIN","2022-07-18","","");
INSERT INTO tbl_preguntas VALUES("7","2","¿COLOR DE ROPA FAVORITO?"," ADMIN","2022-07-18","","");



DROP TABLE IF EXISTS tbl_preguntas_usuarios;

CREATE TABLE `tbl_preguntas_usuarios` (
  `CODIGO_PREGUNTA_USUARIO` int(11) NOT NULL AUTO_INCREMENT,
  `CODIGO_PREGUNTAS` int(5) DEFAULT NULL,
  `CODIGO_USUARIO` int(5) DEFAULT NULL,
  `RESPUESTA` varchar(60) COLLATE utf8mb4_bin NOT NULL,
  `CREADO_POR_USUARIO` varchar(20) COLLATE utf8mb4_bin DEFAULT NULL,
  `FECHA_CREACION` date DEFAULT NULL,
  `MODIFICADO_POR` varchar(30) COLLATE utf8mb4_bin DEFAULT NULL,
  `FECHA_MODIFICACION` date DEFAULT NULL,
  PRIMARY KEY (`CODIGO_PREGUNTA_USUARIO`),
  KEY `FK_CODPRE_PREU` (`CODIGO_PREGUNTAS`),
  KEY `FK_CODU_PREU` (`CODIGO_USUARIO`)
) ENGINE=InnoDB AUTO_INCREMENT=34 DEFAULT CHARSET=utf8mb4 COLLATE=utf8mb4_bin;

INSERT INTO tbl_preguntas_usuarios VALUES("1","7","2","NEGRO","","","","");
INSERT INTO tbl_preguntas_usuarios VALUES("2","1","4","POLLO","","","","");
INSERT INTO tbl_preguntas_usuarios VALUES("4","5","5","MANOLO","","","","");
INSERT INTO tbl_preguntas_usuarios VALUES("5","1","3","POLLO ","","","","");
INSERT INTO tbl_preguntas_usuarios VALUES("6","1","7","PIZZA","","","","");
INSERT INTO tbl_preguntas_usuarios VALUES("7","1","11","POLLO","","","","");
INSERT INTO tbl_preguntas_usuarios VALUES("8","2","12","NO TIENE","","","","");
INSERT INTO tbl_preguntas_usuarios VALUES("9","1","15","POLLO","","","","");
INSERT INTO tbl_preguntas_usuarios VALUES("10","4","17","MI NOVIA UWU","","","","");
INSERT INTO tbl_preguntas_usuarios VALUES("11","1","13","CARNE ASADA","","","","");
INSERT INTO tbl_preguntas_usuarios VALUES("12","1","20","POLLO","","","","");
INSERT INTO tbl_preguntas_usuarios VALUES("13","7","21","NEGRO","","","","");
INSERT INTO tbl_preguntas_usuarios VALUES("14","1","16","CAMARONES","","","","");
INSERT INTO tbl_preguntas_usuarios VALUES("15","4","8","MI PADRE","","","","");
INSERT INTO tbl_preguntas_usuarios VALUES("16","5","14","PELUSA","","","","");
INSERT INTO tbl_preguntas_usuarios VALUES("17","1","10","POLLO","","","","");
INSERT INTO tbl_preguntas_usuarios VALUES("18","1","18","ARROZ CON VISTED","","","","");
INSERT INTO tbl_preguntas_usuarios VALUES("19","7","19","NEGRO","","","","");
INSERT INTO tbl_preguntas_usuarios VALUES("20","1","22","POLLO","","","","");
INSERT INTO tbl_preguntas_usuarios VALUES("21","1","23","PIZZA","","","","");
INSERT INTO tbl_preguntas_usuarios VALUES("22","1","24","TACOS MEXICANOS","","","","");
INSERT INTO tbl_preguntas_usuarios VALUES("23","1","9","PIZZA","","","","");
INSERT INTO tbl_preguntas_usuarios VALUES("24","4","25","PAPA","","","","");
INSERT INTO tbl_preguntas_usuarios VALUES("25","4","26","MIS PRIMAS","","","","");
INSERT INTO tbl_preguntas_usuarios VALUES("26","1","27","POLLO","","","","");
INSERT INTO tbl_preguntas_usuarios VALUES("27","1","29","CHULETA","","","","");
INSERT INTO tbl_preguntas_usuarios VALUES("28","1","30","CHULETA","","","","");
INSERT INTO tbl_preguntas_usuarios VALUES("29","1","28","ARROZ","","","","");
INSERT INTO tbl_preguntas_usuarios VALUES("30","7","31","NEGRO","","","","");
INSERT INTO tbl_preguntas_usuarios VALUES("31","4","32","A MI MAMA","","","","");
INSERT INTO tbl_preguntas_usuarios VALUES("32","2","6","BOB ESPONJA","","","","");



DROP TABLE IF EXISTS tbl_receta_medica;

CREATE TABLE `tbl_receta_medica` (
  `CODIGO_RECETA_MEDICA` int(11) NOT NULL AUTO_INCREMENT,
  `CODIGO_CONSULTA` int(11) DEFAULT NULL,
  `CODIGO_MEDICAMENTO` varchar(10) DEFAULT NULL,
  `INDICACIONES_RECETA` varchar(500) DEFAULT NULL,
  `OBSERVACIONES` varchar(500) DEFAULT NULL,
  `FECHA_RECETA` date DEFAULT NULL,
  `CREADO_POR_USUARIO` varchar(20) NOT NULL,
  `FECHA_CREACION` date NOT NULL,
  `MODIFICADO_POR` varchar(20) DEFAULT NULL,
  `FECHA_MODIFICACION` date NOT NULL,
  PRIMARY KEY (`CODIGO_RECETA_MEDICA`),
  KEY `FK_CODIGO_CONSULTA_MEDICA` (`CODIGO_CONSULTA`),
  KEY `FK_CODIGO_MEDICAMENTO` (`CODIGO_MEDICAMENTO`)
) ENGINE=InnoDB AUTO_INCREMENT=16 DEFAULT CHARSET=utf8mb4;

INSERT INTO tbl_receta_medica VALUES("1","1","0102","TOMAR DOS DIARIAS\n","NINGUNA","2022-07-26","ADMIN","2022-07-26","","0000-00-00");
INSERT INTO tbl_receta_medica VALUES("2","2","0102","TOMAR 1 CADA 8 HORAS","NINGUNA","2022-07-26","ADMIN","2022-07-26","","0000-00-00");
INSERT INTO tbl_receta_medica VALUES("3","4","0102","ES PARA LA TOS","O OTRA COSA","2022-07-26","ADMIN","2022-07-26","","0000-00-00");
INSERT INTO tbl_receta_medica VALUES("4","5","WJ785","TOMAR CADA 5 HORAS","NO COMER ANTES","2022-07-28","ADMIN","2022-07-28","","0000-00-00");
INSERT INTO tbl_receta_medica VALUES("5","6","WJ785","PARA LAS ALERGIAS","NINGUNA","2022-07-30","ADMIN","2022-07-30","","0000-00-00");
INSERT INTO tbl_receta_medica VALUES("6","7","WJ785","PARA LA ALERGIA","TOMAR CADA 4 HORAS","2022-07-30","ADMIN","2022-07-30","","0000-00-00");
INSERT INTO tbl_receta_medica VALUES("7","8","WJ785","PARA LA ALERGIA","NINGUNA","2022-07-30","ADMIN","2022-07-30","","0000-00-00");
INSERT INTO tbl_receta_medica VALUES("8","9","0102","MNMNMNMN,M","M,N,NM","2022-07-30","ADMIN","2022-07-30","","0000-00-00");
INSERT INTO tbl_receta_medica VALUES("9","10","0102","BNBNB","NNBNB","2022-07-30","ADMIN","2022-07-30","","0000-00-00");
INSERT INTO tbl_receta_medica VALUES("10","11","0102","TOMAR CAD 2HR","NINGUNA","2022-08-02","ADMIN","2022-08-02","","0000-00-00");
INSERT INTO tbl_receta_medica VALUES("11","12","0102","TOMAR CADA 8 HORAS ","SI SE PRESENTA MUY SEGUIDO LA FIEBRE TOMAR CADA  CUATROS HORAS","2022-08-02","ADMIN","2022-08-02","","0000-00-00");
INSERT INTO tbl_receta_medica VALUES("12","13","WJ785","TOMAR UNA AL DIA","NINGUNA","2022-08-02","ADMIN","2022-08-02","","0000-00-00");
INSERT INTO tbl_receta_medica VALUES("13","14","0102","CADA 8 HORAS","NINGUNA","2022-08-02","ADMIN","2022-08-02","","0000-00-00");
INSERT INTO tbl_receta_medica VALUES("14","15","0102","M,M,M,","M,M,M","2022-08-02","ADMIN","2022-08-02","","0000-00-00");
INSERT INTO tbl_receta_medica VALUES("15","16","0102","CADA 8H","NINGUNO","2022-08-02","ADMIN","2022-08-02","","0000-00-00");



DROP TABLE IF EXISTS tbl_roles;

CREATE TABLE `tbl_roles` (
  `CODIGO_TIPO_ROL` int(11) NOT NULL AUTO_INCREMENT,
  `NOMBRE` varchar(50) COLLATE utf8mb4_bin NOT NULL,
  `DESCRIPCION` varchar(255) COLLATE utf8mb4_bin DEFAULT NULL,
  `CREADO_POR_USUARIO` varchar(20) COLLATE utf8mb4_bin DEFAULT NULL,
  `FECHA_CREACION` date NOT NULL,
  `FECHA_MODIFICACION` date DEFAULT NULL,
  `MODIFICADO_POR` varchar(20) COLLATE utf8mb4_bin DEFAULT NULL,
  PRIMARY KEY (`CODIGO_TIPO_ROL`)
) ENGINE=InnoDB AUTO_INCREMENT=10 DEFAULT CHARSET=utf8mb4 COLLATE=utf8mb4_bin;

INSERT INTO tbl_roles VALUES("1","ADMINISTRADOR","Todos los permisos","Administrador","2022-02-11","2022-04-07","ADMIN");
INSERT INTO tbl_roles VALUES("2","TUTOR","Usuario con permisos al modulo de escuela","Administrador","2022-02-11","2022-03-11","ADMIN");
INSERT INTO tbl_roles VALUES("3","INDEFINIDO","Rol no definido para el usuario","","0000-00-00","2022-03-11","ADMIN");
INSERT INTO tbl_roles VALUES("4","PSICOLOGO","Área de psicología","","0000-00-00","2022-04-07","ADMIN");
INSERT INTO tbl_roles VALUES("5","MEDICO","area medica","","2022-03-09","2022-03-11","ADMIN");
INSERT INTO tbl_roles VALUES("6","CATEQUISTA","Área espiritual","","2022-03-09","2022-05-05","ALBERT");
INSERT INTO tbl_roles VALUES("7","ENFERMERO","Area Medica","","2022-04-23","0000-00-00","");
INSERT INTO tbl_roles VALUES("8","ESTUDIANTE","El usuario solo permitirá ver las citas y tutorías que tiene este.  ","ADMIN","2022-05-03","0000-00-00","");
INSERT INTO tbl_roles VALUES("9","SUPER USUARIO","Este tipo de rol, solo sera asignado al usuario admin que es el único que tendrá cero limitaciones.","ADMIN","2022-05-03","0000-00-00","");



DROP TABLE IF EXISTS tbl_sacramento;

CREATE TABLE `tbl_sacramento` (
  `CODIGO_SACRAMENTO` int(11) NOT NULL AUTO_INCREMENT,
  `NOMBRE` varchar(20) COLLATE utf8mb4_bin NOT NULL,
  `DESCRIPCION` varchar(50) COLLATE utf8mb4_bin DEFAULT NULL,
  PRIMARY KEY (`CODIGO_SACRAMENTO`)
) ENGINE=InnoDB AUTO_INCREMENT=5 DEFAULT CHARSET=utf8mb4 COLLATE=utf8mb4_bin;

INSERT INTO tbl_sacramento VALUES("1","BAUTISMO","PRIMER SACRAMENTO");
INSERT INTO tbl_sacramento VALUES("2","PRIMERA COMUNION","SEGUNDO SACRAMENTO");
INSERT INTO tbl_sacramento VALUES("3","CONFIRMA","TERCER SACRAMENTO");
INSERT INTO tbl_sacramento VALUES("4","NINGUNO","No tiene ningún sacramento.");



DROP TABLE IF EXISTS tbl_sacramento_estudiante;

CREATE TABLE `tbl_sacramento_estudiante` (
  `CODIGO_CORRELATIVO` int(10) NOT NULL AUTO_INCREMENT,
  `CODIGO_ESTUDIANTE` int(10) DEFAULT NULL,
  `CODIGO_SACRAMENTO` int(10) DEFAULT NULL,
  PRIMARY KEY (`CODIGO_CORRELATIVO`),
  KEY `COD_EST_SACRA_FK` (`CODIGO_ESTUDIANTE`),
  KEY `COD_SACR_FK` (`CODIGO_SACRAMENTO`),
  CONSTRAINT `COD_EST_SACRA_FK` FOREIGN KEY (`CODIGO_ESTUDIANTE`) REFERENCES `tbl_estudiante` (`CODIGO_ESTUDIANTE`),
  CONSTRAINT `COD_SACR_FK` FOREIGN KEY (`CODIGO_SACRAMENTO`) REFERENCES `tbl_sacramento` (`CODIGO_SACRAMENTO`)
) ENGINE=InnoDB AUTO_INCREMENT=14 DEFAULT CHARSET=utf8mb4;

INSERT INTO tbl_sacramento_estudiante VALUES("1","1","1");
INSERT INTO tbl_sacramento_estudiante VALUES("2","2","1");
INSERT INTO tbl_sacramento_estudiante VALUES("3","3","1");
INSERT INTO tbl_sacramento_estudiante VALUES("4","4","1");
INSERT INTO tbl_sacramento_estudiante VALUES("5","4","2");
INSERT INTO tbl_sacramento_estudiante VALUES("6","5","1");
INSERT INTO tbl_sacramento_estudiante VALUES("7","5","2");
INSERT INTO tbl_sacramento_estudiante VALUES("8","6","1");
INSERT INTO tbl_sacramento_estudiante VALUES("9","6","2");
INSERT INTO tbl_sacramento_estudiante VALUES("10","7","1");
INSERT INTO tbl_sacramento_estudiante VALUES("11","7","2");
INSERT INTO tbl_sacramento_estudiante VALUES("12","7","3");
INSERT INTO tbl_sacramento_estudiante VALUES("13","8","4");



DROP TABLE IF EXISTS tbl_seccion;

CREATE TABLE `tbl_seccion` (
  `CODIGO_SECCION` int(11) NOT NULL AUTO_INCREMENT,
  `NOMBRE` varchar(30) COLLATE utf8mb4_bin NOT NULL,
  `DESCRIPCION` varchar(200) COLLATE utf8mb4_bin DEFAULT NULL,
  PRIMARY KEY (`CODIGO_SECCION`)
) ENGINE=InnoDB AUTO_INCREMENT=4 DEFAULT CHARSET=utf8mb4 COLLATE=utf8mb4_bin;

INSERT INTO tbl_seccion VALUES("1","SECCION A","Es una seccion");
INSERT INTO tbl_seccion VALUES("2","SECCION B","Es una sección");
INSERT INTO tbl_seccion VALUES("3","SECCION  C","Es una sección");



DROP TABLE IF EXISTS tbl_sexo;

CREATE TABLE `tbl_sexo` (
  `CODIGO_SEXO` char(1) COLLATE utf8mb4_bin NOT NULL,
  `SEXO` varchar(15) COLLATE utf8mb4_bin NOT NULL,
  PRIMARY KEY (`CODIGO_SEXO`)
) ENGINE=InnoDB DEFAULT CHARSET=utf8mb4 COLLATE=utf8mb4_bin;

INSERT INTO tbl_sexo VALUES("F","FEMENINO");
INSERT INTO tbl_sexo VALUES("M","MASCULINO");



DROP TABLE IF EXISTS tbl_sintomas_neuroticos;

CREATE TABLE `tbl_sintomas_neuroticos` (
  `CODIGO_SINTOMA_NEUROTICO` int(11) NOT NULL AUTO_INCREMENT,
  `TIPO` varchar(100) COLLATE utf8mb4_bin DEFAULT NULL,
  PRIMARY KEY (`CODIGO_SINTOMA_NEUROTICO`)
) ENGINE=InnoDB AUTO_INCREMENT=4 DEFAULT CHARSET=utf8mb4 COLLATE=utf8mb4_bin;

INSERT INTO tbl_sintomas_neuroticos VALUES("1","PESADILLAS");
INSERT INTO tbl_sintomas_neuroticos VALUES("2","CONVULSIONES");
INSERT INTO tbl_sintomas_neuroticos VALUES("3","NINGUNO");



DROP TABLE IF EXISTS tbl_telefono;

CREATE TABLE `tbl_telefono` (
  `NUMERO_TELEFONO` int(8) NOT NULL AUTO_INCREMENT,
  `CODIGO_PERSONA` int(5) DEFAULT NULL,
  PRIMARY KEY (`NUMERO_TELEFONO`),
  KEY `Numero_perso` (`CODIGO_PERSONA`)
) ENGINE=InnoDB AUTO_INCREMENT=100000000 DEFAULT CHARSET=utf8mb4 COLLATE=utf8mb4_bin;

INSERT INTO tbl_telefono VALUES("94894940","1");
INSERT INTO tbl_telefono VALUES("96265645","2");
INSERT INTO tbl_telefono VALUES("99999999","3");
INSERT INTO tbl_telefono VALUES("98456587","4");
INSERT INTO tbl_telefono VALUES("99841502","5");
INSERT INTO tbl_telefono VALUES("32995232","6");
INSERT INTO tbl_telefono VALUES("82478593","7");
INSERT INTO tbl_telefono VALUES("96333333","8");
INSERT INTO tbl_telefono VALUES("32423423","9");
INSERT INTO tbl_telefono VALUES("87842545","10");
INSERT INTO tbl_telefono VALUES("89865464","11");
INSERT INTO tbl_telefono VALUES("97361678","12");
INSERT INTO tbl_telefono VALUES("87753245","13");
INSERT INTO tbl_telefono VALUES("98945984","14");
INSERT INTO tbl_telefono VALUES("34234234","15");
INSERT INTO tbl_telefono VALUES("39693333","16");
INSERT INTO tbl_telefono VALUES("34543534","17");
INSERT INTO tbl_telefono VALUES("98031038","18");
INSERT INTO tbl_telefono VALUES("89124000","19");
INSERT INTO tbl_telefono VALUES("32502114","20");
INSERT INTO tbl_telefono VALUES("98522222","21");
INSERT INTO tbl_telefono VALUES("34324655","22");
INSERT INTO tbl_telefono VALUES("89100017","23");
INSERT INTO tbl_telefono VALUES("96954654","24");
INSERT INTO tbl_telefono VALUES("92394923","25");
INSERT INTO tbl_telefono VALUES("98878789","26");
INSERT INTO tbl_telefono VALUES("88885644","27");
INSERT INTO tbl_telefono VALUES("98987165","28");
INSERT INTO tbl_telefono VALUES("33211251","29");
INSERT INTO tbl_telefono VALUES("32569999","30");
INSERT INTO tbl_telefono VALUES("98343243","31");
INSERT INTO tbl_telefono VALUES("89727401","32");
INSERT INTO tbl_telefono VALUES("96125487","33");
INSERT INTO tbl_telefono VALUES("99804562","34");
INSERT INTO tbl_telefono VALUES("99001111","35");
INSERT INTO tbl_telefono VALUES("89902525","36");



DROP TABLE IF EXISTS tbl_tipo_persona;

CREATE TABLE `tbl_tipo_persona` (
  `CODIGO_TIPO_PERSONA` int(11) NOT NULL AUTO_INCREMENT,
  `NOMBRE` varchar(30) COLLATE utf8mb4_bin NOT NULL,
  PRIMARY KEY (`CODIGO_TIPO_PERSONA`)
) ENGINE=InnoDB AUTO_INCREMENT=10 DEFAULT CHARSET=utf8mb4 COLLATE=utf8mb4_bin;

INSERT INTO tbl_tipo_persona VALUES("1","ADMINISTRADOR");
INSERT INTO tbl_tipo_persona VALUES("2","TUTOR");
INSERT INTO tbl_tipo_persona VALUES("3","NODEFINIDO");
INSERT INTO tbl_tipo_persona VALUES("4","ESTUDIANTE");
INSERT INTO tbl_tipo_persona VALUES("5","MEDICO");
INSERT INTO tbl_tipo_persona VALUES("6","PSICOLOGO");
INSERT INTO tbl_tipo_persona VALUES("7","FAMILIAR");
INSERT INTO tbl_tipo_persona VALUES("8","CATEQUISTA");
INSERT INTO tbl_tipo_persona VALUES("9","ENFERMERO");



DROP TABLE IF EXISTS tbl_tipo_sangre;

CREATE TABLE `tbl_tipo_sangre` (
  `CODIGO_TIPO_SANGRE` int(11) NOT NULL AUTO_INCREMENT,
  `TIPO` varchar(15) COLLATE utf8mb4_bin NOT NULL,
  `CREADO_POR` varchar(20) COLLATE utf8mb4_bin DEFAULT NULL,
  `FECHA_CREACION` date NOT NULL,
  `FECHA_MODIFICACION` date DEFAULT NULL,
  `MODIFICADO_POR` varchar(20) COLLATE utf8mb4_bin DEFAULT NULL,
  `CODIGO_ESTADO` int(11) NOT NULL,
  PRIMARY KEY (`CODIGO_TIPO_SANGRE`),
  KEY `CODIGO_ESTADO` (`CODIGO_ESTADO`),
  CONSTRAINT `tbl_tipo_sangre_ibfk_1` FOREIGN KEY (`CODIGO_ESTADO`) REFERENCES `tbl_estado` (`CODIGO_ESTADO`) ON DELETE CASCADE
) ENGINE=InnoDB AUTO_INCREMENT=11 DEFAULT CHARSET=utf8mb4 COLLATE=utf8mb4_bin;

INSERT INTO tbl_tipo_sangre VALUES("8","TIPO D"," DANIEL","2022-07-17","2022-07-17","DANIEL","2");
INSERT INTO tbl_tipo_sangre VALUES("9","TIPO A"," DANIEL","2022-07-17","2022-07-17","DANIEL","2");
INSERT INTO tbl_tipo_sangre VALUES("10","TIPO B"," DANIEL","2022-07-17","2022-07-17","DANIEL","2");



DROP TABLE IF EXISTS tbl_tipo_socioeconomico;

CREATE TABLE `tbl_tipo_socioeconomico` (
  `CODIGO_TIPOSOCIO` int(11) NOT NULL AUTO_INCREMENT,
  `TIPO` varchar(100) COLLATE utf8mb4_bin NOT NULL,
  `DESCRIPCION` varchar(255) COLLATE utf8mb4_bin DEFAULT NULL,
  `CREADO_POR` varchar(20) COLLATE utf8mb4_bin DEFAULT NULL,
  `FECHA_CREACION` date NOT NULL,
  `FECHA_MODIFICACION` date DEFAULT NULL,
  `MODIFICADO_POR` varchar(20) COLLATE utf8mb4_bin DEFAULT NULL,
  PRIMARY KEY (`CODIGO_TIPOSOCIO`)
) ENGINE=InnoDB AUTO_INCREMENT=5 DEFAULT CHARSET=utf8mb4 COLLATE=utf8mb4_bin;

INSERT INTO tbl_tipo_socioeconomico VALUES("1","DISPOSITIVO ELECTRONICO","DISPOSITIVOS","ADMIN","2022-04-07","2022-06-21","ADMIN");
INSERT INTO tbl_tipo_socioeconomico VALUES("2","SERVICIOS DE INTERNET","SERVICIOS","","2022-04-07","2022-06-21","ADMIN");
INSERT INTO tbl_tipo_socioeconomico VALUES("3","PROVEEDOR DE INGRESO","PROVEEDOR","","2022-04-07","2022-06-21","ADMIN");
INSERT INTO tbl_tipo_socioeconomico VALUES("4","SERVICIOS BASICOS","SERVICIOS","","2022-04-07","2022-06-21","ADMIN");



DROP TABLE IF EXISTS tbl_transtornos_corporales;

CREATE TABLE `tbl_transtornos_corporales` (
  `CODIGO_TRANSTORNO` int(11) NOT NULL AUTO_INCREMENT,
  `TIPO` varchar(100) COLLATE utf8mb4_bin DEFAULT NULL,
  `CODIGO_ESTADO` int(11) NOT NULL,
  PRIMARY KEY (`CODIGO_TRANSTORNO`),
  KEY `CODIGO_ESTADO` (`CODIGO_ESTADO`),
  CONSTRAINT `tbl_transtornos_corporales_ibfk_1` FOREIGN KEY (`CODIGO_ESTADO`) REFERENCES `tbl_estado` (`CODIGO_ESTADO`) ON DELETE CASCADE
) ENGINE=InnoDB AUTO_INCREMENT=7 DEFAULT CHARSET=utf8mb4 COLLATE=utf8mb4_bin;

INSERT INTO tbl_transtornos_corporales VALUES("4","TRASTORNO COMPULSIVO","2");
INSERT INTO tbl_transtornos_corporales VALUES("5","DISMORFICO CORPORAL","2");



DROP TABLE IF EXISTS tbl_tutoria;

CREATE TABLE `tbl_tutoria` (
  `CODIGO_TUTORIA` int(11) NOT NULL AUTO_INCREMENT,
  `CODIGO_AREA` int(5) NOT NULL,
  `NOMBRE` varchar(100) COLLATE utf8mb4_bin NOT NULL,
  `CREADO_POR` varchar(20) COLLATE utf8mb4_bin DEFAULT NULL,
  `FECHA_CREACION` date NOT NULL,
  `FECHA_MODIFICACION` date DEFAULT NULL,
  `MODIFICADO_POR` varchar(20) COLLATE utf8mb4_bin DEFAULT NULL,
  PRIMARY KEY (`CODIGO_TUTORIA`),
  KEY `FK_CODATREA_TUTO` (`CODIGO_AREA`)
) ENGINE=InnoDB AUTO_INCREMENT=10 DEFAULT CHARSET=utf8mb4 COLLATE=utf8mb4_bin;

INSERT INTO tbl_tutoria VALUES("1","1","ESPAÑOL","RUT","2022-07-27","","");
INSERT INTO tbl_tutoria VALUES("2","4","COMUNIÓN","LUZ","2022-07-27","","");
INSERT INTO tbl_tutoria VALUES("3","4","CONFIRMA","LUZ","2022-07-27","","");
INSERT INTO tbl_tutoria VALUES("4","1","MATEMATICAS","ALEXANDER","2022-07-27","","");
INSERT INTO tbl_tutoria VALUES("5","4","PERSEVERANCIA","LUZ","2022-07-27","","");
INSERT INTO tbl_tutoria VALUES("6","1","INGLES","ALEXANDER","2022-07-27","","");
INSERT INTO tbl_tutoria VALUES("7","1","CIENCIAS","CESAR","2022-07-27","2022-07-27","RUT");
INSERT INTO tbl_tutoria VALUES("8","1","BIOLOGÍA ","ADMIN","2022-08-03","","");
INSERT INTO tbl_tutoria VALUES("9","1","CIENCIAS AMBIENTALES ","ADMIN","2022-08-03","","");



DROP TABLE IF EXISTS tbl_usuario;

CREATE TABLE `tbl_usuario` (
  `CODIGO_USUARIO` int(11) NOT NULL AUTO_INCREMENT,
  `CODIGO_PERSONA` int(5) NOT NULL,
  `NOMBRE_USUARIO` varchar(50) COLLATE utf8mb4_bin NOT NULL,
  `CODIGO_ESTADO` int(5) NOT NULL,
  `CODIGO_TIPO_ROL` int(5) DEFAULT NULL,
  `CONTRASENA` varchar(255) COLLATE utf8mb4_bin NOT NULL,
  `FECHA_VENCIMIENTO` date DEFAULT NULL,
  `CREADO_POR` varchar(20) COLLATE utf8mb4_bin DEFAULT NULL,
  `FECHA_CREACION` date NOT NULL,
  `FECHA_MODIFICACION` date DEFAULT NULL,
  `MODIFICADO_POR` varchar(20) COLLATE utf8mb4_bin DEFAULT NULL,
  `IMAGEN` longblob NOT NULL,
  PRIMARY KEY (`CODIGO_USUARIO`),
  KEY `FK_CODPER_USU` (`CODIGO_PERSONA`),
  KEY `FK_CODROL_USU` (`CODIGO_TIPO_ROL`),
  KEY `FK_CODES_USU` (`CODIGO_ESTADO`)
) ENGINE=InnoDB AUTO_INCREMENT=33 DEFAULT CHARSET=utf8mb4 COLLATE=utf8mb4_bin;

INSERT INTO tbl_usuario VALUES("1","1","ADMIN","2","9","$2a$07$usesomesillystringforeDLU0KLdU3tCNprit2LU2PhciUHQJFsG","2022-09-24","","2022-07-26","","","PNG\n\n\0\0\0IHDR\0\0@\0\0@\0\0\0͐\0\0\0IDATx^dgy?Cs4\n,$8,î`6?8cc\0!	eiь&	=s]Օܚ؟oB­=9m~W`~W`~W`~W`~W`~W`~W`~W`~W`~W`~W`~W`~W`~W`~W`~W`~W`~W`~W`~W`~W`~W`~W`~W`~W`~W`~W`~W`~W`~W`~W`~W`~W`~W`~W`~W`~W`~W`~W`~W`~W`~W`~W`~W`~W`~W`~W`~W`~W`~W`~W`~W`~W`~W`~W-ҹϛnW~y-[٦/Y3\\٩iK;nM6;kx<.֥K&\\ž7^|zuѬ+Wr96S*¶fkp.?^퉩LgbO]w˝sSd$bO9&-w\n#;e]޽kbJŔtH*X(;#-󻧇SD\"K&D<eIR&)f$09})iLIsDRV,~~ְb۬:nlPnFԜ/[(R_=o~]~\\<U5==;\nfH2Z=SkRvۭi1]L	{*\0xT<唔2n&,&vg9fJ%F]uOC!)3w)~1	\'_~I%|&,ق챩H,5][(C^_8j_qe\\O{\"њ+}*.|\n.=|#M5cmޙYh\"e|N.97w8h\0$9gM2%;aq\"ILX2M$Z~ddR@Z璉UYf31ŒYL|-*/rU	m A\\m`2לufM)v͍EH&f#@7rgPN2\n=iqgL-sR$g2=i]?r>awfRt.o;s,uDjX,aOa1U(IqQc)	E\nFI8hL`-H߇ϱXKR$5i 	R#ScG!n@P,֔XA_0NL|u:ΰKF|9ImOraIjlXNĢH2xf`0j[9y!5M\'l6ی;=,n&}na\\iͧHow\'et8\nU/dMxL\n!o咚\ns<hv\0`f	𥌟[[%K 9_B8?%NJ0a]\"dg`S#5VjY/\0x0;A0_\"W;\"a1[bf3<ܮ_䗲\\T:$m\"%yW)Y9VwHF&ѪHEƒl|7NI<jud{}>WɞG}qbVWIi؝Cz}|[\0\'`vh/*]L.Td/0\'#ȷXڃ371B253\'OXf=QTX戅cO$u$JDg(D_6ԈHVk{澹&nFf1kPO#BB3ED@d~FW%4p`)N)*pDSPrr쒝m#*YYIYP\")))rInY2|e[2驉\0\nEwft$IZ቙E׶ْ1_;|]+\00Ooxq7Ygl۔aovb5T<7g8nÒm\n,%3dPELGJ&	EMRQXrZn\0H&-[\"],\0OG}G`/AeݡS3~a\"UpTKM_T\0س]A&$ÒҬ5(䚤,ʳIiQTJyqJcG2]&buģ\\Na܄?S\\;#kww;޴;g	6 |W{ți/<)alu\"sԙrL{FlR:ƥ!%e&b9fڳHaVqfIfyl.X%Dx	O3)*6eh[>+_PW0_(-`<x8z\'Bk7HfF#A}-pI !.u$QhCܤ Il#NUP{dkB=(.d8iu椾,ERX!VGd<?pGble4ZKɳ-1[I:w˳뮿}B|cSѩbxVE;цH`Tfs|Ԭz}26ev|2$Rbd%\05D*@Mc0 \014~-f;58|<$,!~J8$I$Md247bu>z^Xl\0ϯ͓\0M\'5\\:H+&聀iLY2 &IC퐚!\0gH\"jQqNbPVa\0LeN>g{/ BΗEJ@Kh8<~.h5$g\'JIECKV{>2kokT?y\0|{N~7SN,\'wI̻!\'<S\"Y[ Go(!&K\0$8)o!$`dl\"r^\06)ΩI{DDK1A,\04gQ#+mL*Am0B2Gq]B]vjstfmDVɨya.`N~s+ I0hGDDcT\nbI8A19$e6^?F4AC7H*x8ߠZ!ɤvdeR)IuY$7+Dcg.J\"_.-Xb,ћS?QQxvX-)RXzت\nK2ޖ,LE6\02+*c)J@HF&,2p^8+܀~e~.hv\";\"3i\'$_&+D;\"?Pkt5EVnKa@\"THlFk^@\'(٤3<7MB!24;OV\04ICf>dd9C\0F\0n&hT\08$\0/8\0g*&y\0,ze<(/HcDt8A.ǟ=N?s?`|w+k3da}TfPqHv5auBIG0829)yUM5kZW|Tn<\0>L=K-2µvS<ڋ3l9VKD6PI8<HjV4*H4B]@Ca7\0FF.PDq_RP9Zє8l(8̆ba:Cr8\0Ԥ3DQ.Yb/ؼ--]L.H>KJa]JI9星o<ĽqܜG1/fLr!7Kr<JJfs&)o-\\r5Fhzk\'9N\nƨKt:˦TȒ4 fslbTUH55¸\\1G$3Ld$Yr*o6㟩Xv~-t<&[Cgg쒔ynwV#1_тƬ\"djÃ1J{۬txHS=#<\0^IKA\n4}T\"2*\n\0FghFaE^qѺ͑mPUl&U\"3$MP)a) 뗪2ٻo<ޅ2Ixz2([\0ZY$7&6.<SVEL(ZWLJ[[\\8Tt%״̸2R{@%;+-\"fR!ց.1 nAעsŁx/`1%[@UIʌoJ1(gGdmNJE.r8`S2ot}3׿rdS0?d7j[@ފ,t:L\\i!texFm,%WYD>..jzԶ	.h@JAK\"FCiK0\\i%DqJ$(ܧZ/qQh!2T0FtWd%Ps\"8fIUMl۹HyURTH1\"8OuKVF,_GSfjRVV$\'СCrtRc$RvdIlܶT\nrwHΜn4l2rsN<1GO#6Y=\'|vU_JaL\0`w\00%!#exYY<Wj$4\'0#0DlXdDjo_wU8L\nH^Ɍ47?=yUd מZkx|KFǝ+uCW=;K\0@)WDdb\'ʉ	cPdI]̌,DG\\er睻wH/5E2#244#^O1.\0<P­4bRPh\"B8KJ8vRiErq\0&ѯ盉.ӕ0+d˖UDnBC鈷If4fhI5CIM˫7gl?Rfb4u<ycBshZg%D/MQҍ.>֥fP8:\0a#f\\랔sW\'vM.qʪRYgG3@q(a9SOK鰩pM\"Ly\0/<RkX-eQKlqM27ypzrrR\\B(kt7B$@InZP=\00]+L\nbpdfC2t4% ܸ,T4-KnBDi, Ҋ\0GJĩ`JTE]V*.T@#T{l1yBm?ٸ\\V.-֕ʅ>	S$qq Х*˝\"7D -DmrdNf6Yl3A;~/PxT5J}$~ꈙb(~eiP.\\kZkcmFb8G2g&Jb_ʪYb+__bbo+0w2yl<Q*y99Kd|\"A6)?a04ГT!\\sS2S)\0Lrir9i\nDdӆ}Ҹ^kjtKϿ\"KvF7tno&K\'/Jf)]ަf\0\"\0{v.y\0|\\nݵJnݷ\0т|ttJCBwvy򇯋gvHIWmvVa|na\05JP o,g]6/ZR!ݶYzMOKn^EܳH\\M.521*Z˖sGj~}T|\"]25:$e$*,K% r&Z6\\VEN7닩Cyy*N2ڡGMHgװ%i]1]W44Wq)\\u:&qm|\03^TDN?l:{*PcuB<y(GezRW%i/\"$lC\nHe\0|fuavpsa:3(()lP<òq2YͺFJ]2Ȩ/ bG0+7EꬬtDU_%zu4uz@|ZazGf>JϓAsC))\0rRWW.=}ӆ|?pYT%:ZYLeh.O\0Q\nѩ</)IQQ22 *YoH\nkeFN}Ul \"ɒzYF|\0cESHׄ]	QpNP|J5Rch%!s!^V_cGeYyYC+kh|g`sSb1Yk?kS~\0FJ\\qwI\0|{ޑF\\t䙢hrzf/./Nʄ)s(\'D{V:|\"=jMCp3lt,#Dsf{Yytyi\0vR1Mל׈CHHc}q.yA5`\0Ν+D읝5.+Z.%3@$\03%NsѕR#5^ܙXieOl۶:̘A0:ih\0RLf,LHk{7MR{)-/FasMRVFFyIڃ*d|bDmhn$%7Zy<^ޟLTVC<\"m|ŋlAXD)VVT,%+PiYcKkRIֱ\"D2%q]d@/˗ZdgF3YO@gwi]Tirg)2y~Еlΰdgے$	|qLzaEJ8EvAeQ\\W\00({6e4.bn`Bx~zYjgc#㤢^x䙈xdﮝ	?~BN:+>*V\\⦱\0w=\"#rkW.K\'kTmۤWZ;Fę/yEA-\"R54T\\U \0_;ethHg&MLmOF|a([]mŻ 9$ڒ)lIMvJaH,Sn B^\0ʦMKH}qqt3{.]&K>Wi\"پ#Z^c\\tR=Vda~vL!ȝD%\'dt:/miј<ptI]XM\nFTY\'T.;~šމEF+iXy\0O\\TLn͌6VVEIGEFcj:BpN^r1NA\\:Ik\0Ev02 z\"ۻo5rryLH~A6Zօr2@\0#/<*wpubǍT\\i)Z&,+-0\0Mٵ[*0u\\.CF%P:JSyE|\0^˥]LLLkTTv\0S(mԐ[\0@(7tqUBv$-FZFGG$\0\0T\\ϐ] [-llĩP[\0\0,\'\"K\0@uVo}\0:x䩧Db؄,MגA\"FxrJg\'UZR%D<GxP߀YjBU[}цe[eޒ?zէ=\\TY;;ypo,wyQesl\"&=5~W3HVlu*	\0ǅIQF\0\0l?bY\n>\0akjjX+vi4yD/qC_F팮. 饅ب/r2H	ӵ\0r䵗HnalXJ.H{?јKU\n%$?,aRH}}T}Z,0V̒+ًet	i*=	Pͨ^:CS:obvАƭ۰	^gW,4/lrRlY.[dŪ:%db\\i8SS zUd\02ї~|)H Kn:Y;əqN1+@H6N4hv=EcrB\\|O֮ʕQ#-X]~ic^cѯ?sy|xߝo\'\\\0Ћy}gvэB9a\'}vꩧxte\\5EZ1b@*xt*r6킙@֤ee٢j,;SXZ--~MTK^%o:$bu!Y\n#5p:x;	ueXK\0LOI\0tqYBfϐC.Ecϣ3 ` *˖.A&ew*][nvuujISJS0o~a	eܯ9)A!24<ZM>mEظ@݊62Q/a!40ENiXmjSM/KҕeRAM)l.QYfӜPS!+M+uQ~P\nndpdx7IT&qdN eYF*tzPh9xĩܾWoeNwSG~*EsFNDޛg/#YU$2jj0.-NRB	Ke\0Trd&C3Í,AHAfE:J-)Hs6Km37%+%޵RS[ltH͖(@P3yEa#5ͤ2Ĳ(GQAv﹋ cEJZeF[GOi\\1J&ruSKS9r	 \"5uBRH;]0MKKJ\nm&$gn)[Fc\0Mj\\zdqLty-U3ЫGf\'4TL;SPx\0,ꮋ뤡\07r;*%$E/oI[K\\8&]<41UI4ǆ,~hDR&ݣ^\0?-ʆe4u<.BRX^XxY4Ih_\0q*sshGhʃW?:\'jI-rX\\79ċT)A9ʊ||V>a4RY̷HȮ%Km.r{L=5p|DzAy\'DPPPk\"rQrbFR\0SMofJ&cReo`.\'i3Y#W<sU\0\\I#qRJTE&fȎ=k3˝_4ph\\^oߺEJj[SR]/HP,+ d>Dx}σvQq\'&ٵe353D5&{q[b֭4O$/zMoLO3VB<x{7FUN~AFz=avuUqB) ц{^ٱ\0vJr/Fڇdٲ53ҩĠ.>N:G~+/=rgJƧʧ>.$eA7\\hjtg߆gSϧ/;n\nUK%ztT%FN25z~L5MOjӘ\\oviɔ`	<ee.b߼\\ne4_BA{6J|ew\\.[,5krE?,Cri^q\0\n6:!V.5ڡdpb#\nk_1ұ<BE*yjTDSNjO@֊2.[ZU]+ݹSJ\0;n-te/6uA6\'5&J.R\\hx4IY%DBXveh<Ō5=[GN:?lV<dD{o#4vܩ&ݼޣ:866X^Ӏ$(F`zAtSq3Rhh5jUCYωaoˀ\\jʫip>V$2dЌfHsT˪5ˍhwdRRRB\\j~x\ni176,=lzj;/2r{OuƔ\\&To)Z\'\'jn3_yɯM8zc?x*uCS3];NTZa=1,M\\S/ MB۩njy{禤8K`k=(hC9`@>y	9qN$))~Vz>sL.\\E4OJ7A&%V{6m;6S.pHO_  ӹ3+*K@)\"5[B\\N[ G7A4)(CRuI{ ^ō,i0\n^Yc`u1ʭwCj]D锻Za/^%sIFw7LTHCkKI1Hᣬ%ٺc\'i%euRoݰjx~[NsDB\\vE*Kדt\0DZPr>4V~jU??M&FǜµRi~Cgb)sSvAb\'ZHcsec2wFO,HyLo޼?~L~q@߫Fn˰YSr5@|ٝ$BC_:îMEMV\0PQXUza޵rr9`D>L0	`/{EߛCqȦ-+V⦲Z*\0Aq	iM/|E߶ƍAZ|ƋK,ѵRSQrnPP4{r:0cSr^_ka\"3c-[w㧽QR{::nqG1RME,\\5jkwYRV ~ׯa/i-e`#oqxq4cIHsWΆAd\0/~d)8}($sn^,WڶN;vH.9D1FM?_sU:;w$bE>DGޝ>u&ÜB[(CX\0*cT_BM1Ӷ88ɩKh? rK\"vJ鬯;O3.?OXT,j#47ӳv*2~ƐM兗irDkTPwrHBmhS1HP3bvѹl;$X1ߔmi{jï=#/\',.̽(\"f_X.V+g>9yB|YЁ\nՅW20\02K]Ó\n3tM#8c=#b\\ڥY\"Gn;p}9Caźk!jRIgrd6jf&*ހOR{l\0`o;^9viH)͐)1vm/&\"2$~DVB:Z;7q`o(3jaEH(}_8H$\nCV^Oprc:i\\oiy-7o6tz1	A1ر)<bu\0i\0|>[M0~O@y0n8jl:Ju\n1H  OGe2cTpUQ<\'#23;uh5O\0WtdXc3̡|Sܚ4gPj-sO\n;wIEl\nUe[=YD0Y-\"^1.#+5<𣃩)<$jF%:â3P:lBWKXu4d:Pثt>!=Sҫ+eղL#{A9K;p1ٶiSry_cǅł-mkѕE]\0J$P:RXfp)	Ͻ\"#I4dzʖ1MsxXKr,4ba~G!2Wpc(]WjDm!na/CC㳤sHײdqCXsc?zt\"lzsnjq»藋rxo0m	QݵDl5ԗ;4܅9,mV2\0BZJ`^yyh,^A~_s;|htxF8{I//4<TYb|H\":C+caM>+L\'NFԺ$&E&]O_l?-u󷟴࿱:h[f.NL]XWZTm;xNR)[mhv\\B>BUvjkBP]dv@gpW͢y[%x!OLA`\0)QZ(}\\϶ʒeeԵMnz:n)F#1^je9YiGcލ-ENX\nSaZc2Gĥ8;e&=Rf鬪UY畓\\KQ	TI8\n t8I7(LD~96Do\n֠j:	:ef`}&U|ȦC\nM>C|gQ\09E+tgQ	f\\eHae.XJP#288a%\n\";G}Dx>sdQ>h\\RwUGO!6R~[ihXU?W&o߂iv?$:\"o94B=`U\0@c\"E=mۭ o-ڑ(pڇbƏq\n\\Σ#{5-K?7\nZTj;l)GV-_?;(ϼ<$}Z/4\"tB/z6$;H[&J\n/5KO\n鬋N`beD&&pIvҥn=jzmW(S :q<+42y	(Čl+<\"(ZЋ۬zNxz/7KKsK	<+./VoP -\0<dm9+ҵ8D_i7iBTS<s/>E0/0`X`&		Ѩ*LUN]SD!\"Dӵ:q2W$;8sq>hm	X/$JNU$(q^dCXt03.Sss@բkjAm=:ʹekN3{\0MF9\"܉6_VsF!Py4@tf͍VQɘJBM꿓sfnJ=R^\'U0Y22]HN׭MۿZy\0I(MtpC!2Z^UO^{C{+ŜS&^pEfY^XfB=ӊRi*x1y7b\nZgHԱ\\~Q3\\F-Y4EH:z1H=n8\"w}\0ܐ\\b6x9͐Cj2ٻ\\Vo\\\'Ho?{ۻQp2o^	zA{!xϼtH.tp%9P Me\\J5IZu(\0}噓l&Q\"(f~y S	H #@J\0A (*~4jBrdr5%tF#vƾ>3<ŢO?GʍY*!C<Ѕ,^jh4Q8##pv˺U8Si/R\"lik|l\nFRXHjJ/P|oOh|8]\'+}G;q&҉֯ϑ/7Cjz>Y(*jx4j]2>9	B1qI&pDx_Fˣ6\n/>kP`pʕ[\"?!\\G\n5Icw⁑\'ek6S!/It]Ʉ{Y*8p4t\\:R!1äv@tztl\nEnu}чՃihTMU94il.|\\U5c\n\0~s9VPPJ/Z\"(&1---	&AE(`T0:q#Oa&2ȑd:o-RD!@, GzXt9MҲƪˉ|Axf6E\0Q;ހ)Uc\'ulP<i44~ЀnZtQS)Q[g\"AF=ŰLzjdDlv6nˮt\n1ܶL q-2Es .^!Btz)iˬ%9;qs{O}W|iRgq>y\"IQ]_\0RWk8Yz$5йθySGvh(5PW\\F-r.6˽eǖE~=ձ0azmAglp]3BdGFFnrgR#ɓ/sPL⪂@\0|Q+6:Ibx٭EK5.*a9l\'f:}P,\\(\'RԓQ}7+o}	E<*0ڻ:u\\_/n8vbtp(H$,gdLYq4Z/Ӵ0jjiGMFS)H=xp&f*WLGҧ.>ߊ]OOa	Bjq80\\(of0]q̈BN@V]HJ`QGN3Ox&vDVI\0̈́a,:Lh!}U~n4F`jhS@@):\0f{+ nN6,Lݣ٣A1	S=zӀTm	4?N9cDiAe,e)+#Bvqaꘓ3Pd8XD;I>[]qcp+D\0 GR\'	1-3uLr8o\\WYN\\l(&NdtylK3rRq?~r+Gn\0c˛}C6G3琓V9˿^1ܘf2sCV)ODH!FYj^i@$bg F)Iwrscԏr\\H9rŅPt4^2s\'QoS3NL@\0,B]|^縨!=\"!҂57A-*IODRePZ2Jʆ_\\| QYxV߆(ipUpT\\^&#De)SEm٭yarE3ISDm@F	O:̉b迹1S`zMZF{rRxiy7sF%\nOA	~ihM(Qef`a|m.Ƀ}R<{QNovJ8n\'e؄\'/Jk5}Q*G\"P!`o\'*DXhYY$z+CiIQBN!ul쿣L\nze\nʆ\'sޯw]/83;Xf5WXCqiPT1wfPKLDDX-E=A=GkʺÈΞ&g۠=8I#4\'JHrſ	}σwCb.\\hSB} ui.\\SK<E\nW-\\,:zLzF_Wn8K\'q6NⲐJL`.N$򞌦5O\\vZ.4Irv3V@I2\0Pg/\0J:H)/zAż/=@<)	ƕ+}PLh=rB{p᪓43**viyQ궬Z&h}c3K\0:@aOw	jJu\'xK8T;P=ynPk$z%OLp4قҾʫ;o[7׊Me|	y \\)EtjQd]j3\'k?(6)r\"~]R[+gOKУq_.Rp4\0!3>jVtζK\'P脆\\D.g&Ǫ(,I:楺#w-\0vtPnglSFaG?`e젼zlBe.G߼$u3֭`)\0R73>v%2Jj%(RB5-[*QhԢCǼٺ=Yf8T===PptwYraMF=Hsg\\7AR1::\nZ@~!99r\\b6mQ[B,<5E:X@V/U|]Y\\\07í~M\n߁\n&]o *1\0+>2ǭu	A0SvP\n4	mjfWϪY=qj\0\0]ޝ]DmV&wtqɡ&h!㤓E$7IOv?MrCy~a@ab`]4^<t:\'>Le^(H2>zPjVi?/i.½*[e]y mԃh,r\n*vsu}P8R$>YsC^z\\;\\b<U3#ûc>ɖ\\KW}z+q<4UaFG_G\\ˉSvx&1{7嬅Q *3\'4ɗFjdIygfhFR2ˎUSOζI	b$rg nЄ)/^HO=\05K8>J=y,w\'0@bt^SmX7@=wh\n;0N3hgh,83\nI?p}mSShZd(@2q߅\'=_~(EqscP~JR3vhQ/j8|.odl aƆ+j,\n\0\'	F#^W&C˱M6 :Rksj=8%x)63Y	.f+j$hAcM4h&\nXD]ffVf|R>km~H0u\"*W㿨c\"]eCJssrlz&M={Myp0OodQDljYCgt?(\\!VK6ǞX~GМ2V?VƓ;VeѩV}4ѥ|b/ry̔gApl#[{lۻ\n\0OйZgOܝto]h6./#GNzR4JArq/*&P>R_.R+6CR-]؞Sיa	$GdQC^۫#0c@N&~}214\'-,u2G o`Dㆂa+P\\K^Y\\lB]F\0)@\0;qfU`N$JhV.	j}ɸGTK	n.)	&RCD5YDBDXuʡ|elٰEv[+/>feL,_fD1_k\"w*l)qۖH/f	ڠYfM\n2m\0$Çt6B`&U\0jX;/!{c!\n޲ybQ5Df4Bt#kg%ˤ^t\n4J1N7l2pQ9Mf.˨tCt xeYj!WQFF#-*b#.`[Wkx-.Hr_y1Ͽ*W[?rn\"}ڄ(ـ	7t@T^,͡Pk)֟Y=8sNl^ۈ}w\0R/$нv럘X[u,/\n#FDeJZ\']H\\XEE%n0\":P*w/!D;wS˾9aIǧ|ӯeֽY(Nٻn|k˕.tLQ[L/T/9D@~gsHS$dWpVZ.e(,n#\n̈^)\0ht*s쐎m<&3՘_LcNyW>+ٰaS/S#*xr)y1YD>@F-wGBF6nX1:j3	zNJ&IeyrײҰd69,5323IyhuJf~9uVm4R#1bh@didN$B厼i|,erQw1Lj?=.͗eefY\\+R	#wfPK++0>$-O~1\\MϱIN܍cȃ_)!@dpkcOt?6==-X	C-bx{viSrg*[|-5/$|ON/w+\0pkvՉ@߯%</F}^Ng0M1]IY$6?RI[8ݙ?2%zV#`$Aarn}9t$r7|&f6Yhbn^>!ϟ@ƖFi8>rØ$=Ee#d6ƪʞ#Q4fq1gd(ilX$N|uɭWHΧ?EyE8U{(N6I]yq4MDZS#\nW^PIf6Yo\\ԝ).Y72.\'<a5h5}-Dz٘~sS:M61Ip3mvjY}r>&x4vODettҦ@xY9d%ۡ$nT̷|!8w\\nTl_\nӅƆ}{#2yN!6;%a@|NF#Nk0Խm1BD*N6q:إ)ρ\\^CvCuJ1#6AU严3Ą[$jɮnsʾ^|d_jwXfO.^m.+,P6(箵4$\"/$-7vSQ1p4mh(\'M)Âz \'D5	vkem6Nl?s%W3aed1޾\\D#Iu;o:n;ڥt/|,`Nͤ~1R\\x{ܶw޺S`z}tyNy(XʁJv=B*\0|<\"p^4K9_%<ލ_;}uXPBϗqښN5vS68qˁ{#K`%vYS;gT%5@}Mf5O\"kmAؕoo=rٲ\\v1~tV.\\n~z	]8 .FY\0&^,<m:$+Y`lJۙ#PrŬyݤoWp1FTÌ<ݿ:9q*CԇdOHͰ%Jd6Yd=r3Ԅ\0࣬Kî4ԋЂY2:k\"kϚM-HC꫎[:5poӗ}VQp^⢋\"tO%bI@ς-{\\+ᾱRioo,9sF	u$$N1W7eO 6p0\"zza7$3(Gr)+Aq;܊kTn柤7llCT1e^+釧g#\'tH!͇*YxD[;pB5sM{o)%19}&Zg|@H駞7#tJgv\n4^HƭD%P0Wa\0hH\0\n.> -ǰW= \0uq@<D9EcD\"(b4?s1:sGW_TIދ_Z9	kP_pMD.;Ѡ4_${x!UGs=.qQ`ÍL.0l]0hޝo2ayc\'(=(hI21krkzx7pA=d*bqsHtnh @Ө$\nͦIB9gɂJ6QSi$2ЇRǽSҢw#Vl-%7\'1͵EډJidfb@	NrRK,nFy}cRMF:S]]-c$GdnP&GBYBm?qm?F_Ʃ7 \'І[y/X,]JN8ܺ8nQjv\" C\0(e+Z\n3*<71[.`1_Qg.B^uNO~ ߣ@ưp\"0\06铗~fȽ݅J\0ϝʀ80\'ehc4 aHk c\0y3|mfɒ%D7Kx1&\\UsI@h#,).1\\oJg痖]\n45Օ7wؠJ3G!T5F.miM+,9W٬\"Oĝ{Imm	(->:8NS\n1C0tWl01Hn\nK!ufTɘ/ϼzLt},B-R\n\n4j3pP%Ds:Al&Fj_|DJ\0);*h2#_ K9-Wen{샻\'9:\\V\07f\'jc^`۞Ccd9uO2*T9ى{\nWS_8ݸwdw,\0Bd\'E0	9v֋6Njr5-l*߲%Нn(3eP͘͟R>ǰo\'E|]N톶µ:Z1r#,+Yx|OBD\0vH%*\"gOEj\nFMOɾV\"`6Bԉv+yTalzHgmQ\"X>	\0\\RkM*DT:.nVKe|G^uڍ%$\\{eIܹA`{\"\'A!_ngWP%ׇd톕׹ʰ\nɓ?|ΨY&	Jd[B\\ފ֙V順t^8IPZpT6zNESzxDү\\nάL_R,0F%MZ-9Ef;8y93I3҈ Vꥱ;tQDn7i\"r{iLY=^;\":Ah_FMя@*if)]An5+Vȇ~akl7BJv}݌DVa\"yg\"Mes3ۙC|%[,\n=9{/ё;\0[~48zoqfgĵ 3Y>}4/Eg_D!:9Q	.]`5jpP\ng\0po$F\nze]$UeZ\0vW8<OcTpJ<$A׎.\n.OBG I$-Z^ֺH2bCZFʨ5Ԑh\\خsq閎syU0\"&\0X6.D,x$FɛΡkccQUYmԦ4ֽMǅ==9GwL8#_ϥ9P 9N͍Z5W::gȰd:x2<u|\0\n3,ZRMLM`MHgǈEYZU u(7jt)Ҵ\0?U1R`AW71;͠ ^$Ԇ|fltXwY|ndyr)\0YS,ӵEY72꜉4MnMM9sXJyhɕґU1n0(R&y31*$xD{|߶yBLSوnyaUL4,*&ii;G9Qj\nI%;	yV%ޕ>2u)֧F*vGux%2셪{{=Pq1ˑg5xBS\"t27BEʦt:!9qL\"0tRd\0K\n`~!{dhhD~|O\0\\Xb-;#ۤpH-hJ&Y04δ43nܲm\\.4ǽDo=r8sD6;hz$b0z6d=zԢخfj>nFfg6bR;JyDMiEps8z8u>n<H} 5?\0{SEy:pL3;iE22JSbw`=&^׾%W/#ab.Gww#!\\?vRF\")3P%?R!p(6dMUS]XW@-vh.! Ê-oe-R5Oa2YZ5524:$~(OD.byzNF)ǩ~64BILC36NFqJ\'͏v6%(|L:kI]i99rkxi\">eOTWr>0UG3偔~ċFgLm\"d1<r _E}I\nRuzMLIjtYϲE2Nw\0:z8b7[ajNu˫_D`%.DV@Q.ZATVY^Chb4HuJ<첏bgTX4i3*Wȝ{Wpt2a\'h#\0Y;ahz_99(,GЍ&,̏-BI%:\"ѭQ\0	XLq|Uxf|bj|ԱZ\0^EA%\"ztV6\"i*v\"\0(eP]GyV &=\0)7QM}L`@}\'ZpQ\"ZMF750~m:iپ0j()a[!	y8_5R3^\\׈2{c1\n5ҒF]1_XԸc#դ͜/E	򶈚7Zxz#/ΦUqxl3vfؼ#Ag\'VTUe4XWыC[kG\'p|	&B`g  7&ڝ_\"Cg 7Zx?XijЇ\nOSCG;_\\90uMUSø\0\'g;iC%]\'tbG=?DW;Nꌦ2(Sjl`@|ɡIO]U彇/~u_λc\0p`gxlcpBeʐu(# D~$tv-DyscP@\\xzpR8yݻ37)Z\"kDv1`#:F>z6EFґ\nqW.`&ÂE4\"O9\"\\Nbc^j\\M.T7@T ZۋAwkp{8}CAD1\"Md/dyqR9!(6ﯭfػk$zT^~eYvVuDgI\0+\\)\nD@\"yI^ٱ{d4iclagS|Yٵg%d.lfSrKVƅr\"V7u9l9MEPK(n ҌJ!za+q}zQ+-sPahuuپWKu>U草DD߸IєV i{l6hAjvsڋ#ݕ	h:i}9>3݄xÐB!uC\'4R߮\\B[<#2sls4ш<)ÆHJ*	4%xBn4([E^2\'5,$j)#PɠNK*MJuZxyPW`\'mL%,,e>2%;g7,w;\0\\}{+\nrcwvW!6J(U+q[	TDGH7t)VgI}AY,qm$BڈyR)]]#D<zd\0C\'w`C. G(J̲9g(sJ%xb4FLiWѽ-BGь=\\GP<Đ)ޛ`og\"CtbhQ~BShneM\0^+i=H\\fcw0mLz:h\"ȷkWzɾNY@ShHejf0cM|]fn2~ѵ\0`Y2MeU#훴=쁦_Bu$Y	H\'nc02CLMD2FYMv\':\'\0NBSCAHNg.Bt[h`Z{FfPIaB8e eܲqiRc>K\n2s`U§/lNv[/Щ:^s<=0NrR(}d]b\0,Mb4+W/LQ6ɾ;kFw\"P!sJD9K Ϋ痏Hَfڌ_rSIKw%ڔhjbhZpf\n	\n}wZ\0/N5x&Ȳe֙Sŗ9Iu	IDҺNlK&ud~0ܸk|fUl\0C(ds[?K3\'vzTIsQ.y`锇^Ym+\'#N!c0\"Z\03ӖF;G,\0W+0\'	ɈIsDP4E\0*I;RaR/2R>Q@|Õˎ8m-.uP?]9;S\'P0NldQ50\"ҵyZI^Kq/ئfVVw2c֠v(?-LtUSLi!\0t)N,Lq#ƣ|\"<)Tl\"eto܋o^\' qC~>0PtXIgKâydJ$w1aDդza$Y\\f G9QXs0Y`=e-c:n-_9_ex8VH?S>/\'N!4Ѻ\0P7NBs	xqdsUe%6mV0H0o%^-w6tBQgvf#<ПI]Ii\0ORQx*3J?&X\\lR]<3\"SMQ=\0tAA`g}V:WZ[f0QY+qBYh0hHy5b9v,[6QTkD	yA~;K-măP,&K |VлĴ׏÷[Q\n/%Bgș1sGF\0PPى[_H;9Ň0ᇅYT:W)t[\\t	#JgEfL/薞9\'C~sr#I}ib_h8<RvDAuuD!Da\"UKijNBuXuH\"拔qՆ}^HRA33=,|	5\nrC5:)(&4\\\"V@erXœH+\nl\\6malr6$CkjEnR2\0@):DqفZg0Ʌ֙%lE:l(^Bknh\0;6Q~\n`x=;Y&6\n8; ћ;x]{?̘dg!̼[OO.7½H+A}s/+5BӚsI9U# %0NHp.dvz\nQnjAs풅-NG25>ua/,X;wmɾ;#G],G{b4H~t	SAKà::͘ll&3䛶l#q=9*ŮQnӦJÝ9^:\\M{!~I}M|*2]sbY߰|樴sbaDLsCA.CQȧ4NNQ\"7ᘨ$c{LF55n`_*-lO`IHGA+\\\\Ri\\j+DT@1AP@~S,ݻv2҈44k4~TQT)+ltG1yUBd_j_Ol%.|x\0:3<&/K66g@s{.\'ynM)\'dR{\"E0\nb0iШ5Kz;rzRbjW0D)\0aRQ^\'׮v?#ϾcL[bl\\X|+?\n(\0[\nY=Z>OQtkʡgǥ&3ʌw޵M>p#ܞr%KAT3guG6<dBOp%$߼Iv0󹌺ZxH;8+,(I\\\\\\q^:pf_>-6-`\\dHKCf\'>Ə\'wnm~{[`wWse>xWl\\ջxvN.^mP?a<Qd;@G&Ee?2v>\'c@$3I\\~E.4F VT0|J	Ǡ7i{~g^hZya#:()48@Gb&\0P\"4@XSvcX~u~RkDgBwQ#@\'.<3:YMmI42OBi?QRYfjj4Nԓ/#MeH#`)A\n<Т$^UhȀ	Rn@:Ci.{>M*E/bp}DMg,nXF*rs椷WhF.&N(ܴGXV/%\0c~Ak,-qYr	|˨t0]	%7w\08IQ-b:k9Wdʺ[pF8[0ŉ9u._V215m|6)Aiz#dNI~aZ\';yuB+s;&Ξ?)O?<Zrj1رkcY.sU4VIMaލt~/zo!0\'}76<FZ%Q1g\02S͸\\_i\"޲C_~<06N%3[fS=Lo{\0{R|;eGYTHa0ip2ÖTw3f@`7σa?M=m·Li`6\nعhD5\'>0ic8W/d[f,%.-ŏy	v ^La$wwaHenjWH/FrK8TZ;UAX.$\0(M\0arF2ĹCfX$JXw_YE	BuyځQЉkL8M|s3dht6\'ӊ6Z\\9%ʍS%H5Ӓ2[\0nkp֦F:wDPN#A}N޼NQ@,F6Ŷ_ׯ{IiƩ7)˒IWj&Bg{#rGIbD{;6M>)c|W22GI8zJ~SRY]3 \"WoH1}8:\04n+<==w`\nl>_.=	gk.\\G[,cri<DDa(Py֫GY^/[m##nuS/<<lp9¡9^sQ(pwufYg<\'!{ʳ/gYu$˙nˑhnZb\n߮%\0dmݳP]ł~% O--ʨJ6rє?4-!YE4/f兗^7jַQ{K55}JQN[ҵ:Kd?ǿM{_?W,ɑY^U<K\0G5휁+uJ@vPgz慞Z\\)%^zi<94n7\0	@35JQ\'Fe7*HyK٨oEun8g0FHM3\"T\"W\\z\nQgQݘo{Ivɦ\0o\'E0#3,m3C=B\\(HKʡdMJ\'Ht-BX\0ag}g\0MKY^)(Qq2Kg陊aKEձDi15ήuJ_g[Vz.v~ܡ|1	q<\0DE2n.\"2cp[:Qz!Y@\nK\'%E7ѡf^it/5_s>uhugRe԰ڡ\'GlJ?|;el\n!+8KF%%|dQzPĬF)`|Šܝ5>\\/uOG立\0G;;tx`a.9-ayD bmfw naZ6] )kMS$QX)GO0ڇqg[S&_7 ǩ/5ƭeUBΓyϷ2RYtKQSՇFS\01=8p[1\\R4S{MH?Dfx\0(\'Fi\0#Z4Qn;]B8d0)l0HDL q\0ђ\\_K%3(<;^}Mp]b޸jkL$ѴRh*ǍFux2Z\0,\"HHNr\\?U4EZ;NeCLXLwJ|glD4t}zֈrd󊷣_dc%أr荋oPcHق%<f;+8&	ؒcyϣB@trරeͪm&ʞU1[QjgteLLIAj\\GPưyg繙C7 8%Dt-Ig&*s2oTɱy{+\'kg #T\\d*q|\0aM?3enf*< .\nURRG;\n?^~d>~lI8|3U#|rAz@^iIrjsb[=Yɻ:\'E`Pich4ݛwIso\0ލ4qOQ TjzF:x`^fC6\0̬O4>\nT3ziMJ{3{\0<kGHfy<fIb\00`RWΦIP*\053tWʇ2ޏ^p9b4R\0UNFdي~%\'`c	[zo60PɊB&>e_9*C}}b\niNUtP*}?(%Pn\\V\0jV{hPԪ\nByyEc0Lhi8pnQnHdxhT^a%eUK\09UJTR-Tu21=$M2))PTLy/r\0_ԑ;#.3%%)Xg/vރ\"ͅhhB<n2I!k/t֡-íXyrBΜxC:0ҊcjetJEzIOh[G\'GEN);wdLy*y< EWXT/B-*Nc4 C5^&nV#kxFY_AH#@oDInhcj\"P\"5QũA0i̙^fMLd4\'~PWߠOxr}+\0\\chS\',Gjc9(I:W\\vj* thudԃgC;<:CFSde<&SKˑv/e&	RL>{+&ݿMoUHJGNT׬zAR;yl5\n~7NJ7y	z{V^>XJ^FaSC׮w;OL*y>Ls$4F\0D*	}w*ekfzק\"\'&L혮no0j\'Fo쾝ކ̌[gSߨ\"nfA^Ϛ8\0Vc{Dvmc!&]JS*dGrW /\\R@~.9{*mhɱ~s:ހ9zR6D) f\"&7ʤb&סMS՟tY4\">n~>~i\'Y4@O;ڀ$ʨP\n6à$_6ffXi3BA,BOD\0OyW%6[q[6[qduQ{褼1$:vt=B\0Ј?ǘQ>Kv%F=!dЁ2o˅3Rn-[܃oC(cd[eӆu2WASP$U9\0>F)	׾GG-4H5A3_!j<Xetjor=iGE#G:81a?s`1u8tZ&R&꧆Öd.!0ե̥Qli\\5dT]lAj*ɴm\'{\0$&GZxǖgZNxVYQ/\'`qsqmq@$^D}Cpt;;\'c<Xi45Z%/=C/毰+?@AԸi$\'pž)EMMc3vF0ap\'F9!bH駀ݿƀs~7]?t#1V0*Pڬc;$bNtdPLgpДC)%<N;#\"UJO5qfۿa*=ȥ#\"nCp\n+qI+[K\\гD=`ҝ9Nw<R7Ǝhnf]D9:ka:%峸]kn6R	n>^|3 90m&#P&Ube^5o݆d@k/,.7(V42KGי){ِ4G3υ&=66Lw.Ye4t%ޠsPpy=r5~KA-_\0u)ɂXTQ\"L7L]OycQW]Zϸ˞_^i[o\0L/!oDtuG\'ԉ9A-zIu: u5xl۪p0B-[˶5R+CLA[(OMIvtvTŰYuqjDSGim>W;k%l6540V*f߸_\0nF0JL6]O%~7Nў~\0o>.\n8(E\')&%5ý]%q5T\n~ZƵ3u-F)&?TLhR,mpDeRܠZ}C0F#BߩϥԠ~\0kM=6ťE<R^R38}C!JcLQCr*gK.k,˗fAݚ/t.qz6C*.nzrKߴu@AJJ:_җOVoX3Wcq \'I<CٹiНaX:^=4TCE}Ui΍\0\\\0]%K7	R|\"ctVS\"0ۺ5ir~yV*<\0apz mZfOS[6><^pa+/?oD,joKiLooyr	dTLעk0|?p@k5FneW_)1C.@+|{;МUO\\.(om:D^C/~sԖ\0;>;1ڿqw`DZ\"S`3-	7~7\"@Q4sӍFwڄ@JJ3	T6hp?E+ut.q.)\0ZzXx kݲSyEChvT&P|H1`,-WihÄaET-a dAĶ>\\-YD\0g$)uT @SIwճIqQiMea7;%o}?~9s|;#,zH\n;yuo|5lLZ&-ee6p:ưLj9QgibZa:DM(Aϙ އ>.qUNt<4F\n~!ٰM&zFU_yϼ|m8s×_}_a|ȓOz|\'<%R/\nIh/*ʅ[CXo]سiÜ qHߒ|`gF=}r8A1GRӝRIAj%ADjٙMk3H)97a%~\n F>h3_&E]~NI.$O^!t*Y\\,j_GSGoOFWh@)[Ӟ_SK%\\3ꊟt!Sv[>{)ٽmT1V5VMJ\'^es;ouR!\'oZ[24#BErՆnTWod62\\FY6*60Aiua eNj&I6\0rVZLym\\WOOe|FP-gr\nŐs㭲qDQZ2~5gJM2r埿2xesd!0ѷ=L;Mno0b*ѝ]嶖鰘ePX,*ᄎSJ`eλzEQuk$[I,`\'ٌ\'uC\'HQ<ta#׍eR^]+=2Wԅs\'舐i2)VT-kd9Htt~!鶃+Ëη4fHwoN%M{IfʫQoFh𣦐1~x5.@*Vlإ\"4 .fO)*?_ujDVʀc5aV9^zytHQv9>M \0tzu:l#F;ݪE֛Fz]J^3cp(@5jAR+vuao)|\n#3(1T7T1Tn\0V0́+4eԓUѣOBzԠ6g\\ݿsY\\#Xe	,b*y{en6C¸uN	|L~pIr60jM{)+\'}w%FE}7缇[@a\n7dPꡇE;tX;%r,Hrh vn\n51`|`SE^YY{0LH4&,4+\\hcq.bE?4=jsI{3r1a҄YGyqq宅&ܾX#GtGXkXL&$-\0TO;iB7P7\nxߤLyh\n?]b+HMsi|~aԍHEo7uoߍHsp}v?˿kPMN)FB\0f瑚z&0T-;زNΞb.ѣ\08}| 2.U ekXA5>~)5<5JKh9,0t#	QOЁUO.ټy4,\'#mcթ(JL$p脌_Q\\!w=zi:g೎HU-3>={wmdpiVSтq@=uS!BHӝ^cSFƙ\'vXJF:K`!K:v|ѬXcwۃvK.5ЖJ;e2m|l\nϼct\nŒ\ncGKM͖_Rar4;v7\')&%}cۢEtzw$#uZ\nqAU)]7zt`OC<Q$\"7s2pq+5mhhN:E`8Q!c`SO ֍zۛ[Mn_R\0;MyNi߸>VM&U\"H{s@_=]KX}/`kte2V3[A}\'/SAԎI_#x]x(ťP(6U-5`˟G059u\nIu\'׬X*W.^\\ϐn3zje*y4_qajEMmچ3Oesh/&5hoٳSv_Hnh:UyiSQ_xVZ0=`gzDqܶ`ԋARb1Ή0ɂLq)Yyr,5X(LLvd%#Tjy}G6Ƞ][l(2nY$Y@H65e!hXPτvwo\0(h8<OԡS42j>1G:Kڀf4$b8@ELvineA&Bhfq1ZATL:,ǎ6L.ecFrtL\'RC@so/FuYBPnѠѤY/4~>7Ӡ]ԱԷ8;+ۖevnQyyobCR9t4_Н+Rx͉>u^}苟|>xYA54l#<pl~AV,_\nd13.7-2	4C_/Ҧ;74vej(qI/_!c|Z]rSu9+۲T#KW]|RW*]Pj9icz~^hfVu;SUWA~9>CØ0G}Mښ@.	QHDWQbz5H)@q#IOb*-	3ځ[1>ֲ̚הJyd-@YcWVd3r)єZE_NDHa P0얋-!tS/|畐tC\'8zIMG;/Xdn, \'ɲ<<8<?n(DWO\'s!z:sդ8L{6 W0w$Wxdzw4ER_cn\0zT{CW!O!\0]k?\"4$LDLppvl|a\0*bfK?UVfg4{{1N܍SQ4˚/4f(@9Q\\e|iDT/|J4id8m(+D<tuH}*9a}/!Uܻs\\ w/\"$ N0؜C|I<\nYɔ㜃P<kgLEdÒHNIאG)ɀ4mRk!VG%\0_][v<xO8}aVNInmtЇ<anFV{s\0ZMWڌ9f\\Kq%۫>(J)N\'%1?0RͫXuCP~[x:8l_V^9%Mx3w% 3~*Nv&~mߺr\"2婩T 9vCdw=aR֞\"J\nBG>璕k˂j#SP,Q#BF5?ܱ~l]2N\\3(4qO00W\\Z/n濦e){Œ͏ݕP:Kiaftxa<iм/J	!mz`1uL@=u)zT]\\}4*&$+?S_;7Y_٥D<cBjMsqپi-uͧN~f,[P\\5{ZȁQ<<LZ&J%F\n7<)S^<~˘7+525#(\"mFpb|TťKLR,@K]y@fo=loVh˝}eL/tdŲf^L:(CSmToSA	}t6٭ƌw˫dŚI)xf&zTW 2If$9,%,Nssk&7Mu[@%JSk;Ht`R&\"9x\0M-jELhN\'\'bu|1fϾ1Yt@uDLm3]~瓻e|\\=wtlXR;$Ro6mHƑ!sס=8$6:9nM޽d͢t3D]sZ_Z*|͇\0T-|R7ji797]C4~\'Pp֎*Pw;0OHo|6ɧγqz\"^SìRؽe-E?Jv4V1kH;Bc$tNg-³pM_m|Qf~H5y607)L<<ٴv=\0n<;klYꭱ@68،u~c\0ur\\Mx9Lem<P?~l.9%faj{\0NVW\'ᯔ}deCd)+arhN&c`}Ƶ㖻dU4\ncySK/P{deEduU\"W-{o&\nf|ZWZF̻zRR\\|*:35AhveY9C7ܗD\'R[d:wO]=r֥+~KrR\0J#+xڏU@ˋ!^QGP.YP^2!9hx1\\L<0z|IIDsR\0v?3{|#\'nYBqpQ3i<cZP,N1z|6P[ȼ\'1#u7VAvzY\\dWFnJc1+fCDO,(PuoPzp_~EH}|\0<Uscp29^=Cpb̀_ Ww6+?xIƠp:S&d`i2ҐA\"`Fn\0M9q~>u1X7eөPg{$6Oi)x\01]sĮƮV:Jgq,Vq&7Zڈ^4\"T@tZ<D6kGXvNj	\0[IH5(EŊ&IyY&1>{3N4f\"8ni,/^Qߔ`2M˿&M24sfw/>FQ2zb\\鞔Fwjf_\\fubf8eȃ=`>C/嗍!xGMr?7b۬&I&ue%/A4l=m}}jtyK`W3dJ鄴uSC8dI,~\'	!`LbtPY]${J-s߾.~}K+ɇ?aWн`|~n.vAK_=~6S\\<Jlپr|wrYKMsu_輎:8CGp I{F7X(qaߨ#.jDuKҸ `k]$Q/.fgfO\0nAMp!gO~s~Ц\nBԂ\0BKgi*JYkMsnm3Q7ouM|4Lyc]|4<Fs˩t\"j\"!TЙotc획vm-t}OOC},ZB?JnXCQdcRx!Tm\n9!k\\˹\\tT@߳fÏ8XLJLЄd<k?U~!/<oYX:ݲERH!,`rҌ(L*)^&]ts>&*@|6[wm[p8\"\'0hC)F1mLC5%6#(>\nV=Ya.jT6>Ƙeq}D̤\"e=3\'q!2v谣/?e\0OD+c1\\oŇsa3ðSW&y$`ʕL; (6[2\"\"cɒ%tд6D@&,@X.KTb=v:.`Є\\W~k@Gb\'e*ٴ})QF\"}bYM_gΛ悺(Is̥ljTc]^@nƴ7Dmpx܀	B9ꠦ|f\06r2Q\04uAC/+jȝ{&?eg,].w}g\nIBIQzqJ9!xӔ$JUGhi4}O#<~5*pSM	o?ݏR7F\'*e%jlշOǝ-nhI+$\0}NYf,YZu<GRabf\nz\n3؊3/hCrd!-V7yCA[߲hhA&>o<>(MΟ$簵z=d}~YNg\"Lb\n#yZÇAcb\\j;%H9-5ٰT	533\'sƸb0F,a#>W.zNIZYhR5>ih$׮Kcm\\֯bA.;úӞSֺe\0pʎ)wɔC!H*\0)3B<S;E[L-=1UIF\0pa޽A\\p+?B ~D.4dfm[tR2KK:^J!}XvuLP5VA?DN/;\0櫲pYǩc])\")>UoFOAȼPu/\0n\'2J0\n bbౣRqo&	RKO@s&ʝCC66Mq>N8O֯C:X\\MTH8i\0ߏj~iLg?7kYPߛպuU#d.C۫	u̠Iڨ\'Bs|^aܫNlcOπ<y~d-;eB#;ܹKnzU	vPKUf͐իגVݴA*Df:IkWCo>9s挱ђٲe=ރ⵫l=HdANНoزCJEo.p/\nDH7<SrQ:9#v%\'z)ڲAۉڽI7cG(ܲ6\'?!K#觞j_9L	[6۬nc@NQ9t-<h6CteAm4,u&XMLkRQ[\0;\'hphZ;=a+O jS(:-ebslRBJ#C${}KqI=rFΞfn/|%̜-Y.sЪÅs \0hu/RʒMeqe̍Kӹ${d9z)x`mrkW&ZOӢM:EgN-1HH\\rݥpr1h-JXNsO#<,NJf\"u1mΥ+HIF{`Ȑ+}~;f\'tz[ z0Q<_.&)B\n$7gnbcDvmp4XyZC:S$oiE:0\no7w-W\"M߷kVGe{\nFVun:nf3䝿oݶK.8\"4<;Ǳ\n5t}DnQP|n:ɋDDkdt44|3TMcs\\)/<f`i6b2uY1p|R|o/\0\\̧6vFOWi*\'FIN;+2=Ĭ_\0ۖM\nʢW*eU^(wޱO6Q+Fm6C)(ׯ\\VfU_Ge]$͐f\\gesz9ig@um~چ土M}2ʘl8ehxeg=K!ްs{K\0o&zr1pzdCj9Es,\nZ`n>tRji$W^p~V+ˆY|x?C$w:o5\0MŌɂ+]L}\0uN-ZR(Aͱa2ׇpA&b٘-R3@`fzU;beZGC:IOԅjmnbM>MyӠn џ5/i\0#\08dd:ARed-kCz[P||xo@\\@mbX{Hh%;zSȲf:CB{-§SBt4gR7>\"lEGF̸1ǁQ*й~( :\"SנHM93@k[7r#Q6`}ӿ!9kFtbYLDTP8[oC֬]D/Dd眺=eqKA>M;_e,_AZ46RN)qY\"kYM|2LU@gQS[e#&y\'KaICx`c^P]S$Z\"Z禺qdwZ\"=6_r<kyZtӎi+MHkLnW8fH-*D^YX sfʢɾ=ίL/Z/y=CMwz6f᪘HfKsTY2ґ&64\negïhJ47_zdo{.˶dɲPO7?.	5%n[j:0઴XL^tDWafbU(9`2H#CtFic66ʦqHM-k\0\nwCqC޴JgaGXkq\"&eN`!{Oʴqe<O\'(O8a\'kX.7(ԥ?1x>@͚r\\x2;n\"#6.62g߄4ެSaGI7RN\'l3|:^AOv{ڦ]Gm\n)EMM]}:I6cP-h`8Jo`HZwv\\9|~\n3Bd߾=ewc~zR2J.laJ3ZqH߾HJ1)%nd۷1ipJ\n~唦P%1hm,[	\'3K>!3>6o$H2p0eB!}QCk?Vǈ5?qtJNj	ݫtUY\\D{ԴuCzZ{ƓW56ցO*3kكRUҹ.,#h\\{]HLk*>dUk-cs¸t;#!+qNJyw0&X|%\\VM	jW	)u{>-WHS3Ѿ*.N譒Dj~iGvs]r5\"618\':S@RQ/8R!.NsrboBi&})j{+3yS[<wP,nZěnsU*_Ou$Mo?E8S5v8\0FWцb\'\\FVs`RGȟ|zv(@UF4G>{>H._{4\\8DH4-Pko~ZGp,&Ȳ&ِ	i[\0B1:1X$E䒀֒@7@eT¢AȠѭtv?]h	/g8e=@Gi\0%+WBD~m9oD[he`ER	%diGyOQAe!\0:d@N^[/rC+\nsqarS=%^lA_;Gʇ`ΞT4ǪYW7\0~Irpg~B:]\\6|ˌ\\xл-H_+Nϯ|\" uVGѡ簛Cm\0nj.Լ*c<gEcŜK$r\'^zVc%;mǻF3P؏҆#\\0z~vwiO9!V1fctklQiO#oyނ~Y9s8	e<)[:Ȯ-jh)^.똠Ѓ*\n(38b]P:3V8	9Q,H0]k-qzΆ>iFm~Ϩ3In몀`gR#44VR~ImDA:|3fꖺ*~Fvo*gwV2FVK8Io\0BuBm%ޗNʩk.Hh9ėX?|O#myϭ2Rb~𪢈,ޭΑPRR4t$}H:#!\n+d &ZBN)=ӣ\\DQv,zffJ5u_|w~Uv\0&ȋ/42ʆWzw|ߖ-];r\"kE> ^8k-0LL0Jζ۵	՟UZ^ЦnM\0f\08àΡsIoTHCoK	<Q{5Y &ZyW|k70pM)dISlT6~1yhЕJ#N	evt>zCկ# \n,c(-@TS(6,#s`-_79y,OIHj8^:LV#\\4.wZo^\0T2#sS65#E33М)^ZPDK/2l5G&ľn%ʖͿ.NcG3$pCb3D*uzRdLLz?\\^h	3%V#\\3G#z~>19ɪц>TʧΚe()GJ;έFZE:Lln5 YUKGkd|4»n#sEqGs<G~i:|8L%A];Br5-^yFK[;8;\\h(t5 Д|l6RCIc>>ڗ\"XLy(QţFS|{{mbEhi.0u/P{H:`;\\e*%Kdr,+r).ql-V.Q(Re+}[{`ofH~e0}{{=\\%KE!򴛒Gdݾsw_v_w068	96Gu/>08tn^ )\\ce^.^Yًi<KFSJ{LN iQ\"E|4$u|o\0]&U7td]sRtU+7B0p :ov:o}/5ZV{1fnV$KQԳq.Cʕha@DlKE%$yZ3>2,##Ӓѹɞ;)<\'?\08??;6_75l)t-wK% eehC@{ܩoqn*/ȉ\n$-\"hw3ǚ$wRʗfZ]=ɸ+\\Ҏ<sN~)3㙅i)ג6銫smSY\\aV`$f,j4gs	l8C&#69_K/>O3F9GMg~_[qG{4B~rO[II0=.g9+t[zS\\YRcVz|>MZ0\"\'nhNc;Iڍ5=YfKiRl6l)5,BI+%.\0LE3?#ϝ3k9>LwKc(gtb}h筴OފeU#:nXm-oOW>U@,m|ƥkxMFobhMBϤP	2NGMe8B}gi\\%|R .눺4W\05H\n}?o4S.M	RYJTr!HH6X~^w6heMTäyͻ+{uK^mƥ㎹cwM2FE@׬16+y7^Aü|y۲=efՎ?גywg꩑ܼP\0GkjY`-Ǎp`` AY9SbԳ7{\0kN7v>v?p{O>>x}Gv}#kM\"z16`OM$%n0rTJM\nyh¥\0@$lA/TP\'$߄jmUK=x^_RuŽT\"*08]nn3ѿjݭ?|}ݳOq_?>	ĝk{\\7N(+q$[9\0_ǵNߓ72c*9بfL<]v75\n\n&-]^vݽ]2WT	~Il7#䘣l\ns鰧[)dI&ok	\0Gc+[2@^0<ͪex{9WEO7=$R\nɸrZ]wxݸ7^v};^{eGJ筤ǈ;Y98sw;u(J8D TYH5eԲ͔%|oBu$%[@w\\\"evlSvp9vIqC=pZM=MqIh&\n|ؐw0\"$p)ZkXJwlkw1nWv͡;>@sI5A%P>+)ĬؿPwg$JMip~d2pY-xԆg?S4.F?`S:iL!*p՝\0k.RqdC8q qMdqx2fP[!u/b!\0_\'_p=͔(%I54-u_м[,g^0}&Äv\"]s|6[bwuZ	~t#`3yf2bjffu6TQ2JipqXaE߽~\'(Fpt.tLF˦fg>vکQuhqA8,%1u\'sQ[3oϺ{_$;@-1:C4\"(.W\'}9q+	W\naVX2ʓ=!w/xv~2Ѵ9p!wE7}xόZCA`jmC.s5utu dUln.r^\'auΞ9?o?Oz?>GF9JvݮwOĨj@boɒRv0@?2Hd.uǚ$~:pRGXq~E70B9U쁄C))gl)̄(MB`>P2	tU&^@	aZTq\"˒/4\n_VBaTY`ઘEc(TyPtJFt27V0߹.-zkah3\0?2Kƌ508f))\"/V؃P@CyؐY9dHRA%g8LXPk,+ˇmFW]SO Ar섙ea-WKBV׻-J]^XpWvnpXZ*φ純슡8iV #ו*	*!Kɺ-k:`P+2oyq@ӑHq1:܃R_%(ov7 ?M<>\n_hpUUҠ]X 0=<Q{\\<B3Jqq>Iʼl$)uRxP:A\'j̎Egl3FWO`j|k8tsCmJRkd`T\ne\\h~Rnnqz:Ք}eB	;c#8[n\0˵6U{_}2pT_}+C/|v.ksQaiqQ\n\nfdknX6yQ}V8KXxǲ<^]I5A[˨D.\"ϻz/=8ҙK	5WPL@9)@z=--C74tZh;`B.9uN#sxTvAt>`]QUj\"*ĺ>w(ŌJ`UI>dFLeio65XZ^^U[\'4\00xfl9w-ww6ǞwKQkp`~%ZJ)vy\0w^ON֘7Yj\0>bSd-	ٜ842~y?|F?D*Iq{`[_v%~ndf\'S+ɲWRRCVfB/})$OC۠T_}ݴa[IIAS\";~ʍ\0-_,mEOs)/W2/OQꋮk!ypGsüW_w/ו3o\\.ԔƤ`e.|¸D#~w4ܧ>x ;Jwnh\'&81H-B@ISصH<tlйdv\\i,ad+MSOd+.\0.ȝB9{@)%.a|UzȐ͌@r9/2ܟ/Q¿l_g~iGc15x+NIX_q%v0;Fn4޵Ïk\n_eb\n?/W\n(Of{쉓QKY}<dN,UDNQ2̺2Sn\ne{,MH2wȃmF[&KYQ	F(\0R1TTd!θ}o)<)y}\0#67h~a\\SY+-Z3\0z.TcO.-F2	3KiO4jJ4۔z\\kne\\DWe%\nyZ8ޛy#9m`h*8aqsIzP9xj۵11o-%̦aLقZQ\0lpH~l\")X`N]`^$Q#%sX\"=jGc_\"8tDOAp΂J)al>vYV}ݻ}=A&*:\"S}>7k )8T0.@L\\BUCpAQRu7\n{,%-/V8|~BX$uJـ(t$ebpimÌLmaHnݾMiBhвyRb%|(9KrTt%3C#Afy{0ي\'ep/R\"^sp\nQLMriz\0BaqO7s=!l4[}[3Qno}$%=\'讇e%]	PӤP(#xg<Yf+CGSƤpeHrY<~Ђ!.Hb28>	몖P51M]>sl{og	*1,P	qT$\nu!7_[)	H~U]Xĵ0{I.eקn57^?ǻ\0&3zaF[O?PTRָ=:Y\\]Oх榀dNBy\0׹!왋&%*\nblEq>DQ$k(zIWQff͎Saݷc׫g,tޔ	TASQҢTV.dLtd>I}_8<gZ1}5K6\0*J/ ])d, :\"9usÿs;6rO?4`wo-7Di[\0aFmL(;NcO[5P=fM-v[(aR!{YS̘X\"𐑪.Oedm<@a2C+61¦N2Yuꖋ [BS/]vt\0Iǡ	bOc\n`>KO/r:_;y2F%U$9b oC !\0ѳQ:WΙ)Ms#ܗTWmK6v=?d5\nS}#\04\'-,0HݟhOYbC_\0:2ɮ0aWc`fFƽtFI족WT_44\"[nJRǼmWzCMNlr5\"yB0}sa \'(H>sD,5s?xizz2ԩ#+:~&я?@Rp<,q1N`\0bg&\',hR[04@mmd(:Ћm<9O٬u)fPA(AYay+Y2tפ\0Y`)v\0vP8L+Jtˢh7r<31Pn[GTo,6E!!Ԋq2:\"׺|x[>`}L`KW;aL?s=o&2Ic\'KW8	)	X4IM_dvJItH%\n\\?s-u,˂\')y#Cܽ7?^D\"1l*-2acW/TAU7@Xd`E_GDR]^+ָ^-ХuytFedd#<Dʖ#BiٶHX6#Ƚ}+KYlggh Ho?=U)\'_i&W@\\~Ƀ_508QNҦC$Opr֟v΁sW!\"T]y̞#LAP\\Xsw%@z.5#(8g4PP}fLgBsٗAQwj}$fm5E2>\0^XAe͍~m!7]w~\0WZ ,d{(t O2[42rŒ഻\'~mn3o~][ܓ=8K_	m&dcleJ0>^BP^SnݺՆ)PVh^Q^9CN{PXr_S[FQ	}V7y>y#kJc#<cĪAI16[?o\\?}ֽ>ol9osOȾ)ȫBdsza jfHWSF~cBȕ#ue3yA2;,?kZf~_!=E]\0{%qIe ka Gw\'\\0춮rD幎\\bY@W;m8v&GwuͪUt~KWFM{ϗwx\\ZjnI{t\'^0ncv?|žuRSqo688ߜ$j;=zLL<ytR.RxnfPASҹ4^wvkQ1qg\0\" v!ޖKp.k{Xg8|T\'@[;qvE2XpOiH:xȝi7~t|zQ tjf1g9KkJ-A%j)=gLGT;CijrUZN,ܸO)[Tw5\0\\K\'}\\<\0E:O@ㄓ%4w][kOO=_~~nu[!@ߺ5yݑӍ8w.PrR0Pf7\nY0Kyn:-9,*qH%!աgZth7E>M̢hvO=<1m݄$iFl4e.Q+/)F`|~\n,1(qs!/or淾ІV3˵,~eCYnݹ.p<h=K6q.cjX ϪY<o֡t߼B=$>ʔX63XP#$&9Q6Ⱥfǌ-PRM)B]T~kZ p@~w]О;E&VzFÇX];*/të4oX0ںwu2u[Ágp	\"@-VB@~0\"4=lp\\-S_wmhnN=/7oݚ:2MVIS!eP\\_<g8s\'-WpNmwI@\"c)@u7\0BQɸ~8$032ol\0?sg8xSaRL141wJꗹZFVջ|0us{}[ϺgʗQxY0@vPY8/ Ҝf4mYE\'u7n뙝2gpnf$&EszX0BgeٜP)s9\\j8v(62ît,N^Țx\'+F8s	~yQgh]릋2ݑ}/p4~0B`I*c Nbi֒/KfqΝ:G	t[m/eY/3lh45O!@pqΜ1ܜp\'Jow_y,3͝cLRNk\\;0gâڑgep,pcS4Blm$x=eHgٞJʂ&GQQ!b:ɂt1k*Y$pO̓h#,uVc12u\\/60Bn;t\"S38cTu3}18k?O{գ۩jiD%{8ʻd\\e\0q(K=JkVʻ15,EfyV2~˨2F1,,vn݉tN,Sg z`֮!wR]БxmM7vsc6jO<;0*jॎܒ5n!ELt.2kHsdq;?߆ _ n0y/q\'z|Ϻ3-@d8D]>MH B[\\3M\"睁<W?Sιg\0sS+F;gskoaoϐ< zc䄑\",NBLLd񣜨#HɎ^o;<Wu{i~+Jn[Kn-3-^s{qb[h\"̠-cipbU-);N%N8j5,;rǠk`ٲt][zN|Z#pV2X_7x(*DiҶ:O`ϻz͍6r	\"uC/!)ɦ:\0l{eF˛,^L$&,<i)m\0Jz0:ѯUpSƨӂB%!ͬ|7S],6J)2r?\n%dL]7Yl]T \08AYyr4$ݝh\\pFYqA6.ܰ0~ ʺ!3\\◿,C=YJ۶1in\'M:U\"}?w	.`%%o=\\⮿3?1S`LbUC\\T\nuN6_v8W;y|F2	r|&p`}#ɂܗnt^J\n(9z!+&P<@)CBSpM:|{X~~GE>EkIC_v=\0kp3Fc|&.}cX#DC+B%s|WZp<P,blHrsdG~RQ*XǱ񮇠<%9]\\E*\\t/@<JIq[C7JfӍiS\nw6=|l+V[agot;rͭQ\0f%TDQgٶ|##}CLƪ;@yaޛ*R+xt!=K֦gJ!ǅ%kg0ƂO/p_hx ˎiΊ&)\0?+NiddNܕ1/Fz]~Vdlg<ԭ\'HDP!\"PWls]a?G1%ݽv%>\'؝FAS_[t\n=ys@}%8ZovӔl~\'є.\"e#VژK=8C4ZN5\\t!o޼oes\\f$j\nppQ~7BU7u:4)TP\'kg)PNf)c>knk}93PϜۚǀW}E3mmdIwU<k\">HCD&xPr-#QrT^&`0ABV{2Q\"\0W+k~ɪ26|C>,01@U:5}tƷ\"\0f.GW *?h9a2|28Em6:eJ޿G~spv?=e[{#de\0BO\nf)م,5l绾6)<\0* ]%ݮ5.^51:~3Ǒ-@	)+1KhNsE#ϳSdc^cC{G基sb>;mQR(Z2ͽFa5S4	*ᄶAK:7Qsu)fv)=~y[O]3P^5E<=LZXP JHg,[xgZOAuCwxܺ*|`}ٍjYaN`v:<etɫ[ o`%].Ү4SBԲJ]&,w)%O:߼=~fS]Zphw~F+H$0uYN_d+qpԅSnB:)q];f!4@ʩu h*mu%S-Ma4Id1aڵ6ܴcs]K]/	<@FY%\0>! jY2@5Pp%{B$gG|369x2@&p_pb+?G]H˩IS1oFOń FVTQB$N#`i:qOKqڽ1i6uB>J\0Cy:ς<+\\F84#µ8ۧlqMYPQ;>#E7ܨj65 NYBetut0pNW.Q rZiag(Bjܿ/mp2:pop\'b[&`\'nZ(]qb\n\' 6g%{%8l4#G:tFs( Hk؄,F6\" b![g6=&ic5z>?ey0>7\"b\0x7s%~>~YjJ?xw\"pqUe3Ot\nKһRsekR	<эUI\nYӼ5l0,}H#UҲwaw_imM:7<Aւp\'}sU\\f*UBM5򏏓ݮ2Y{iAb\n݊\n_\n$ qt.&уv_ݎq{_?LGNXh	ᑺ:\nSӫl-&&*f4;ʾ>u7sf6}f*%%ĕb?ޕ\0p`uF(>6:pozv3 ^Yٟj]\0),ds&Ʀv|AjS+q@)aԲlL/pB^x;8-n@qtـزN(bޓ}J59֒lpyńQ4/U!g kNʇTP)Pt«$q\n֙RgG۾su\\bb,OgP|@?CNi6y!KÒKD7WA)WXd*5ZS7% SfMdᅔ0e.}eVՌ\\-%W \nz3xifٌgylP~$_)8js#}JLbO#HIJ&mG)2?$\'?ºC0e_b@2c\\o0:SƱrJ26랦Wc?ՎlІÙ!/A\\Uޭ>!CSD\\_AG4amC8t2`ޞ.S!ߜo~ޑeօr)mZP+,IM<rcz6f|t77O%#91Ru--#);wR:Q!:GCS\0{mbK|A|A\"T)TQ@yҋ!,iY:g]{+p)c/hwGO =8^%q<ƨF+\\3,/u_%#dUnXa-aJ؍:Bw\'X43djCA8{p8a[ɩ^~%(t>Ɔg^ `W*Jc@34 ErGnns\'چ	Ns|\\ \0.(UX2qOy=P_o2~PkcS>ڠ}ݷ.Bb\nhtqWΌT	p@3L]%8$fR\0k#oS|&Df.8%b\"=+Pۉס O!>`xhP8N.W?6N(|Mh>Kpcw֕p!֑	,q9veHvÌUN2P0{zj*\'Kf#t	iOcPg;8˙>wAȾoRg!XXA8V/Ǧ~IX$v.0~(d_T^n:ivjE|NsdW1F*$!HTAwKM}V\'6kQ{d1`=߈H׭[Rn\\S=sښb\0H̢CmeghP*@eϛ\"W/?1ƕ\"_o+_6{_\0lmrqX<)QR.\'T\"/\0zgG5f>6_fUP`GZs\"q/;A.@%[:v𣆓eSzȲh=oj\0<4hLۊ1Н&sO>\"h$ۊcwtuvc.GXaۯUfI-vbn p2-+}(ӕP/>|!w@p^R~wrݳE\'PR}9	MB&r{hi}Z2ƒL꺢}!!ɯl5K!cNɒԍӐ\"x$kYOEϔϯ#%7l^faԩlIw|ϬO`[ixdy}d\0pV3A#`zՙWs`ĕb7x4t.1htO<>m#.ׯ[7L1\"2<ic#_bV/3/#HPmgZ~Iflp[A9нvCz_q}U	rk_ЇOO,N\\#s;,ǦEgq\0 d-ܮ;^w	[ݛv9461+ٻLXE)!@ط2JB`uY=+0CۇH;4W\nL\\{Տ_j0hQ@@7\"yUiBoCoMO+LTAp.t70$m@DSC+ͭ2	YޕOJ?wbr2?EQR7zҤ4+FŖ#@^u-$.\0W]Mt-	~U]>q,~PsU  	~C@zVȶ՚m 	I+:A4H7me۸K06༞S~*Zbnex\04v$JFT[S{qtq_?܌hi8r\nbI|%҂P51fZ5)Z\04u0:up=A3aP{;o2-ֺ6b]H8A{&xmvhy-0JxӕeU\nAl!~AiZgInI/ %6mڰ	svoy0dY4F)B&`,\'n9պF}	AninZwtvFR)Z۲ɕfci~X:5*r-Sas0nvKs??f#~1}3YAmm[)3PJjW-pp&r˄A4:6QLHYWZpxrQp,q-eMRܸi[%^R2/%Y¡6q>X,~$QN٠#ux52P:$]M&{hm/$Nホ3O)yMͽn~3Lfǽ+Q?pabpޅPҾyeN+NR~u!4Z29\"Q>tވCm.l:!_oj8eLd#)3.t4#FYĠu58*ou]L|3prH̡h@v>s8@]lƹS`KXh0eVYTЇ(_x9|U,3כn/toq%@h|V70=8>>%\\~NT);pJIpI7m(^=]l3nfz*cM#pDFU6HF4nYT\"75\"\\Ŗ3܎VfCWѹFBYŬaϭ]i:?:0%ұ{E#y]5QPPH\\mrx0ʚrnq2ȁqHdc@\'ˀ6CAXY.7&<3>sX!m|e{\\(Ur?n8df[gƨm#?嬪$hq049ZYy!4=f<\0=K=D?&g %-\0+&K-V`5k2]cW[:\\.K،=?M\n?^19@(a$Flj~T/GQ` c	$*=ICZ{s0}daH4Z[{CܫQquw?T+sx׮?y<=\0RCOMŢ4YDs	PQ2sԻxR\'H2\0bS\n\'G;)JHzU3S>HO0\nEhۊsFTXgₑr*x~cM熭^ܣDxs=Ò:k\nPbtU908~3O@\\-lF8܏#Pw2Qd{q/`i~l ٢׫A]M>TڵZo|N䐑-\0)Q5f#W(Y:B]{E6Bd=G(Vw[?0ףBn-oM?5>cR@a&DMR֔z<YVb;.1#lȗH	#MccW\"Syp`)׈nǔc@?FfK\nM)~^LɟړF&*zu	fPs^\07พF949d=/~۴!9RȌ+X[Xj_uXNuј2U`KU5j1EU,ڴioqW(ڝFޗz\0d\'k?\"a#8A>sPbqܝSBIE	[׬=ͺWKV( \'1oyl #=Tk8Ges-{`OÁc}9>\'&dH1=(?.O{s?O?,ڳrW!k#1.O?N\'aZ~:^5mIC4\"JR?eCLheņ5:Y*\'&EI%`J9~9p}t梒DTcņO\'ȸHɬ _W{]&s)Xf|sC>uIZYe4Ð3e4{`?5QBTmx~\\Ł6!d\"*f12PDIA9 rxťFQT	1@ȭ\\QM\0>ۈdе8IWY\0LFfct@#*gi5X\"^55Cr^rtT9D/]<*LI߰Ә8$bǂkEbWUG9BfI߇uRco^`0nӺλk<H~?,hSs\"L <6Ng]O&?&EqIG\0mͻ~*\0<XUb}Z>Nn\"p)_}QRSk2lr˙/_/&ƄI5/	ֿ:Yo&X?`G}l$vS˔7ѓq	#5+\0&¢\n^U*Tݿ 3ӗZ̬n&L-+gWd$<fWCnC<*u--%\"=Tuة040ߛdU7cj՗-rW0xÙ#HuaBl2+6ӧ,lfϢ&`Ka\0߽>2ɠQp*@gʯ2Yav?m\\ŝ9rzȡfudZY6ܹ)ܳF0oDL\'X<f̖c|*XqLFf8HƐc3\'MliWLW}sѬ]K	alpk&m.eӌ$/p(Gꂠ{Y0\\%@&z~Ji$\\|p2kǚܩd~hH U$PAs\"2O1&3)#Ź\"sıxOYЀ$ɇ&))Hg0@#\'D$SFn*Kp-gƍӔX#wd?}q&zEȔ^NkE0E&͟a\'ɟF~!ɼ)˪}|1+\'ݣOwJu\\;\\nWVJ#t{f|PbZƷ٬40w\0Τtݥ#JY~lFOgYWn`Vb(\\`0`b̤u\\.\\Xx\"Yp-NPY^ǎ۽FK|)N	\0U!07X`G1@(i9aj՞rs*1|L]WR\nᕴK	.qv(HWdy\n{S=b	c9%b7\'L$cl8m#t0`kX{{iՋ{)s!xq+-nϑtRٚ9e\nܶt\n9*w7Pއ=.~,s	D!\",Hlh28{#-zDwQW;J氰TH#԰Tʪ2G=MJ\\+P1$[d\"TlZnXZ_0BRfTc8+Cab:,Y`&LQՠX3Z0hïO;)ˌ2Ls>qED=QF͋!: [!Ci	7y?18L%뚦WN!?a B벋f*,(%ZtR{-7e:`~\0\nywaQZBh`0:%sLW)k.\"6}/۲\nа _\nknڕdrCNhec4B!\"/ȎVx{i\'mG^o8W[mD/sڅ1Ȅ	wIyhaLpCȼo8_\\X\0h΍Pȟ~`G#fqYg?H*BHj]=x {25S)n%+*Y߷:ĮCLOY֣ dXOugkun\0G¢\\foJ\nܱcG)}>ܪ5%L#<DVsC=yW5*]aIsCd}\nFS$|Ne .Ƚ*PԓY0J#l~F bT[,L ۜMZY^\nmi}`t#Pz%uW$G=+G>;&~\n`l ]47F\'2hwQ-Ï\0OB0%P%\nG5M[q9!0M(leܰiI**DpV*B:ta<fh|Ir\" ]zKdOq2h2BW:~/0kE}g_x-Y!1%O^tD`RJHz\\azLT@wJwFMxvqXѥ>j]xI1CDʠ.r)J%xg$t]$ԉIhۢiG#7\0c#U\'C\0HxbhVɸfh{>ǻ(G;Cޒ0ߞ͓6ȓLEr۴|_ZV,[i8[؈pVM)?<vF}Lh>lf>h٨+`IJltm͚HطM<Vw~k0\n%R9T9Fz\09C1\\QZV0|IzC1gxݓ.׏t,Rߋ$E+G9Y?[ϺWiq\0\0\0IDATh%a<5}X.m&A ,ApNZV~#MPU0wuM\\#3$lo&J\nf-i:/_29=HW>ʌF2_<C	x6cHRg\'G0wOPC3YL&Ǹiz.V+@G(ԁc~{<.6+L z (\'NeL]b|L{CgzgTIJծ~QA1<m3t2ZaY@1(slf\\+_ix:xktvUxڰ>^3ї\"!7LI4˫Ƣ2	ST5LklJx^aWGOвpz?@tcKq	E9`	 ?6]<Ph^Ћ`8+xn6.Ю끮W}?om|I=\'ۨ#̏RXjV6h.V./dҨf2~&VPskiROR6HQN\0kp$W$ProƲbJ6EU0p8ʠt2?iGCwiQ`]AJTpO_t,SS*M]-<l$AWCTP4KAXWa9}̝F$?\ntcsijėt^VF*%S6XW\\luUseNLpyg.1!;ݰs=K{Z+63\"~yzK\'ƖR\0kO0} S*FC6;l$CYT?\nv(I(M`cu83A\"uweѭARA뾄	n_\0\\32X^0RWIx9ܡç6!G8xT\'f>J::g.4Vgp;VUKU\nx295dyTm.:y{I1<.+Zo?؍b&1E*JƧ}TY-i/&&uXGz\"oCk5_Hcc0$;aoZYpa:03MۗE\\	ΉXB: lSD\\}\\.\\I@!S	\'+ULtQO:u;\']\'7o9\0eB)!zN%lhf9	.!\nNr(*NrǰI[ކ<-(8U6?Naއ`SqɧΒƹ]b2j,s-\0h.6d*ēLR|%HY~7!J#Mqc[1ʹNףШs3`Q.lT#ɤ#.@]x	.	:{x{Kfs!ʩ/˰`z+D>y$z&*Jnpg itJLT,gt%8QpdAv6i2붭!&,r\'\n!Lp֡1\0y7g\'\'Oa7+n::^Nڠte2GysWָ\"\'O&k0sﺏ5iRбmڰWEo7PUk-\'txa2x?؁	3΀`aCGp8PT*QY3SGGv\'&i,)-*Ou;qGóhv3\'|?Yts3\0pD15B<5ck=\\7Zڛ+\0sɻT&?Iy]n2qq9/E+RD,Ȉ|I0EpBc	Φ۷$/Y2(NI8s5+KDp	P;\0M\0[Q~iAcFQ%OSY	Ԟa:4fY\\J@a96	y8L&RY6H(XP>Q2B8LgȪDYHʠn2urghd$\0⒋![ͫKtF&m⽭|߃7J^3W^̭۴n;x52\'Fx7` ؃ZR:o:p0oB}Zad1/}&{F9qY`(vtc%M[9%s`)z\'V72snvڨ [Яw=-Tܮo3NWٳڥ4GAa8_:74NΝ(Z{ah3\n\\s_~j`\0bD\np>\'pHӠyGInyUGrZ0g\0DB\"µǙX|؏/2\'RE},f!z8\\0nR%DM/Y_)sx59qоYWRG*=KMvVgs$2=}}~\\]S*k_,kl*tsϷNHE-TFSRWXxN4ZqB\'ԎSO5>[TqV}jB(<B09ĵI8Yap,)t,(,K]G_Nn2S騟!6(#jv)d=,w5NMMA\n%;ȦyLRPy?Dc]ݫ u#7ܸn53Zӌޫ5DXos+su dk4KE7QLPM$%F}}n($\ni\0GhgZ @6Mb%މ0j>5gÖHȼ?<2#	i\0f]ĝpOxroFc`j(3jW<8n<UӀ|¼oQTNaZpFQT $6Z#U\n`(XEY{-<~վfՐU0\"l{,h ԻX\0H\n)`zZFIIA5g[uH^߫1s$wr&?{zWa~O% Ot2fvd¯+˩	[mUeA[\n-*+!^{#:\"e[<l`S8=ܟqOMֳ>++unI\'7}gɌa	ZbI8YlCNni\02y6y+J騠iu	!9i<h@H4BcB\n1.{&J>]	t+`/|}[L\'Z`WQ^iZ%\\wm8w;qnN!*isǎ\"cYToѱ!Qdl13%:ҽs0KI9D`*x≧5`U,VkFNBsnymi5\0T\"CNXs\nH`s`ozW벟K>՗G5>4[iH^Yy,0D~7|WVo Kn\"PCZ`5RS]pЖE41Qz5\'ⴆbS0rJ?彚!T5mhYy/[Snɛ>DI4ܒ4Quzi$pK(Z//#-%zߋ/\0灙fs*aXcD3IdsWNwxʯChe`.fX]DS43.P*gMg#ll}]8ZR\nY6.y=bdCSp<t,038m@VfTH%d*f\\QŰŐ2P@C@٨ƭM6>eeRTDI%cdY&T21YJtSYfypMɈ\\gz{-f	qS,76KaV92LWmL#o>6>0S\'8[\nRAa1OeǼ9	+EJ٣01q^	AW^6,F\nmrWcWF[]\0!m-\\0I=oSʢ\\Vk9gt}6RhrhFP/o	G*?*Woi/%^Uٜ~9Q_G{<I&_̐	±I6QQgE9,ŋMW	_~ikw4Ccr4T¼٤+L,{=Cn\0NI^髊03\'CR̢r4mG6Bt; CehG@k*ޟLRc3!0bS_/nԆKfSq׻#ҌZ Q6&AK_6\0hW\0(!:bkT.]/ҵy=Q	xԧUٛJd\'(wlkW5K1MCǂ[Y>4ܽkI)l!)Ƀ{im:%t0|`P%n\n\\c\0[\\1ʋ˹ȭz>E	*i<\'I 7R7oq2HnkR_!FCPEzUq<Z/R2gٷ>(FhqZ:v:v*{~e/AokMړaF&k͂PVײ	p,1(0n \0}LWO&[NbA]9O4`AizyFau߈{y˿ϟaP=E`8.JccX({s\'j,K%1=Y<AuSL\\d9e~xP\0ł<`d<axyG8p}R\'m^ePKi[~6.@QF<IC.-X/|U롋0<mS%*;x5#Nm۾:,Wy(4A[R$?D`It-U^%ie0\nY(X،`AR>R->uЖ0iu2}O-[G#9qHML?DZڵySIIxqk[::eȅF¾ܘ$ۖae1(kf<pFс+4T+v3EgZ%g]A2ZJ$:;Fyqљ\'[mnu.z﷯f3*SXZI&](	vܪMlYqeaO+]KGvϝ=\nꚌXŁp!S^j:p4֙%sL<2>kɆhLQy$VOW^M7Ͻ50&}\\J33!s\0ݹ=	޶}sv_PـJ1͚\nkE`k\'.Dd^	=?<ld-ưad\'ؽ3=nM²gxz)ZKpUn׮]F9v{(13!%`vdk]]v{uV6}!Yj^uֆkN=+ٟV2?;KjvEQJDMo&\\3K72PYd\0K	Bv:YL!ԛB/dG\'Zhw`ЃNHc3ir&%~-̅.]\\)D(oرbw۝9q\\	ʦ5,/OFueSL?@ƵvRW\n-4ҦN{dFГ	%h g3W:^URRNNyb\0^Ҝb\0oer>wurRK.:\\:W\0=wCF\07qmRQp=kk-iYR9KXj֩cǎL~ٵb[V-_Q|NuCA0@B$شMFRPΤQA8DTU]y-DCJ`V˫pfB9 I0wvpFF0	,j\\\0I5>6!Ǟ쨎j)TAq松)S4ա\n$]Ys]?~ӎ-X=h㮃q*z:F\0A%ZXÜ^P2j̵)J:s]!.\0ʶk=/jI3ynYBFgڢS`-̹192$V[tV:j	 匴-@;R,ADgkdS԰Aq9uGxX	dMdrmϞ6|_9j/mfDnՇLw[ZL{Aʳ~l^	Űs`1 (,p%f?a45E7VkC0\0@YCx&w?wgdd2{\0M2rQS /,H@ҶYy<g1v[ZXV(c_@y!]&s>ak\\uۼi..yΞv`58j\'\0Öh׬gPAJIbR!k7[z9$ᓷn2@VhJbWkUS&m(\\|`oNPROM31E~,Z\0$dFQQa#SGC}m.+,A]k	\\p7Wߜ\n#a9#?].d-ɟeBWPb#]xZ\n9+VAo٨ift졤ijl^t{HI|\"ś5LP3Ӳ(YJe{g]DhJ_}6V۱P^n	Lg>1?Ddxx+qׁke2409aȶ\'.=k-;0Ͼ\0(ʄ44 HږV(4%ܣ2	3dlxa((睋Mg-x.D3UD\0$	A\'R̣\0n݆Mfs/Ve[\">mng4ESJ\'3@S`wܴR#˫Ql͹iJ5?14+v\0{$1Fٱm&w-73mZA]Jv QR\'Ek+Rzҥ\'p0I50(%i@B$wYIГyksvvߵoƝRyNB\\t40eǛrE	\'þ,]YMͱ	җΓ>~\0h5}H~1`7ͳeBA.aF߰0(͚XA0*)ˢ3Yld?KI#˰]\'簐EW{@ ;w`~Ԍ+k}{ŔY;2Z,gDg )+Ǫa?f^IӉԢDvgUƤrB\"J\0K4k3ɠ	vLKơ6SaRL!%&OY^ANJ&ɰU@Xs4GV5>	G.Upm0FVW:<cۤKcj$2\0*=B=隙8#!h>A+o@ix.[pjc98(jY5fԠ#3/^?ٷZHc=H2in׸IEY?0ȄPH)k6yrz(%EE;\nK|.NY0&ɻWΓ؁5	׊:ZW8*	)5=lUjR[k(%p+@t0Z Od^_<m[+h;Z2l)DL&Id0?3JL\"SN+xM(/K	ho4i9iD|P&(ddS{S_s&y]NUڗW-y?ҋ-	w-NfVd0;Ut!ڳ(T\'Z0ٟT/=J!Nt7#ualuև2[O^\0$F=<\'P|,t_B͗o(w%/epĴx?3T#R	<:9JocuNS0^r߳͢zxsV^/c.{!Vg-ǉa]|=k&WFa4}p5+#1\nA2o9hLJ0A2z}vz/R\nGN_Z`b\0uَyM&)_=Y\0\ne9: ,p=SIiFTkPOFYfT8X45aJt	\"V*S$ib(rY^r#2J$BcxJ1|vj<MS9Hs	jʐpWڽ~xqE\0I\0R&q&B&Z>,Qt(pak^IGFL׷3¯p]M̤Bp͌ۺu+$YE50v!J#<_\0N]c5\"$c%UUL`&I;}\"5P{erY[	Va37m-hHI\"W2V}i%߹ZNYw/QkI*D{ė+GZO9\"\"Ta\"\\,dYtHvSFN?jg_@zhlaInY6 8$(xy^|<Q:4	Q~n!>lc>PU]Fm.(\"i0@Nh*`lnM09e\'rt~a9j\\(IͫO챆(5V_eYn	[^ 0:qYVnnB;g^J_UQjJ}r#́e:<Y=Ӭ\n7SFԭE]}4۳]Ira9g \03ywd{eFƸVG\"bVZk:L,rWC\nX0(M(GHH\nerY@IDSRdvTd|bQVh뀉,qwڻ>V}OC@uiwfYȁ׏4\"pyn vkO,1ydl0_cؒeOE2\\u9wms\'B}icft5l6FS$ϣB3Rn$3PXhoV=˘VA֌lgqᮕA{X_yW#eV~tR)H&M!Zdp?A>,NS|h;w8MFs)2`&28S.^j3(mYMr`غZ*(`M-P]L,.稩^Uq&+[aYl}uyn|iK+Zd7Ӎ|آNUz*70yc!A7yqn畣>M|zt\\6ggNg5z4jDyH`Mn)W\0E#\\;%)8~܇n5 }?r?՟UN$H\nJE~,N\0X.Xir=)P3b7O2ax^`rdI-8e@{>LvwgkX])\0J~%TD	y:ξInUk JݫrYEXgd܋/6\'Q1+|\\/hȌ+WQg^zUAMvH4UqW8(7l%$\\zеkT2W«5o(FR#q,B3RR8]T5nq5mAezjh亞ZL0gYr]?5\'sLƛV\0]Xnxi:N3dNQ58r:w*	H\nt$S\0}q,Cs6A<f4荔R3}^4AnW]UR{/lD1N#cn\0-ƃ_qY;S׻hOcw=lXڴthTv 7Qo[MV2<ݵn8LI\"/96̔qA/Њf8E\'ד7KfZ)rE\"=2>:sĀHX\005NO	VxZ\\9.B7XÏKivwՔQAf\"[v(-ܯn{̵ً35u&CzwS2Xz\"n&%>v!U7\\,m+յ~̦xe>w>m0h:d5r2Bn>\'쿥\0y0:L.bZq$_2k2@y߿ګ5#av\"#jﺡ]\'^s3РNefB}<FOMT&gVL@:ڄꣃ(@˷ί2bmn7Cà*iNɞѧye<hP@\\iO	S@P#-`Z5A0g뷾΅GW(N&<iݞ<:rW\0=q53FuPOכPUyM&PNF0 U)dm$=å946{uo%5dǁ6lZXјId[f	^Q~7%׍ցz_5X!~B\08!^8UIA9:)p2ٛ8?uܟa_q!Ç\"01aK_blO148D)IW5w/cEV̢L+ߕ)B#US-_R9x[W-[CMdREʊRQL5q=I%6F.kBGA_{x KMtH#^)t\0\"6No^膯TEFViDmfDJ%A `M;ͦ	2B&Jm&S~AɗȂD hNA$}f994\'!S ;*ll66ae1*LJ^eR$>2\0i\\\'..	62[PJ\"O˔]WLGْ	QY]/Y2NgfbӤr~xݮ\\+yvbY5Wǖ:2JJXkl	.^٢K)yEA~H5*}<`ΰĺy\0\0\0͇O?	1EgegsU?YvcE	,6)*Wt̞][[z<@-ҟN4\\z)E!M SQ-d6hI@>ijMדBX!++cUY\"RIqٖ0ڝ#E^.N\'&eDA:UTJAK݉!wi\"P	\\\nwK7Mxo`LzZ`G7]DIrg9庐u1酪C!E,&1,RKh R4~Gsn*YSXqXR=OlDC3@JÃfaA35F$!layL#:AΖ {^ukq!-\\rXRjj\"{+3eFCW<KT?2`8NZit|Z[UD)cb!1+>Ձ,+FvDw3z;o,LJ(ߥpV;D5*;dڙ[&Ȣ`gh\'6V?O\"\\|%°h听\'+eN$ִ4awpө @KKpEϯlFÌ\\HUʁF%ǰQXʸX,RL`\nCRIF{QTz.ՄHY^I$(`fMvX7Y v9Z#Jb栚Q;JSNH@3>M\0R,JxFEF5f;üN]^S<\nmD5)9.%H*%Vf3*H%^{{x(e|G2N A\"L5^X!I\\5AT#,Mc$cӸ\"+7eζFJN$}NȲ\'izC!\'\nj=&빧pm6CZu*y`ZѴ<4CYG]CUt-|\\$dƿ%ob&6~!)JU7L>Դht23EX͆TF#42d48Zd&txE{?[x)ڄ7EL.MxêNRmOxKjC,Z.hvsm,@N=FT)_fh {k+z}AjÌ+Bf#fp_~ӿKp#_@SL9te#K.&O*kc꿍H˦Rp\\L-i+ՀG23itM6R]YUއyn2ך5v!8k՚@hիccy\0IӰT!6;^BZ*ϛ0<Wo23]\n=殈iB9$Epv.0CP%&/\'sB,,2܅s 5k!]hk|tu`ef8ukVVƠRp8Pj6y.L.wM	Ԉ]/V%xLn;P,I=<a>A	&p1kq&w?s#5qo=	\np%	]V?/J	p7	.݉`(6q4-L\'\"\'tWiZ2=e%C-1I\\X1f$F/)JӼYR&uNčd5\\Ix1	9nlAn(5[ >ۚଵ뷮Vj\'GNB\'9+,B\"!:5W(2ǿQeoACAN6*?ɧ aJ#d2գce$~pTa>E}I7a@ʸI,Qjky>e<=icq\0(ɢ4ICu,hkW(K(Hƀ^CH9>4;Jܑ0_6P9RF1 D?*\",0Bj8Ȕ69\\m=såR=\"}p]u9^yLx2͡2QVAWjf\\CHdՇNHPEs#n&\n!~ZSiCAPAħ_O46H	DO1=/Oetwzy7JLtOh#de~3R:p%ϝ_[256,%5{w`DvVFuqWkܭ}ARѳjmrO>&4P#Ġ܋\0jtO@9r`K{\\ñWItSø9&\nȘ@6bdIf,I٭:9G!osU*1wd6]fIv˚;n$35nʕf\"ǿz\0U6?rp+ZnӅsG\\C}*<Q+/s[63\\|4GkpC,*`,kOTU6%~0#GOHh\"L	GU(Y0$)fɼ1T|[A=fI/Aui2jl78w05MWۍ3MPnmǾ5h0ޠ[r2tҧ3sA[ێTЫh1աp8!HvT?S.^#j(;bU[UAOzLѺl ?U!,TL%<,j\0\\ↅ}(`CimYD2o{uHHLe6ek!7JK*dnz>]-nT=p~̴`as6c1r*}2Cr,)m[`a5OmFա;4N~Yso`*k(SWxLF4*\'9,ԥ0c1Q̢>Iz~+Z+jf\'`Z؟e-ȡ3|Jqj]x~4HD39`2dr@a_T24Q:59nsKVz¸,yFAd|62S4C$O>n-`S$2@g%^,W\"\0s,9\'SW+GLR^QHz[qL\"(6jݺX;N>!N2\nm~ Se9M2&Wa_AaYZ+>]Kek6S{weU̼욼ܟ$Rj[<ON0Z3W\"?~hiΛ,!@;%87\0н޻޿H`v8oݶ 7/.ܸ2ijfxlܰ݅naD@ iy[)\0x~A2.9dHV;ocfEE-ũ1a@c\'e\\t	mی贌>n(kx#7H	@R().w_q\0W,5|{;7:e0JsqR*UP=`Mqjl!аppg>Ai~\0.Гdq lM@OQF:<Jg)uiŝS\0+Şl\'F`F]VJvbIhPm*ÃZ&tpp$[RW7t AZW6BW{(۸>H1NrYm!%L.\\ms-,2ȀB0~>J7p\0Rlh?p9NV];\0F4iK`;-?*o?͟R˽UĽ!]΢(~\0S)*\\IdE՛+5}Yb+4aim+!)Ы*#@\"\n	G4,0=D-C(B)WSs%-8T%I\0J(`&]E,\"1tj6~\'B\n;) #Ek<^]_1>lTdNo\\]k>{~xah`p]*ɲYŇv4Y2ws0F)sJ+gltġnbuqcHrunr#64 Cl4T3`~ٞg\\wQ[G!705E^e! 66wukOBh$54_2HwuiD(\'\"\"~I=3Re-H\n8XOͬUè4VA]Qj%UڵnD|͒ selKA\08e$B&]Ǣ@?C:JLV8}F;1dh?b-aZ{~cA`iV2,ou/iͤ]#	j\n3Ɖan9oV\'fUX`x!K*Il	f]`9Or)9&ٮwdP#?8MeFV?8W v?D\'D%?PIƈ \0Iʾ/jmv\"ˢ\0Ma`4(!1͡ώNʂ)Drv: Yr9\\[}daeylbxieVYI}nZ~\"%3Z(-sL\\F&U+<=i68`2$HG2;Րy.9|,teS	֢A:A	rی-!ؚ+3FsԌ9Yk\n}TS\nMċdR&N?#Qv*`XYNg,Szi=%\n@F(w?saWO3>d)4tٴqu\nwĽQ㱾]<`5LMx(\"J`?A]ERFLimq3]<YGڞB&gtĲ\0IE pYYTz~^o}ick΢^!prK!9|%$i<TFb=}oMU&2XN&}}PM7\0n}:S&׾7OF&ó>XdȚ1;Al {!2-̸:Zm@ޫ,:\"C2HTzkA-\\/<e0/.cfGʓot^Xۙ!ji4\0IeF8L7G-`!%k2DlY_`i\"B[6\"00\na\\8X4̞S9M!ЧreZJ%*F4hE9e|+Kq),vE0dr	V2>^|$-Vu>Z/޴aSI5ؿjpQgS=yND$<S\\ɋoA~*0i&CѢ>!dUdBKkdK;u[nxz4hJ:J&\\m>FD\0\\BXkʕ7zOBO;m<nMbhmfPcВqҍa|*2(ƢqD.rC0[:a!!8@N+Xi*2,(1IZ	\0FIDϡ#޴i-)ZvM#y𵯺&i[5\\h\n;TzۙmE%8nVV9)BH}hz.82[{AA\"\"؎#3;[P_VջVeFJt/Zw3$T0+}.Wڲ nL\'.P3Ȋ3,ۈmXC%B5\\O6Nw*J)rN\\ʠ^`@\'SQizm62oP.bQ6tSM1@VUb[}bsۼujLQh\\/a.qqC5ʁ7j֘vpni!tҁE4<B\0Nh/\0y1gv:\nxd~w]ʵWky+eȝJNŕ2Cs=3kh$ؑyU7.T+!t<\\^]<B#8=q<J&-[~j8z	FlImW3\\ z򰈏z\0C\\P!%ע5bKxNzaMǛ|1*PJ\0*}29ti\n\\p-$v{hLI;7B	r]vǎu=]%w\n\n.5KS\";>=j.XIa\'кPϩt#ٛ6{ͲQ9\"v\nnUT3s703ݽύ i\"(㵊2i8ht\\	0n@-sѐ2[<9^aH$D\")BK$O3N0.q)6˫!gB @l}d*1cӟsQnpOᖳms#ʙi2[^u4D.#P[H\\lqauE\'=C\'\0cFֹ%Kz/{!99hS3d\'&8f_̔5YdZK\\Kt-\'\\VQ^gdDjeSww}Ҭy k0}kc^ot\'2|PZ(%#U>s6ޏDn[)]T/cECU%d]n`,UxRu3O*YG)S|Џ&5سܫTz.gR0R/AG\\	\\<fwɅXje=ΦeQVFza7^	V%k\'77z%?v)SЄ\\b8385En)ۚ&w\"lƕ%O:r4U)>tw3,щ	Xy}Cŗ^Eݸkdq9]&3:Ν;V%f3<[6\\]4BA@6͸i]&;3߾2;pc}ؘI%M}i!j2,ܵ},|}7;]34ʤm!Rnga-oEݠ(>IUȆ$4(d}a㠄-;׸<:V/r72N14wMcĽ˖I>3d5l㒕%%ey^2B?f<kf@\'%IqY1D*.|c!x\"wd|RRYO܏LVz5GNTF-%G9P3onqx(pÍ;qѦBC|s	Mq`!R$hExRD4ԺJp>μc6{.A*l#pW3\'_9ߎUfevT[^QIfEн`L #?d	OR$^c\\Y*<CC>#BH`7/FD\02JeZ\\hr0v??eMcS.>ӓ$Ar$O2%;xvO\'<a\\Jۤs,m~Gq4@#`˓!P[}ew3֑ź=y|;02ibt\\78D3򈓤+-rt/m>AUh*(gtE-6R:}`!V3w?>7* ZGrKaeR855PLAV/TAekrNOˌ@iY~Б!it2E<}nGwOvsb#KO?rp6]%?]_)l(z	G2XeB)2SSd I%v-rJ<OL~ٮ{-]VlnlW]Լ	&KR͐cFB&Z.4S5@n\'N_t0s1n9zVk}ܓO<gkwLG%$`RO;0R2;g]^ڝ`wm S\neb??gvrXxY[[2]+$3C>x{`3{dγpV/,&!<С\"̤}SA!e<cv3EKuEP<>\0dG`JLx;=$ȁxo:${Qghmv{7T!L(>\0eSza`Di:a%ˬPTOu.`E@fS\\ZJ(9\\V1J.y*q)ÙcZY)lj),FF`F9Lq.YV֯_xMP#s!is0%[_	+Qܜ&d4Np]nM}fwSB\n|.\"Vuiiܶ!&_\0J9؎olv\09h|fBE2 t!:1Ds(:~Kxص?^g\nTeIJFPoThsO~9mXQLy-.\"xsk$^K3Â:0d#مnӆ.5|}R\\	d`md[zb\02O&aB^g[Lp3w9#Y(48]FVa6+rj<)2iϜϗEZ3ݚY5AA$71&^yea`$nШN>,K|\\+]5A|u&mhUFXˠe=t_tC	DHη֋h>=tI|e!ց;35T6\06IM-:\0Ht@)U)uVoxWz\"2,3 ˇN*Cd[Ti`G8\'67+zuQN\"kTnCMKv	쫚Y8?!y+\'=JiIMu->UF\";^åJw\"`Zk2dIVk_s8f\0@7`ɞc5ӮBkN0O\"U#h2M*sõxډ3瞽j-ܵ͋n0p-d]NmZ#+!*J P2rlwm)}&+(~ܶ~p~!#.!*i.؏	İkfLӱzD;M@`dq(6QWK//5Rfa%5k0hs7LjaP`w<Vz6,$f~&1zDbQ4u+Y@m@%CE(US٨ΚĞ/IF<4#>&HkbWx·]dTT%\'j,2!bI[]\"++kcw	GЬ=|AP֊!s\0`,N0$?z^&FM*4,UO\nݑP	HTSG@[ިOO49ѽ2Л,<Qlٶa[qgɳ?N84j$2@mZ29_V㤕g@,;=tsha˾\nV\"`_N#6ֶN5*x݌^Tdנl\"Q]\'^aZ4z;8t|xukS`>;!$eFFG\0BFD.AF\0d=Om/i*3Lg|&Z47N)tiJx%>d!$jAM)$KY2	e޷;C=uf1@{vk@YRKGI	i|9``6Jk:9A 8fM_p2$$YDp\n&mkO̘Recz5ˌt*hzURdpv2n%ݺvz(cL>(Uʏa6ȁQC=Ymt&s>s{J5\0_ס6Fvkē:.\\!V1֮R?tʁh\083E`Tr? .0Iw^ttx{.gsΜ^Lq%cJd\'.h,xfa|z<ehti\0DK2Ք)P[+c.U^jδ3[Ż!vioa~+؆ef,t!R3$:f\"+13\\wM\0nk*%uRϙDIAp:\0.%s/qԦ\0%i}EX\'/YAxG6/GNOU~N$[fΐBSQ]yT>yp0\"63;\';qPﺞ9Q3RpJ48<9VD9H7&;9[N[e,챯|ݝ;{ٵ7PBtU>F21ˍs(eAxyfĎC#~dLfP)OݜHjkVЄhtx#Dws3M=8&J4.@*6(#QB67J;x(=O_rpǟIlk`PS&*ۗkIƁ8t I(rY쨞D!H512S5*\">Ocxu-/v@@_$Ԁ&F%#= ߶6O34zl<\'8}d|ڞF<0ٶJGXTR?*9aIE/=x94BZ RG/8ek&)Rq\njK^n6mä`x3yCoK13/4Ϻ<̶5?f!M-VOP)[P7H6̭Ά8gkI7\n&Ik *{ҴB?ejС,* @K`4O79S>pjQg/npOX.2|70@0mL`2^CZ\"Z+]*YLNB!v!N;Uډ{ˍ\\uU<k0kXZJIYh6bqC){a~o~wN0\\\00`(stO<`I-2䐴;a,AT],j2,ȿ`~tϞbP2G&dt80FPRKEq|k٩OC:}ͲFTbl&uG)OYMj<K2EpMևB{\\e&߫FC|5t=19L^ fuwv9#\'3Y8Nr*]6\\ǏdhdG6Lyfbg .CRRANXL-\'!	\\{O}Y;sXN2Agl紵W(}\\PD4Ø!`G`	tE\0MggDs@F:\"sp\\2DGI;nG4nywlu?xIyse.|{م7h]˚F*?4$$nJlf­Y\nZw2>:i|9JeX7EHZ\'݋=Og	԰6OumܲXد;{*{r-Ll)29v}oxtNbLVFԉn/RO%<Eޗ_@Jw[twds\0*9#CҌ$Ap؉.^f߸bPXc1UMdV6C93EנmȴUl7~SEy&ҥ%G8k&8bFzJyȩZ\'Dux(n$3$̈4Nfy	qٲ6döa!%Gb>\\ѫ+`5xmROKN:ĺ)R\"Y ۉ{h\\gu|w`#/=?FpqO|ZZ.ddrF2@yقf;9)ٮS&$|\n!੪RlrAoy\\$I6B̫DMV\"/5IACב4]pwĨ_t_W8.z<[KzYFM.AURȠX8\n[qvǍ_Ǣ%B;x\0(tHѕi^+cB떵+_6.oų}ߒɨl95`4*c;dAVY=M\'pb_33r#b;Q7^{5w_4q1D赜_|#*iƆܺK]=VYxJDh#V!7.gVm4(eEhmpgNB`xuݲj!=Z]̫aTg@x\n},x)<oc,i@	2|5æR\"J6)gO!0N4dYʮ\'4e\"Hsd,x!a=1_SHN@h?z+[\\>aF?@&:)qF}R \'8iVȬ\'I<KV70eV${jHf3jKdoXvU*H<zJQeM5FV*z`~[ac&[{8G1D\'3Qvv⛈>rܱŽnw,krU]56RkY7\"n\\Qz$\n:gxK@2UvS{4Cǎ$|wCc>N`vwg@	bخ̗\"\'s[!Ћkͱv\'XǢJڴ-`N0MJ5w\0:alb<yݏ\\]s;;|Ud$޹7Sd=\0)4\'C[:COOA\0h1il%D?wݺ]Qd߮)]ˠQؾt)Kȭ\\UoeoAdly?+ S&(ɠtJ	N>n:8tw\\zMtUz(W0^\"$k0-1D t-Dnu\'6l~+5*H%^r5T̨$Y7ՋN5A}4/5m@tP\0(pw~=c0Le]>\\oyXWVA=5\0&ez\'J`^ y~8j-at\nhzMW4>#U9:S(dX%\'`X^͛0t8J0TRϜ_]G=*VЫ<^l:^P$j@Y#L@Ȅ`}~zΙ$w AFfƪq°$۾DePk߫*Z\0 JZ*YT&,rǵMT{Tiotg?cl7HWZ744o|d?n}	ARaO޻+ϟjےaՐrhjddI2/\085+\"?%\0bZ:U@\"#f>9mH#{\n\'?.\\.vfO<emiͻ8ZT3q?TyNte=]<6iD[L7z.@&<ےmCb͔\0\0Vx3/*A.\\9ӼUӂXlxa`ISX53sGփ兩!/cR+O^01ukW`\\|5\'\n|׽8A\0{|46AGP{v$,2,k8D4J{]_;gUd\0Y>@ٟ7\".L^U@+	]WũMW$pIRZ%HL03cV>\\*of:3P\'#ބ{I_:)j@b;,Сg4]{\n :jŁ>B`h:ebxԓU`n))3TFYlq!ҾJx4<H\0QoA\0zʄ06v۪KW}H\\_;dܿj-=ke<GQ9,	˰t́f 2xLEEދGGro[H(ݷC%%,!AcTiPmDcz!>˨M˩nZ{it2ԑ\0[ꗮ2oi=a7g}͏2Ká!0[$.j2~ukMvv7\\Yum_|5I?<g$m$FȽe59uJ$N\"_Y%yB|Def*f~̳#aMJ@Bi\0wd?g4fNI*lUQBťp &4y\"cAEcu!1MQ{C\nHʌ#xxDynS&$!^	v{	!W<7][WO3!	[J:8FYfO?qbu>ewˈV)#&MMarimF<$eGF sDw@æddbxVWJ*uml]@Pk*5|BZ?\"A&Jk0CjKG]kUX vOvd^^X1V<+u$ŝ!Z\nz%ya!^X`|#ɔH~eȣ%V*k!R?#nٝGQ<ɡFyG\"sxW1#JG4}JskL`zRErpZgz(4yb9xLY)s\"wxzca8/>\0פ36=v%|ʽlo^;qhftf%6 4Q5[@q(\'2RxO.|*MҀwC<{!LYbkrBNQU.R,5LrkH\"]˺_FBzd0\"AP0>1YnJkk,kJ&Qnu@o\'8&JL[ؤNhdk2шK2\0$\nӅR.34]t\0uEɍIl!MtFި\'Ñ`gȯ5\"#F#h]1q%$Ծ>B!+L0jU\ntt\0ҵ	h(nuV+2,D!%NYZAR.Uf`H|J@B=fkdU0-FgO|7Tpm8	3)PasucXfH`|YMbş9!D9l<$M{{%NIVZ+iL`{-!\"tys]wf^	\"A~=z֣0mp	ҠkgV4%4yO^E1f*:VNMt7̵ScY!,2S.ɺm,9yc͓I\'8rww}XK#brM\n?}lLp&(7#RV:\n}o-*Әΐйq,)5ceg$p-=&L.plՃmay*SzOE`3Jd5b-\'̈My-bÈ#F>v6,Ok6{6jٲ5,KHܼmIe1jdfK#ڦײg5_Vc(1_9Jy34đSwZ)`?9i&\nj:Y̪($[vhD&&E񧮣^.uOE*&WO0LEA\0)çlu>4;\'x!)%WbȖʠߵ5K6b\'T\0H#\' -ү\\\'+-#Ukke`N\\C+xMG>\nB99A(e(>ǹ2n%M٬|l\\_iOh$/&ep16pkez/P;`	27o(bEהSqip}$@(@<!n2Q2Ƞh\\\"gO*[#h^??0M3!u&ͥov㮄i|3K&bOf=_r	_SnAsAIVӵ\0G~>H̢r5in9/생o*ݯ훸)77.~znz{`F}h6ԺRیǏt>[/~w%54Cփ5GMHAVf0~+j4bHxV_t}KZq+L`#\nXd7CwxL</.P~EL:kpz/_?oZ48ȿʡgnܹ&+l{Fh|2?.Ek<,Q-!OhdwZfE\"dK7]7.L`+݋,hC\"B=őG!&V0#\0?ؿ̭\\ь*haf8fA};j~yXWokZ,ӰOL#ЫOQw0VCw̔˲u=AFYsEQ\'@&!$$1X|5\0%k3&?^@8/5->i_cra!X/Jۆg_t,%A=f*L V8>LwMc=nѺ=SJxiffRfV>qƇ\\ߴU\'N00W$Z,1f	̎|н}QgJKQ?Ψ0$F欮^Y6`yC\'GVru:+G\\<m.}TVU9g?\'E8ӭQ*F\"04M7rI0|{N#.Fpdd8ntm<|tzfRF94R9 xZoԪTCl!fe:̹$ULeG&;nqeUnkc\\&LFj\nQ{5\n&sV+t99U}}N@: ,.z4|708sp9Ȓ	~|oqLkg	%0*6ayOC3r?!WఒE(gWOO$$>\098:Qn=pY!j꫋]YJa:>XX:]&΀\'.Yβ\'̬D.͞[e	@5blsF:=nKO(frѶWc\ntWC3+s1y1	/T:fMiѹ0@VUN?kv(ղE/}[$Vz\n)A\"`8J!4 =K8.vy]c5mkJ\0KG*\n2ȇ0̩HL/Ns7^Gnz,hEVs\"s94X/X[O>:pa9l^{Y\0Pl`vYr9azҕ$-Řu䃼/\"6aL24YTW_	0mdleh%P.ŢoBsO?ɊdȦ$&B34Y˯i#B8	Q(:Qa|4 E\0$͜w2ʂg\0eN9wPS3`(8Yu/&S~^\'e~_4d,p&/c 4%_&t_MA57&pP~ǐEmѬ  \0.Cp\"Z޿wL{2)>HS	2oݰ\0q{,1٨C)d%KYpnl+-Cj̆Ȼ6BH,-L9:z̔z}͘gh!}_X3\\JZ/ѯ\0]x\\\n\"n/.1뫡Gp7޴}!9ͺ[M&rF!pp=#[\0#YSv8Z\nu(2tmk!HSRi#*7^>su7ytݼk5/Nuַ`\02Ck	dPr_˲JYL}Cdqljܶ;q:#^?~ҵt%UR`s9wH!yuKS2`͂95.iuId	6TKDŮ,Z_#Љh$MJ[jPeUgmR,led唅ES$\na;\'80#+OnQBo)E:\0\\Nd):SR\";KGV<.c)G\'PvhAHHd\04lK\"z*Mį+Ûqpb9u΍eu7ѐwgNwP%B08s,Q~e+Ev\\)t]A;uÃ5uRHq_|b]xfYo<:`c>0<|!uxZ2ieQuǦ\0?xr!~bVRO/2]9`6.@!N:A-jh%S%spLZFBc*{	d#H6/*M7n?TC9A˦D\0LAi8!Kt\'pdP31o:W+	_A:Vnf_\0ڬ:C/ݻ{6H\\Kݘ@\'#h\0)2ՁǪkǬ[5=6o^Z	{,(LoMW)ˀ\"F<\0m-{,(k2(|	c|^MH޶|P4y)d.3`y+_ZX,])ϛ/(pmc̈v͖dd,tZ57F<Gv^VNY_%pojYM@#yk褐=p}|}[誓=aޣdb>/^cCv&L*341MjSf\"lL\0]ZXNQ&eN{rQhI.sK1՛YNG2|>J:$%Yҋne}A:HgkS\nA\0jGML(]A(L^Bl2QfpY{?$5h@s4]`3{&c2=~URuF Qwp ǬGREy&J77UT͔1u!YkvfxCi~Qsq?8qL>|\\)F	33Yd\n0T5-y~֗LrKg>uhj\no:*~,Zxn~&ERpYxPNs-ȥyBt˖C~d~~JY؂u\'4@btXhPUC8-tKٴh8Trт7L?)ciջE\n|teɈ%1hnܔug_UG{M$8:\"5͛y-Ze\nBmKT3Y{k~U9SdIhr2c`>b:f-_:པ1ݰ %ljKܲfzC9O<3ME	l/bWR6Q]&WFÌ]F{ܯ(]?\07eb[,uaP:WjMUnpܿǰ:vJ>:3(E-sQ<]!kdBR\"lFhbrPFX,U\"x\'3w|ߒ6kx_\0=<{xPnֆGCb2Web5 &ƎpFor\"c)̐KGk>OOMyZl/:{sp\\ֲtd1U䪂r yͲ]TIʯ57>Lz[eYCd%/YRM	NH>hpfy/\"$~FVhAqU\\?-\0^ljgdO2e<\"Y81S;T!0		r=s8>N[qݱUU51Q!Nkh`!AƜ14*dg=QI45Mx=Hj/<q֟,fEZ*Y̎SJ/N\0>s8☑)%2@V6] fn!u+FVag倿DF3lZ-zT1\";I,2uI)yHSt ^\\32 TY}MGI/txRF\0tZERNֆ\0]qG.uu}4yWР&i2EtbQϔ1l\\3|8%%-0%)e`z\\A,0s51\\#{7c	.)kcERU(˔Ay.f\\i,\\CJKXah+wlbf\\[yO}\njO{S̞9a)f+PU@]a_)ysϿBCvCH&kˍa&LZXT>MG1Ŧ<2A×.kEM%Ҿ))pp﯎ӆ)dɢpv^;Y c)m{))NӀ;ceei̌{f?[Mvo2ow@)%\'ш(Xc&F6ydld@ԍ~-llaʂ%Kc;vNzxJ	pS؀t?ŌV1]AhdÕZ=O``Y&:ܠ:J1T4Խ&P.<c\"_DWAAt%d=kPCCe.Z?x}>O@eeQg&;@P&e@F2v`/Q#I;k|\"%3bRٙɶZ)MIbRF0jJITc4}\0$\\vΔU9J14FkMA{eqaxTYJ*©ԠIrPT>%MqD`#w`OOZtG~~7JFHkjKFA?r8|3MC]--]>۶Lٶ;Le+ۡ&AJZֱP&/A-JGC=\'4[6r9/b~əEg+(|<|c_u) 蔤	5Csh|dzd8t}z2@w4#9?ME/,+#*1BAeK&IGÇ0$Lw2lڴ?BsӍulB52$SܤlH\'h3m0Jz<v5LGV4֔5`|\nLp}m3.\\f%uv[&oZ,*/G8rbd8ڟ\n׺e港Y	<|Hڤ~J̜<>\\sg;sf1.++c02l\n:mo@9miTW9K8U 3Y&SXt\'=7[^F{[QPi:\n6\0>V\0sT٥,JLCw~ScY>\'_:QIk\\|~nKM@&?5 .0:UD8*5b*/pA퇸8\".	 UG	iۿASX]@	|`ԚPELILJIDpƊ{t3aP#ȯ\0aؗ|;u]8=Oy?V.=}\03m1-OM>;maׁe3}ࡽ\n̵>-dڗAȱfsb׌Fd~#006>]YS<~{?#*xJ\0o0z(b)vWG7fQ	e7=b\\qA\0y)U^۶Bk#+Ν|೦؄*قY!eZ=2U\\We֮BΝo/LIWM&8wBe,B=l{8R+}VQYމ\n+[\0xy3pP$*%hpcpy\\__O界0Zjvs77߂1e4Iɕ֎8nOL)kϳs2JM5gOR!+rI.< M\'.Ap`i>yC0g)!`ՠeP)w^E,Bx\"ZsbKIw\"$J`\nznP4·+?̷\\+#Ƅ%(\nn&Ɓu`nh!iX`0,`7=n(f	l笮Jf\nh*F۹6n*A*L24,RVL=ia7bFڐO9Sb_6eȨ!/x>0zK\'Q§V4f رo8h\\L5ƒ\'3\"B<d?lDܜޟa7Ls\\#9SN`a`)8@BTDp[v9[ZO\'~cۺu+|-܎XdNXwXӰ0IXKR\"$,OA6eKfYoK-RubL{Y^VTeK4K GÙ2:¢ɽJ罽geo-$+?GwU=7YS2N*cqo\\֕N\nH3r2A@TIvXS@Z<V#pv08=ŹEvޒ|\'`X͵x2޶hfAY#R_BCAN mx[Q}YؾS(p[B2\naMȋadf-_kYps%X/GNO-.v-D^3t:Tju削g\'JQHDȏuu:nn|<fnХ~bV!]s(RCsT?rKD#y&)Y)8yd11lDrW@),F4և/V\nX꯮\\68@Pp뉎Mj\nxy\\`Ff@C\'ˠo|2xXNv\"m`h.ʯS%ψW^~NިiW	^˙xsaX\'cTccjStw}\0z,_mVXaً_?#dҒD-	Ki}5G$E= xޱIYCp_@*EǗ&WDyQEɀNW,,3FmUi*际D9H82\\<aՕ=Kʠ_\n;|.e\"YLsAlj:=@=C&/	]POW=N/0{	YBòd\"{40aS=UYdDu7.t?5HQoJ)^]Iw씵\0xpځ<!W6)D>x\'Ωiq飈B?^:pK|@Qa	aV\0eKa1QF}iXi$Ϙۊp8֖N2^z $\';GHo홧GH(Nmh_B>8UqS}ȈDss&([Dm*,.5߫J2,-Yoj+߰;Z=P)dӕd4\'p@(AV#]<D.?c)fe-.w]*%xA/vѻ?;) hn2TDٟ^b&\0zCbs`uzEqs(Uia14t<\'pQ0)$J9rzȫW0,<K0u>^P0#<! ?۾cj_~=I4ALR@`p{uM?tnj{cs-CmC\'\nTc̜b<ѷu?*}AL;,,=.y_ƺu=G e~qDjWן&2|3͒Ji*)#o8np뭪;׳v xf[n>u	CLBu8`\0Qr3E#C3B~ګ\\3@ɩn2n&#id #ޡ:33m08.\0X%DCPj#L\"#çχ@\'JKm&mFAX4ǹ]}rZ:By`l+m>_Sl)8kKYNFV1 A\nIp3jZFq\nY#GW<.UiZ\0ƟFEP,?@9J$!῝D\nx\"k2EВ㙊,$hvAjr;`.490J,GݕX6#\"v;+4$AO#ɱ@*FB^wlL3|5pjQ4:JU	MC?ۼ\ny;c1BU\nt9X\\E;)`\0u<Zhus;!ѾGb|dV-S\"?\"rCǊ\'c0a>6mq~RE_Xbwh\0nُ8S\\]\0HϚ1Pde5g\0즶D(%c6fyDX;Mkz,~5VKh\0,L_V\\d}2%61U:߱5\\[x$t=r⪙@3쀼>xLEht}@ZqZ-e)MO쁫8iـTjSzH $_hn.	f{Ϯsu?GSM94>gP#[^\0(%Ї~\\6$;Rq`cY;\nJ|\0ѱd~\nƅS`EU(ب@s@<4u~Cd,1[0@[tBG\0GN I\0t5g\\NC䳼27(\\tO{+S߷}rM SHK\"͋$\nDbp!2G5a|a?;њ\\D%HՃ_Jց5*BٳĂm;P(α:/xO>fumAe2	xl\"H&MdޓPM(y(0%ZA`b}TX&fܮ=~0[pt|i v)~K!K`؈g$j0R.QE3ƛ7=̋GUxu.kQ/t<o~߶?j_YtçσWt+qPrx0F+<_lmp-\'Uek0[of1WXc~S-d:\nr$\\YeU`܂})E2+}Sׯ9\\\\*@S\\A\"Jz}_JP#c@%\'k.}94T-c66r$CIc]dlzGԲD`2 O6!.*ԻDp3~8	ݡRN|.	@: 0^UzHIQД9zֱf}M!=O\"P$a]Ѭ{F_Jpݿ+;HLp LQ38?\"ϑ0c%{A _n7`:(3q pzzpU͛g+ꭦFKFu {t?My|<M{GX.^\0hUf!GFc^w&V%%9&ko)װ	\\cZb(EzPɘth+5[=~P濫3tt΢)%0nSTRSFEhuڜ%y<SHQƞ;aVۊ+m-rNLO˻wby[JE7%⟋iT(ܕW-XN-;}k?`+>\'ǀWY{k_C%(M[*hwwAt\'F	>xS\nRЉ-3\"X5m\04(^}Wm]TxR6y]՞]oع+{̞YtDܧ\'_ve&z^7ja=/l\nӁ~ ԷDW@4@dO~04\\%D~d>!LtQAh 4`X(=a\n5Ƌ#ݰ{Z6[p[^ׂRe~$&%:`2P8͖.\03x^xCw-зlM8Gw)DeaxXPil(3IUKŝ*<x_nՍl()ĥZ{}^xؔcv\\JDT8,Ħ4h\\%$,r(-6p|ud/*fW]7|-,RS3Jfm0_Kkd@g5`%ILa?6[?=|D~%\0\'G\'w9fv\"iLeu\'s\n@9mg7Cl#Rn$✜#۳Q4(ӲxV.a, ]3E3nbUpK<h*ӳ6Ԕ-ks%	},w(	H#7zE~Y-ޏGLI Jx\\}	@u̮f7)wy*!$[uR	_xA:]LԙLٻYg-(E|tkǫmdU4CPJ*/)|JޑW\"`5I-8>-,9a%(|yJ)#qƹ9^uʩN@B$%dA7֊3.xG\n`Wd&~Rɡ>D݌ S?TZRדgXyɩh0U{Im\n89ijiZ,Q*;VN\\yqO>>K,d.^l54FV͐*U%\'eϿ\\i8k;)KG%.ʘw=jP4FӨ\n\09e9 $kFDMǜ;>ޗ\0aٗFe|h`i:Qa\0:\"wKIE*\nlZkEF{4}򅶖>*hx&#p&\\=3uGY`G͡J[4Tog*0r/Y\'	5ϥ,t)%f 21`<dԖH,q߽޵lzdwVMTc;XĜ[UdL5[d=t\'^DzɆ`T_t߇]AJ}*¤vZHlNQK\nx\\)xeW:K?￶/smk+n+k-r.}JڼN$A\'P\\SU22P,^Sǔ $&C`Β?_A\\pCZ\"dk5̓$~Rcb6\0)k#pn ֠1QUCznJI۵ EqD?kW.[o+Ob~i\"k4Y0x~Gr]]-vy!;\0&n2!mTx>Y(+AH%ug}4nF~NYSpӥƁĂh>k Mv9Q{Mfrw$d,΢2~$<׬n\0|[>TnuOڀ:T8Daցy;%	,VN	MLYR>l\neliQM0eGDWYrE\nh#0@hS[NqcԿBƝ\n; C=̝=m#G!/@čJx\npRF`{:2|z442(~bir<	$@tđߑ	pQ.0+o^\0!peNM@L@Y=cY\"Dlu30jbAqɲAH*_,@_AIz]Ɛ^y)*{0Y@dU\"jHHD=^@kZY`ayI8ơ-~fjS]^F C--!/C#Tys-rz$iEZSр\'c|ʱ.&T<mPKTXp\'#&gJ31~n\0mݒEʅ_;~3ku272<bS#Yl(;u7,:Cɜi\"dyt_A3hih>?rh|!B0bFOwt-|HWؑ\'mfvny)~%E-Vϥ!M*Zs==;P[\0/c\0` 	.<G+8-\0Jd9͝0a.pSU2}L}٤D4u!)cLe*귿S\\A(	IWLH	zy2Ogы^tg9w?0k(V\\ @\nTmB#+ӟu\0 7e3Qf8G$8zWQd5b@U+DqGexWFeHZO81)w-uǹM#/\\2w+C-tfIX7gZ*E?HC\"ϺUm|43v,WVN a\"}8ޕs\"\n%t8G!P&IR G~%_U?9>9޷\0401W86Z`qv~.`IRE*,kH&!u_ӶfFgWoN_8TL%YZ/װ)\\PƈỞ2aFfZhh/T[nLt\0Kp)eri4ҮǴJe*1ZFjFinKj	L~g	|EO%ذ`Yx9S&zC(BJ#77<!-E1~AR*qՊ/FAH-Ԋsӕ2B}]%vg#:$}vaթ<&NxcwyhWy/=U`/<\"	r)x]nCQ_@W[S9(̡DX 3RDJyPO#!Q/Ar{`, pA܉蹒S,#U,ηAZÒRvߍnס=A	;(|d3~gFZ-\"T-sDm{EwզyNYObmQPa<`pm-Q]h<]Lqg,jq֩شsH2Ov}6)LCE<XyLzO66z!N))\"ԊQcvg*p6Qh\"b	 e6G6E3\nl^9RGHs?l]j{5X;\0)o%%.mxX2 #;$yC#DnxrBt*U/sʁjdwo\ne(L%1:ޙkQB%%\0XhoT~I<Z	b`z`9r&@pATw21jKJn@/>,9Ry^\n^>W1;{FeGl/oaU+ІJN4\"򻥷7u s=,+<j˛Bcu1TDwCP#+	=G\0|\0\0f|4x!*HN5Rvi%	x%vJNrxIZ}H[b L\"\"H&T9dHGߒߩf-+38-[bl(Zd/[~Q^95%u5-_vV^<YF*=cIQCca{M+?[\0KKL7~vz;R଎[;}ѩ>82LSp}[(dvMaCx8z\\96\0.OLjq]lmn#x%|t\\j&p4\'\'7߂N\"YZbj[|6Czrzq1<Imyi[l\'7/L6f yoߙ++}=+Ͻk\nf#Z9SCߢ55\"E+,%81C*t@D줱ފN=	⣩`=jRJ)(;۾u@glTFMy.N/iK)bxoL?kM𶧰lW\nU!2Ayg̀j#h	;FNL|VɌ]lR\'BxGT}~T/cI`-H0V	~teh!NZh@VđM\nB$޳nz\n:$>y*D![	;V{vX-j8!P~6qBÈ֍FGTCk\0Hipz{	IS\"EIb/IdXҷh8\n6bc\0V!$4a]HR25[KɷJ~74,l(esRBU5ۃw_-T֧f2T;vmum:?;2\n[pYi,DRfJAy.D\nɣ2JM@E7rJ\",D@eޔTBR^zV#0{!\n hmmg[H ߞ~D	0<醙\nsa7\\4eUtOp_qK2=ہC&\\dF6Ez6A٢<hߎn^SW	ntזzw$W5vg\nGuJY`n}R<Ce]d;w:(iǍf\"{ʵ2Vd.C\".\"PٹoW)P#))\':uIKZZYǀ>hZ	e?z~wXEQo:`:;ض=t$GA`Ot~z9FҐdF89\0GK}n./le}}_ܦ\'\0C 4Vuq\'Fغ58JH>;{VϲncJTt6lk٩E&{(Q1J$\'e2	i, F8NFVϝA	 (md+X}ZF\'f{C5$i-i6=c$npc5VawCM)kƍ-!.ʛU킿?edW6SQRHM8e#P%7 c@SVpvTAhI}EW%)y~-HZ\0>1ۙM5Wob\nmyeXg80q8|sh\n&9367c`fi%\0g \nq4	be!Fym>յU$ШxҞh uvcMߟzO]Y_P,Dpvܺ&/)XO=)<p:CtF\"kQZJ/x\\[Pz{tAХl98:@k=o𩼬s4W)9GpSC73Cw{nY>ܣI5%g֡v\'X2oJf,iƣd>E_iʊ73F|z@仿wx=fdo\nhZ\nkq  /8NF´<-o)]qTN_}#ѱ9gÛ{gX)mk+P$$d)wSe剚iںmRm-hG{<HG\0ԨIR!S&W-awq7ȃ4\')Ӡlz[:glLuZ\nb7ϥ\\CBQ%Tơ^I(ua	H#TF@߉ (SR.Á9fi2~;-.?f 6?\nWVV\n#\0\\s)͛[#x7q #H_Ly\\N1\'/	vr3$NW)\"<7C⧭!߽IT追݆{tŶ j%P\"6n6[<;׶r̺Zz)u\0oS4iPcX(ZPRT58\0|<4	?7F$%T*+`)Dі^T.QKd<}iPՈku3A2{4%mol<aRvxjdmټLo)֮C塕<kUbe7fD8%/D%U5/X{CL|`b֝C_l\n)ຖ㹚(wkb:U2Pb%83oZdL]CWT	1Ԥ`;B#5MNX,d-m1-^+ϯlDeg/@>eɚnz)ÌC`ǚWDi {t8\'(=phG)pF藩bxhWlaiNӐ0Saz뷚<G{o!P?R\n?\nEU;a#]#m`2gZ\"*pDH7(ZdpϞ\\PqGrZۻ.䵍<oo\\n4}&[ƚYS5 =D>ܓ9a)(B/rv	yzhǤfS]@$ŐnH$:SD Vw:֢I*)rݳZ/\"0rV>RKN7 ^}Ы	=^uXftA{e}_֬hKw\nuK4\'! \n@`\"Ϗ_DH=\06]xzDhjDGWDhF~$db˺\n$kR7Ӻ8<틋F45;ٗw!o71EgJ&+I·Ă \n+VCB.b<d(/vLA~E«I;ǞÇ΢eNgqU\'OVHeK $,X;u\'$z4IyT:FM/c#^Po9Yi	\0aX$фiv{kjBMGp\\gP䭳>+\nQ|@%C,`|ؕ̚(g4<P~$	d<OPI4$0Ϩ*>\'JQx#wA >/:?pPt]v=ou*-)?[zo@o7øcp<e>IR8*5e)	r1SkB}ASv	odv\'!B$jm*{MʋMԏ_Di-_}#SUú643(%/_Γfc([U̝c}*QQVTE6Xlu#RY5j;8\nߒf2%W-چ(ca/a26<x*~	!i]aYǆG+VEgGivg=@2tnaΨ8ɫ\0L&kh@	<,/UizyxMAPilX\0{(\'\"I_<	#dRVmJhA%o{OPvJJQ[h̉R7,Dzz-{WiN#2A?Ja?\\E$Ny^\nKy^ۣ>N%`?󐡑bXY)J\'쏥e\0X6Q+I|G)8F_bVEKK~Ӫc蔟%ƻv\\[` +\0gWRi)ŇDTg,BFȏ&qLqG sKw!h5^YJWͷlbOELk@e%؊>+|sg^1@S<kߞ{EkQ!0\nuV}Oʓb*3{>:S\"<l][	\"0pd!Z9̰Ne5L\">%ϲxJ6t	<`)=8EI\n;ivY4d\'5\'bmi/	aa+&\\hap׹i\\,=ۃLך@^]hYkQhy٧(۬9h-;0xO5IY迁KwlI6u($ ة@nMᏑqO8p~\'|!/	nJ#-n2A\'*n/βkI[u<CVvN*==]Ozmq1:{ײ^-ODǊeN$U}BMկ\"<ykw7|\0Ƅ\'\0p<ZniK,vON7Y84cݰƎ4ɺ},B-)3@ZU\0|/q|:;-#+&~#edTB彂~abMmveAcV$|k{(3_7~1XÉ(@ٖ7؆A759R2K1xbEfMa6JKfNÖW_zE͚	/e}6m%94QBkJHsj	/&cqk眦ďj{u_}5,;/[PĒG E5,6\0^,ʫchp|ngz^Ζ_ʐ	zݣ	)cCcrr!Gu2GS2O%l-2K=Dp6_b\'-5DυSFri\n/h4.7|E_0%fAUxM	|$P\n>z)1ejډ\n{ŭ>[8g\0!uʝ\08bىy1$GEZ[-_:r&NRY&sDbUɛe+V`m`éKp7E< LN:f74;b3wZٜ\"͸9xvjf-eK3IN0&s_fAoטavvAuٞn/v\0ҙt<2Iwzl@NL͔k]kpWznx?S]|eOr#PUrs/!vrNO5_a:NֳNUJ0V3ДZmޢ\"hA/63/	0x\"M}	NAh\"w$݋.m]>\0IQP.Q4!l(hXw(~G=c(*j-57|v${aZpb$jqm=\"AA<B\\d-#W*(ǕQkr:y5cHцFXb$$ӱ~@xd\07˙}1p(_X\0O(*i%Kcla(QI=NCqj>V0d5!d@ŒK\\_o>IB]h\\1Il}\n\0QYvkۭt\"X$N\nJ;\'S@葲!1\0uQ`,.d;8ϴS0~w~>C\\1Q(U#Rp~鳿b-@x,F ~N}1Z4%Psy#$~v\0AWM[e-CE+*)[+3O]ccK#pY\"TȾ:G9nХgJYVy:qm\"&Ԃ[a޴+P,,/\\!ԜxgA9&/&4A0[?[izv?58r{GGImd-5!9JUH0&?o0(Sf_B\0bYB8Ԍ9_xUXeC((k:Um/G}u8e:U_-[mV,\"D{]#rCԟfTo2 (IWQ3ju7=n_ܐL]T,.7hOC:ͶiseZht\\ZFOUs\n\0W_3)9uKeSQ3lpX!ą\nsaw=Ma:Jǂ@\'&{0@݁N=\n\\B8wyƮkbSj\"vmv<دEF״O&n>VzHw%~h3FSncT).͜&viYMӰɌ)	(ۍ0!mрan2x.JeeVY7BesۦM\\O	pnl챆jjtRa@<&(>ǀ]tJe0DW)1.v\0oJK\n\\<q}ˁAR$6P+q*e@o/e/^=e^48AY\']@]sk=p䨕p=ogy$4,N8vTj樃Veq(K4\\E&\"<2{}}h9&@dxAI%|Y4qIk^GwO+tAsź!ƚmm	ԍU,\'9ce5A4PyMr-\n!+5	c];2X͟JN䚉C-+2_*jw7U&ƃ(gzoOKTLS\"WΨqeyޝt7OC7F7J}I_wQkR\0dN;.b2]=8M伏`I\0R*{O:|wImmܖ\"ITsn;g<%+tqE/[IFFWj-FS\\N__̞vìNgeU1E9=0ή,wmr๶D0++R{WШ h3[)N\\5(-귃f^^Zlg[\\d\"phd~n!ݳׂ_0{\0HoLo&܍LsbIk>#,&F١E9`baic/9H KD>	2WaSKKtbHHw5[E͛=Q\nܨ͙nfZ1LQQEP,j3q9/T4`%Xir(j-fltv2W!vgc o<=bHt7ASNHgt\'=62)dOLt桨ŋ~J/ݸEX17)~\nK⹑-AC \"Ș0PD[P	Ĭ&rX/yT0	}Z^rJrX\\Ace@%T{΅;`8>yis_~rً8^ZI7zȫ-&`߸櫮OW2W)a@tx<_{c%No`AODW_\n^-掷 #,6rdA>MP˲vSIXdE-co*edva[>/^\"ysf=}	dDt}=z	7,+D.x/^bFb{أA(i)@8c<6aڜwI\'zNch*NMQu;,]qLX6?CxGNЛk#RJT<FLv?,6legZm7ݡ6L25T1g?&]9²[Xus%~pA`?DF˄wQ𮜻.A>\"J*=dוM;q˖*/F[a{7`<22;21m?_%3~cb+\'\"\"Nд/+㬶Yd	a+ϊpưr]Fq-/?~TL ۅOLocV`8+Z9xC\\lQK@#Zom~r#Ur7[Ud7gep}Hqu\na^1UK+\nF+@Sa\0CCqIRI<RdLa/:N@r}}+݂[ ͙G7Tg%kA\\5.A~!<cRy62+afcNt@:H\nz1WAmèϼ{r6|;\0:؍WCC\"hymq(NKH&GBp4Oňn\\}նyUvr^>+	ՍQ+kNYV䞌\"}TS1;˛:Mx\\x~y>\0`݃ ӷLSvՉZN~|H\'iOo}(9dp@(]y%A/h\nfQ;;Zpd؊蛌OJȜ5Ks<$ӿw/+={kCm!|!m!Um3ʘF]F\"o?,PpOzQ=evzCW\'f:%>YERR术_zH\\Fn.\\\"SeS$e$P+@`,uKzNMp\'HB2h	!|Na)X:6_E#*L`qN!l>\0#Tt7?TS6<?u$3ԁ5{LIj\'/NbR?{Doͭ>O.~\n&q]&Ȍ7^SzZB85 G|ܺ\'(i3IY?;W~\'@s7c]3SpR,NqDZ8րণ\nR& lD!\\9yvvؒ@f:F\\I%0$b\0&}.*{K:Lx0}-=[t=|kRVf uKRS2xt0.yBXgaŁ-$CW(RYe;Wf^Vk,1}^U4Ӿn.BA;d3&AO+o|pPaɺ?>O3U5:Z[0k+`\"f3M4=R/INr^I\\;t~B)z=B}CKC(\"c8Npz{1&g`d(@\'BK@F^`9}ѰtǻE}M2\n.r8y4x\0,ZhIlv&1q!EyWዃRdv&ǩg-\\̧	p=.\\l%3f:&L2c&@E&YTP$4Y1<$7P8d?@0X_IK.V؆E}ÏGs&L\ntX`e;Sk5zwoX욷}ou.Yק92ORɆgݷn`MQb4SCrBVU_dz~ӓf96vHgI\">;u)W9}̓唏{ECV--`=nrD}HGT<s\0k{;]	墍#uֵB%˔ڶB;|N]P\\R7(	-M/~?I8LZH$>礎ye	??9r)w#.âU7p:s}+Z2S;g~,~ɩ&L4ޥ5ۼ9\\c;p3].#.˸`UH	s!aK\"	_3k6<Ju\\0竑	^[SbFcJ$&Hy?f2ncP8?Z-]4ϚPtAHyy)xye3ј=SN6ca!\'p׭^djTKm&hB:ONô3;OMҫj8dAjkÇ#,/ݒcJ>BX}P&bC1|<7qi\\v+3w!c+g7P=M% ^sNpT%&\"ek7ڪ_o[ZpzAhgNYd$mKuUɰ%SJkHA.q g,\\F!PG6=lWmܔ$w6v!Sr%AG߱]KTDD\nOD$#`gdL!֏S2%7	/kO\\.µ\'Jd	J%?O<΋3fC,{i8}{5o^M)cév߾*Ul6J\\R/b^2@.P#\0	b>5=k<BARjRǕ%\"֗bJhiT_E}(bؑ#v1los]ZkWod9Q{gӢ1&(GQ&[f=+_n^IglpBbvYn[z9b^u;MpT76oB{	qєT,K,.iy]iXV=ϐd\"tjW>o.Ք}z\n|c#SWYVv/7b=O}v|oe<\"ܫ0{,9=-Y/d@֓m[1°rg\'Bm1CI;%t(^djXak[\"kdv|f>pn>/|@;ry>Jd7>}3ˑú!{kklT	ȌD^+	n1dg-7+?3&e;\"y]Zٳ>ϐRl_SIS}ዿ Cǎv^[d*I\'gyQwyV[XgBw;yZ^ 8,Rj#	|eLHgDAX:X tV~k+*%ٸ~2SVXvb=x/͉j@}J7m_\\7\".Ib{\\Ru}])!ӃNΧ860m4)!t!TBByi\'uYUtwzfT %XjLYcXg@f4)m,B6fnne\0쁻r g	hށWRFmIo*z	<ËքƗdP\0^N%x Y~U|,W:|=Tܻ޴]=vimX\'*[n_;nUV>xP_I;-5HF%͞UZw\\V\\A`l/ ʈD*}6S/^ЯJ΢t&<6\\CRV~1$8	c\'@hxfDwLlAB!gKkuYV>0Pz#k*/9,B?OpP=a1Cn>`\0w53۞l/Zyڴn^6m-Jɏr\\X>r\\jYepY2x*V)I,/Gs(om6ۊ`fQxx%THIGi&ʘJZUuM։IZr]Laӕ](9oK`oLݓzYd ;T=E707w7¹2;݉iYRr_-R{|`2@w]X_:끡*mρ	;wM=of)8倛&}V֧,e}\nWdm\0]%>AXI5fjo6;UKby9׫\'$ER\"_W\0e\niץ^4	n.e`YbRAIr(Ti)p@b[<_.qdss^?\'~1ZfaMdm*OXߣ4n[sm>dc	-%}Q\nv\n}0Ƹ{\0dyȊW^z6\\qDmRSz ׻Y|f-_fqrC?k̏wk/i/&pk%?	w0e5cg$;Ldٌ</}sϣ/cBR9⇸KEÝaܠ}S7CCD7C\'+IP6lNI&!D\\]鷟z5\"O$#{	9N0R\\vy,kaQ?kS~W\n\\&<-;d|MmHJ毾-jC(hy/4.?2zUY-Xi-C~8 .T) ܩ-`gl`OBB䯉S⦅\nuppsD;jePFf-VHLBAC;ABVX5чKMA2Jp^5\ntw~D\\e&\n,cNu3<Fy\"OLEbx8C_uQ:[9J<F;,fkjjh~4-LgY.vڜ%Ae6%l\"\0TC%{$m=f7^#p׫fLL8s>mwj F2*&҆H^)r$HTT/0p:D\n	PrZh	Egƻ˗m7B;oݯް&¹9mϸfF{O)ki$RJٻ~\0g\0/\'Wl2g$bNV+iN+k6 rr>ti}OuE]8;1Ztȸ\n]YY*ۭ\\\" dn^+/_f9q¾g	\\	\00RtN6P㭝{ѨKL]_[Ni@?]T\0	Y29=\"9m-U=M3xT90/Z9qB6zi\0r=7v	JT+ا(N5Z|bKH$\"7elS3Q{b\0$FehX}.`*\nNOvrs>?B$-ay)80XAt,N7<쥔	t2RG]2Y9CwU=g|%aA@&$ɇ&#l#7צkL%Fx2se5Jo@J3,ڷ*k9K(eu虅k]Dk멲e?LT	LNF0t|+crj:˭\0fh$7;8b\0h{}鵭P;~$օ%륊b<[z5j/ɞu(zq1/yZcM\'WGkD#|1t:PaaT\03(l;ps{Ps֐aye.=bb!Hk8v))X~2-i\n2JJhj*,ns!5 aMxT-*]~Gd\n(*,qe@\ngp<gL/,e{EEȰܹL{=Cexh˚S\n0!g3]J6e]nK=C6)e\n-x6ԟUza0I$>|ã\n]N!?\0fg@e3 9AiuHqVQ\0p<ԟ/bSꟂ\n4u[&A:_y eY<N/SƟ@qښ<oc;inevZ_\\8i~-dOɝ,>e.QSf~O\\eduY\\aŴR5!<[@@}r?81uO2\'V\nuټCYԢe\0,I\"`@;IC@8|淗<sƠ(jA2u.)6l92e!2qr\'AN {#+,׃AT$N$S~+CCNMFm;\nAkRB`cZeUiVzwat!&w.ӿ<$}ޙ[n닰YCW0ucNհAhkM[;-例^ڀ\"	ˑ=Ƭ[VxW1c5hUQƠTP(y-m@*ySnF$ԫ;-g2Q:&l`c7ʿ׭h`~^CYvά [Tk)O0L B:2H,CStRssrR>kdiW1GO\0\0[]h!+Y3J	~ +\nzlWU8D	,Rw]\nYXtf3O]9\0.IWawqL7*n9_e[ar@WlhJ\"9/\" \"jZ2wl:z-pmҕ\"^PP	dph\np]B\'ex2ٚ=o64pHU;^3UOs]!wXԣDRwڀBAx:Fj<ч˭+ؕ\nXu9+L|geYXjkV]kbrx4%#А/.Rgj;rMK~jYiyB;=d6aLUKټ2&q*Oӹ (DBy̙UiT-_vԣuvjH\n$!Z[	d0\'q^Wa{)mT9\09a1eCAvh[@X.IiJ>qV6_nn^5SϿ# ad\0,9!p^;Uq^xSiAsb+u6Ͱ-%9([=j׻\"[?_K/1vklFT_r\n%0(#b EVFcu:лmWm\0*?oU?7,8\0)˱ \'}r>02PZ5,J\07_yfϝg{O^kωF@^QDNJȢʗK$ZrP;L󲘊uZw߰u9p:Qj%]L`0s-v|=^R֕Yۍ[V͝Gc%Ŏ2ـƁ#v~M[f/6`-AF[K6A0Bֽhnrh\\Vm W#.H? 2j✕d#QhnB]ue;z>/>pfbW&j^ʟtmH닼u-t8=K,aPrH#\"Dz5IJ`x!3\n\"4m2`wǝؼy?*~d(Q)~b\"͑\nwA\\neYEL|v讧^Ғaw<t~gn;=@9edQ4zl]4[\0783,tme<x\046~O|ə@.F1F<9e,fpݻNnSƄ+oB ͵{|~{91d.]m`Kq@<*ǠY{ɝN=xٲev7-/`(Mݲa\'Onpk\" D󫵳sad(gŎPfKxQ& ^1>sStI\0H>^\0wyqkEuo)@ a?A7,-cW7vcKST[rіM#MލbN6Y_\'Kؑ`<dxb<̏/c3JG˱ߘ}9\0;簛v	Xm&O㠋VC7vdz{C\0?k\n(Lstp1}Ph\\0S$M3\0d4}Xħ&sB{	l!\0C%V*B!|~Z8jyg9c4[^jU7u\\lH>-_]kU\n}\0e`z@ü׽Y7ZWXk#ܱ6쬶N<R	דUsb(:f4SSY=>mfn.`޺{>.A+[32tǙ)9C0a*Փ0l`6wU\\u12#qA=8CmPBԘJV@Ykot31)&	b>Kd9%IE\'k`^#\0l\'&feڬl@fH2	G@:nO<r,[f>	oEVTYFZԪDlS)w7^;d]LWOAsl25uU\"ZMz/w*ɋ^1G܁`@-m\0%\0&H@8l͆p#;Xg;Sg+#&)$hB\nq[{WIn$Qa! C4>0yȄ^\\BWçiobĕgG\ne&\n}N!ԛyN!hatSEtkԏk[YQ%>YSo||Tƚ@jP_m@@NUJ.\0zf-\0UEu$BҤT{\'QvK鳍k+64;޾fB?\n\0蒝5m7EPXtŪ$;wP<|z0}y8AG /+@S6N%xN)cβ{A5z15(LptsIA0YEdznq@A*.)\0qeg,|)lNVe+`|+?z\nj،ud|γ`$Udu0>J.yg峑].[R}}&\0-Ջ;ﵚz{JiMcd۱R:Qڝ=IIMpktΦA?;Q6)XTLf}ĤH1ހ̼%J E)Y#ЋaCc>NA**j|vlBHxv^zu%6#h\0:D!Y yeoT&[Hs1$X2Էl;9WaQWrrn\0Vδz ?mR~*J&*[{5R=2):\\w\\_C\"Ɠ&X3	J>4Eebz>,zѸE% V\n[)I]MDozZD|V^lKWbn;uD(|P\"MDLŞi)II)@gr۾,<q#T=~nBhɜHHiǜ	76mi/T\\۷ڮnxTiDu¥XdO8kn^!: TpD6xmw\"hΧ8Oh2T6P\\M}<5-~M*gB<>FJ*1[邬ub|UI.1<7D*I105	sfllbD=S_R~(\nÈf;gyƣDYs	d;%?g=gUXQQpދ#+TT:W؝4Dn\0@=лݐn*\"(3\"@8Juxҋs,2O}?K|\0A6۶ݕȑcGYuJD`2%oDF@Bvq>ҒBs?`6Af[,Y-\nc,I%o)*$\nlH|z1(QjbPPL՗Z96MͅKef.?r,zxH,Mʦ.\'%HѸtA8oJ&!։TU^Noԏ9L ^=ɓȷ)KAYF@:$-\'@]{º!7QZhmj&ɖڽG^mku|rs_-OoI)f˗G &y:F1vure ܦR$LPw?x)m5`,p`J)	r5\'x]\n;Wʾ$`r\\e۶],BJl@d\"}؄!Dm S;(Gpg`@9$B\0|ccH\np}KԼ\\!B *s>1kkC\\5B&K}f;<G,d\"l7_cʺModeGveqW\'\n)tNc<	$tpd92Lvи	Xׅ׏K<Lp%NF/Wb!T@{jA2$T䣱u (7`t%F7w@+\n8>0sgG\'V屬T2BO@eVlT6Qgb@E(aPUHoTN^k}C(sF4Πj|Z=mv{a~{䁇@)ٮv*S\"k:zҚgM!)\'@7=p?FrLs2lJĻ΍Zso?84觎<>p5<1c}{Vfuˊ_06+(#0{\0\"踦aZyl6h%/#O!0(̶G3mc`~Jd7Bk@\nEI\nOSPd]u T2/sKȺa4ҦFّ2A8pO%T:7Ng6+X*lN$l?[<`YL@p@`ǜfy7ЇsG§Pxwatc5szwXUpnUSv+bXJMPz\n49M2Pa6PR.RY`@))in(e˖;\\/`w29hn>u>aMB)oeAG!p:=4H&׭P.(|2UD~o59\\faqk`N^LR eCpH0>Ѻ!8\nCM}AJ8~8i9Ly$\nOnFh>e*KM%n>+8ezZ׋F0#^}I|)o޼|4\01Z	q6Ii\0{\nJ!tJaEjC88j,#eDyBw:JKP\'y\0\"3.}&:v!__pQFƄ]&d׍p%h&MrB0\nB]FRIk*^,JsN5{F.O3c;I(#6\0JmK|K	hZ2TnpD͡^DM!(\\2S<;31UTSCUH&lz2*`.ֆH-Xyv{lrm)tk>,7/ʥ\\WRvv4C;dj5}d̰Us6Ş*AnE/݆|erl	ÐnHzuz\0q	2=!ss3} geʖc`%i \\UߗI|M;2Hv`J=N/vC& r7\0\"za2A>v12s\\Dェuˆ;ZI-j.EYC%4 Deuxd;ڐJĚUiKzQ\nU&YDZɦ{{}f.QDr\'$Naʊ8\0B5Z=L[GM<kٮX*G*u9X4k6`1$A,֠@B;akŅƾn}֓0c>SwE\0ԋoj},\\lZ@Fw,wĞ.o;:ZQ(NoIñs,N8m7]eYCc;/7>yC@?JuL&j˩\0YCʍrA\0\0#IDAT~\".#=[]`Ŝ\0\"\'DFaMhf\0e)N>Lk@qd.H~ʂz;mq2Gڃ\0p⩣6Lb@gYKgDGo\nՇvEY=oE!kWAz}{ݴ\"qN2$ԩ}$:z&WBpRp\';\'ma&i%1M[f4	rB$RјgrEW,hHM*+*ۤDXyJCw\0\'80|^Ņis[i6k@k	۶:^Hf~^{y;MZ!\0CЭŗ駞cw˿KiX3\'vh%|:[:7IyYv|,:Ty\\x$Ɠ!&dG!t\"6ADXSdʏ	LNz?UݓnJ,6Lx+5\\N[݇->:,~u\'ú^<Klt(ö@uѯh=x2M\0q훿#!	ݞ9xo=0:n-B\'/\\$zNŴS\"gXWUC.zC &a4̷cc_xEEm\\)=/ح%~0	]Uudr2e`5jldIN}ێll}[c0P74#$j7ϓm<曶P,\\&rO4V(Rɉ0@\0{rSEf2D~&ц{9[%T~=tm`w¬$Y2jWճ580~[쪫ֹ}dw,ß+;}h >0&PVN\"!	PbvPt	>O3:gnGN|r@Jɽ_lؘ0NL_	OHopOQ<O?=J7,#cH敥ڌ|&igڬBTL<x1Q^f:wtGX)bo9gwݲQ*7p?PYz[ݷ]oeYhJV6`.fRk37(60!qpeY\"քrh1a#ؼvH]W/Wn:aHIyp3aDk%x7:1T	v+:MN8S5Yp~\\{{l䛙ٕOe͙i\0dÚ́#Zػ	blʕ4pQ;xFM\0^hܿU{Ftv{\0cm{0_`w}d[՘OnOEMyi\\zrUxDJLL5Idʧ!I\"AJ7YzDFy:x)}xS<u>LFC.f÷2>swP{n$b{->_+\'c\0L^4z~&sd튅!`fz8-;wc27q9Қ̕>ߢȉ֭c&szf|o*」([?G4P%\nxMManwM\0(qP_S:c/P:t\\I@t)PDJoy0xZ(F#Қ́z:챗\"\0Oz2dV`J%o/K>ıUYb?s_2MX@<K vɃ8oԫ$x0VK{@\'mEL5D0?\'Nw3\0~h2&:܅gEƥ[w3-ʗhuv?h\nx;hnjeSiHH^ͷ_y	{≹HßH,a?Ꮽ Ⅻl87N>NL`ƆJ#*Fo_MMf!Agz\nfTR\n!dJ:D@%=8<েF\nI=\0% *فD:|z3(Mq	|FxMOIA!exGE=ZrL*ǀy>l\" HIF[Y}ϋ4ϱ\nt4_.OI/֖Z:56&k<B4%lńA6\0:xݡ2Ł枮1HM}B)$^k@BG1}Gs}<PQ򬝸Pc 	pBQy¦<P>2D$U]U>^}zEclun@cg3׽	̗4LNFo>#AD${Bh+ac+eR^cPHxSïW6>ٟ+GuMKsmJ96R^e*f\\P@ҭb9Aˎaj$ PD?gbw7c+8E1@8pydrrW-ව$LȌH;>(zH7T/W#{p\'5 ^nXL)<nneG<#T&ztENPxlR!>FIuzxvtF\n=.D1S\'BՐ@ƣ\'yWGWApɧzv~6 /Ȑ~c<~lhA>7l[0>+\0.p[kiيg\'˟CK3gܵx*ROo`;\0t*M3È>u(HVX\'%{@pϜ=Z^\"LP:tJ燅1s#70}ER+;;־ն |\0ܩc\\P^y\"${A.$ /YGdٰv=LiuWڡկY0\n~!!ht,I1%;etxE/&nhUMeQ7N6\n}m]vtv7!~|2@]k3ooL537MW!-O\n&^MCH\0U\n/\\4*&AW\nmn3j<Mo>J_̉iB\'zL}	d;<FgfМ\'p78)6ozzM%dbxN#w\"򜑠lJge.+$J_0éyA k9zJe(>Ire[{<\nV*)5QNf?tӱ\0]q#p=Mr{׮\'\\=I+-B:a#\'hF&sOߍ8\0pc!e=axeU&FӯIbL-c޷w\0K\'`\0݇)ہV$85Ù)iKEJ=Aϐ	VsaO<x}uO4UfeEL폵*̕IJ]JtHE8!Q&0OG*zOUxi{m\0>OwC\0»+7W^jt/	$[틳KS6tY^ƍr*\0J:(2سyX\\-p:>ǘE#3ÏV{PF19Y%xqL0؎Md+Za\nM9˳,n=B{5M]Rphc~l4\\IRQ,cmk/U6Įjotϫ2L0$9[Rq޷I[^O3@\'J]]`v\\R9꡿:dgU:%)^4쥂Il8غ:CM7@_6z[わ):y%q#S75av}E:v幬L9I4gh\'#u N(bRމJlmisM r]7l<Ju:*!Ԫ\'l7)шY\"hTy>KOUfK ^^@I{	}|NW?Ξg/CD^2,/k?AP=J1>*(P0 h\'|ˊ[VNexh͞C56LLxv}\0k~W?xpfԑ\\&{XEo\'\0XT00N8	&p\'ф&J(#TN#GۑG&&GO\'~t@<.[}L;\\\0N#IjQ6>(z\nbl@\0>Ͷ1I	ػC3ӺJ&^xގ=4DqSƘ \'Lʕ+mr;tQڅ06kU7EFqy`C\'\0=8Sv\0j lU_@m?xL,klZT݊$T12MclK\0<IvN*8.	@\nuws\nt]kFVOٖe9X,n6J]v9К&\0jj+-Lį8tM#%Kl;^&{b܃\n}<V/YuCN:zr4Ȱv~pTOcoy92>)H\0h\n&n@a$pÐJ ߴZfс%/_߯}JͳW2A/CLrȒa@`<9M58]1~r;X0ۼg099]ߝtッꔺ%~Z\0B>YKwfE4.JIj}9&}YJUɖ@i囓=	|9ylģ2J3R|ic,-+o/>9/` eXNA	Z\0TnyN5LcPS_0\"DVӘzzaTO0i\n\" ^,{:H/n.\02eidT7ew\n9_i)\'GaI?p=gNg$\'ؒ0n\"Sv4EO|ъYu^ztҲ;ixtrvODz-`ʬGSHe:t{^.U\no0\"NM\\k\\<m\\4\'FcFw%W	ظEtϨ͚MS9,y(s<?Bu\0p3tΠXXZNF{e;PaU܈s$:8h2382|I;R\nfaJC\0$HkX2[v1VwC#?K+q<aWh:IM3=9,pu1Gd-}$m9[.ɍ˝?\0z+\0<s諾]&-עFl[<;¾R7wd.1Lьb39-ъ1!#^ۯi[h[ؽ-?ay9^/m>iE?qѡ]6wõ^qhԎu~\'USmZhO-Nˏҽtv<g%Vd>Q\'e2;ǚ~E~35W&\0y~G(SK@;Kƭw%.2T9Md=d5dk2<ͭ-_̾((|i/k1`SkYVi^-L;XN3k]]L)sGWJP AOh9(6#*GX**M{geu+%k[f&C]W\0uje};ӎuaqro-@㼗\\{Qخ6푇nu-cTbNc$Yh>֖Zy}fIxc}7ݭN)(1BŀJ|<$&O8%T&~&2#}[[{򹫵-ȷ\'_|k\0DbG+oRt|}dHM>o8GM\\63Xm|uLM4t	\0ß}3@؝G}1f3#C<[0jקYBޗJR)do&1E`@d$NyNLد|Oq[buupI,Oos\0-BmßO6ĤZ,2[g26)I$h\\).tY~)FߜbP/F֍d{:yn\'Pu:\nbdhZjhdyr/3C!鼈 ;I6k&5Ҭ4\n/bꭷFpSM54$龜e8&\n#PPilzuTǈ:\n|ѤOI,DMGS\nƣaW>rjjjzD^{<-8(RIc\0N\"@v>o`CLA9MnGrW_T/pr8\0ΝnqDu+Xг(`Մ\"ȡU(1\0}h>n$N8y(II)H}9\":F,Hz\'3L	V\"awŖ@kΐReY#!-ch\0*v5ЀLWOÜɀD.ܹq8!L{KO@bn)QLΑCg&o\\k(/8H\0174W3RdȒ)ia7ܴi*̣{hT#=E7Eo]\0 kJ*+	n8e#0ǐԮot &ljw~؛oaz$Wʣ$/tХ_)w;D7\nIt#47lZw0MFԙ۠IMs*} ΍7 SD8Ctj#Y2N6TA#RyA+A0egBNr߻piKԷp\nv9ژl.kdS`0EbxalU`F^1u1O;N4AN\"|=\nG8;_#y8X!J~w:`{\n^Y^1z\n9(v4昰e2Ћ|)KZ\"G\'W8CK&Q}L5hHy7ވ-b@6wf=Fw7n7{g2¯~Tqc5ƑOpeͩ̾4?0FѱTg%lNᄿCA?&ޚz0|?}{Ӎ(vŊǣEE?6ngp\0NXpMK:k/-@~)n$|WC$ل8&Eۜ9Jۭҏ#{\']6gKv9b|Z3.]5)п!¤D	4:L !(Kpii`qy0lTN	:M8s?L.=LqBlj0Ix{\\FD2G%.0\nvZ08w/tB#!4+x\0\"G*ޘXXC\010Iћ\'f J<44󑴂	!uQ9\ng0-@JP$c=%l-obpE)|[ր$ 1PJ;\n7^;aÎ9`$Ǥ\'Sȹ{dI>E6dy}%g?$BP=tO6YXns+}ä[>d7T GTЕKC,~2;	Ѷru?+?tw\\b+*Gf3]t>:~cO5^52 6*|.0>ͮ?ˊfiW:U\n\n| \"2Mo-^i`O>wl9!rf}VzL0ا\0#Dlק`LMl)Ĕ%E0)>rg]D!fR1.|\'Z|\"CӆE>y@G3?;DD8ĒC6ˮIT>4I<S5!} WaL-XdmJkOPoe}STAdm=MxBעBGWfi9q.P8||T\\GY.aHqvv^+Q0e*sBO}h0.R\'~Qg\\No-L722 \nPS_Cx\'\"C.Lq&!\'6#pU)Hw,<_ة_f[f6{\\{6OQh\\#`\0,XT2CiO9rjv<Gh@{K]_=C\'yG.!\0&j[xZ%sf\'P^ u	Oy~jJ(8ť,ʘSғfWoN3A}R,&?fqC^}5o[_fߢ$}~p/8^ѽDF*d2%DzJ	%\"IGΠSLI+ғA]R]\'MAPVS]32uї!J\\%EhzGѩ248Qe% `}-|eD2*`<#˜%\0V`)dƣXO<h`7YMP(D`($Kx9A1(MԗQ Hso6l̪*0IŁa(r1Mղ|MaaFGKعcr9YLW+/\0ξ`C\nv?JP]=.:C6seb<(eWNDL$%u\"Z:\nG>GMǍ$@vM[_;Nn~=t߃.<urmvf1NeA6?%nZJLbpKY o뻓颭]	$fϊujqb]A;}X*yS.\0&+.6}CE١\"M)C\n~4bÀTX;~!Lٟz62f͚]7O~ՠZ~6}vb7to~7	Wvpmڐ8j&Cjdht?S8&/LFCQ~S7M/52\nMkgc@;\\sScg;ͼowЌ~JU	pK*2Q;?ה=nۅWdW:1>tx2(.pO?*ִ5^r,ם9ۀI3gZk~b#R;FY&P8F ΐ@?/ru+εxO E}F]_1Xb+mm/>MFc\\A>)ʊ<nl F`EڌY|\'%d`iBN(mRcz[⎓p8%sQ&׶jzrQyqP=6ǒed!RfK(qo}Ug$ok͝\0p^@ٛ^0O%3<@[H04\\K\"*JK¼Rz;+.?;mឝݒzp_pL$\'^G)\0]lL?\\uWcaa)a9i˗Pf,8ŃI:	Ƃ՛\0_-ZwdF9%ǿ8/*\'gkr)eZ,{bS8q68H^&!E&T7y\0Ia^<w	Yaz|rKƨKS-kRE!({ȩB$;E\"ʪ/u411 AlSɀQ7>j(zB(TzNy	(DBz҄\'A;/ci`ub_yN#ji#Ucb	\n#=.qb+[b9yvagv[Ð\0@c[@7K\0os:Uլ<&z/0&kwa&W//q*I(q%eJFg5\'G0\\1?(&?$͠+4p&S:`% ̩xטLPiexVJrF: 8	؁;>{Ʋa=ǜiIQ5͒U:S_!aOʚJ&\"kIC_-P-X]A5Ywq7<FsV>wT>LJ;\'swM	6_gء|<RQ&8>E \'(TTQV3=*}[n^pxM~\noXe!}D/2hK$ߠ/#5yF1nT8}G]#UPoK|])(P*X68~[cƔ(ijܫ7Ѓ}-qK(KTUpmGLwCEBbDOp׫)\'`#CS~\'dݝ#r˅{[OZO;\"rr93PN>]4!!ʉOI#yV}TK1Z^\"ŤRjG)\'J/\\f:d 3YBhO%:\0Oᵌʩs\0Q|nh܆KA)I[젞WЧP=@`f\0fB|ٲ`/EKHk_wu`NU^xA+<%>(HKFrbUiB=U)GTf,f0D\nd}v_]lR#^xⵆW[ZA{oY}t\"䣖^~`3u		n9!,r<\"{6̈OO#\0Q2Qfhz;o!FJ!Lhb\'_dI[fK羀br5LdhU6sڳ\nV-[Dw$\n念I\\mW*\nʅejrQJ#Y`3ld΂&ߐ׾TefUz_NO8tN}ZѲ\\:,-&nB&2%ve .\'-O!7ϓ֡))QxL۰i͞g E^p0!E\0_\'3o\'|@(~ǰP8\"(pP(w$٪*8\0#Ȑg=g!Zg@n0GOr/\0ab/Ndz;kr!r`ʌi{Z֭`tzo1n/ʘ_]Vd?x>%ZBI4R5b[I;: 	CT;͈2X2thlz]G)3?]\no<}|Ttno=UW7\"gEĤ%/\\6nFqKpyȞripɞO#Tߎp<<|[nzxmڴVW]OO_WohK)A輊5aC?0)+S#)8\'D$֛q5dPݰvnB59d布[ژqCGե*+\\P.KD~\\)]rϩ9OH#Ɏ& i0*ecA2BdJx\\!5SSȰ;{eJ֖E٫N|\'D1M<:䚌#eE%ܿXmɦ@˿GP-_M`2>M+ƬI+UAQoF4qY\0\'e`k:A6>AfNf퉋ɲSf<`4;o|[=w_ƳCݽw^m{M#e=E	IUF;gzg{RO7qsK=u{m59/`0}~Wb\0Apdd|CˋoE6\nّk\"֣9݃Y.aǪ\"-_Iᙦ͉!RA+om?iDzc#޹O3ebHS{ÿ~뻮rLn&u*>٠	vĩ3d;s􏴙Ti@!)aH\"3\"9o#P\n1?w[#\"T=\nm	\\2SV4pQ7J.$0=,5Je6=Btx*ac/H%T%aFZ (x)Q3X`sqK\"\0)1lrߔAO=2Y\0]+9)G4o22	+/Q2{zNrk;*;M-Vj[:XT\0	OGF(%k}4NIiqѣ\\8!zG[o/|/7ٵ8=ܝv|,[`Ρ\"yoLrҍufms@E!nPώ$K>	iom|`;{hlvGreG=\0:A`}G&v-NdlJĘohsX8!٨ٱS$2?٬NO6sy*eS\\^؀>qJG8ɫ~|}dжE\0!>vBgX}4ōa#	*	,0lyǗհfTߛ\"#5W\0믦F( h/3]W!Q`ED)>eMd|.\"`BPIēsK4~G=~\"dk\nfsf.e+g},_fSM.?3+2TvSSX$\\]LZ!@m~NDp jY(2_5Ԅ`o8_`9%0TTTcDOѯI5ݸ*ݥv@/Z[*j>+B=j{q:KT!ȓ99I>3r)nF6ܛk*s$~J؆S)$F/Uw֞\040bCSwg~{{f|1񄉽NMhʈYI1R0`mԠuc\"*]vr.4;Y@eqn:YPa4hΒvm\"\n\'qD?v(Z	M0&EAfETQBbMH٣i(b`Woz[@q]0!fg PyebPШmsgNf̣6BfHOqr \'+zSS9wr%n,`7>JW^~E;uq.8ЄJ\"<apҹMd\"sn5Lqţy?&Ph1%fR+Mt\nm.КߗeƠ2Dy-zjJ&hɜ;~3zg{Wfi;¨Sh3і<d{)<җ#+5ӈk{V9gkZ?ö=}\na\n\"7lbTd\n*1l0K4R?Z`}i@Zrj\'\0\'s83qoB͹ó\n_*ej&C\"|5GNvy]|n24&pszM˸e4!#6^26ft3*y:>yyJ)?R\"A9ɤ.ӼEWF9]s/ؓO>a+VE!*я~\06ζ>xzot@&ڀAS:\0$K4`I%J8ҿ\"qZ+]-!zPݪbc$b%Zf\0i9\"-GC Jf7\'h荒%ؚu`4KF+w+\"+{6:#:þ=`iӀcDƦ{Rdm]j\"{>9Gm{IqS蝫6hS>IFǀ!\\}^{}AMjO{{?j5nbrSH;U\\ЈD$ad\nfe~3BAn؈rm!rj>rp*7إ\'۷u\\COn\0vPJ??&.\'^Y2LGہJCPSeF6h]N5Z^ ,xYH@:;qf}^CZeoՓAZߕOIM=9zXKW\\Sn7R\'wtiNv9I\0ÉO?(p(eu\0K{\0>z}KXsY7a[_{\\nosδ?wZw/S׮ocOɊƠhPi0AsM4ql0p@h:-gӗQUVrȉr*f!\"4pB@P~{%5-]M>	}%ZxF2ǿAI؉e=Ю1Tt<6Y6Hr\0 AUf؁?2@ǐ*x`(>ƃ\nъKUvFԲ}砌3-P:REw#	L0*.˱q\")5`o	YHj\"NM^S\\p+Avhvl66sl6\'z_,f7_#f8\n/\0;qo[30\"EQF\'z]P9CQmXy3ltFXKG@MMWsec<}{ȕ/H28*J!^2p˖GפŎgG1l7b!t\\l=$A.+3	[lT̃i&vQH[?Գ)2cو&,_4R[ 9p\\V4q}yMm^\':J()NDXes-%L, R~A`ZxJJ*qL M4Te=oVRR2\"A7Vy]U~\' ݨ[SK;Pg;C_:.e;;PAed~ÛmǶ:pSq~w`n[exe%6&L,FVď?ŕQ&کN\"8gn޳<UPbR^xz@:j\\_1 ,sh05;ZdBC%!7Wo5i\0J*nfbi5\" dbljWN0v&%}{SO!jrPSd*.Y픂SrxB~9P\n2a4rx!|yZG_;z]-;O\\=TU5S%9}(mJ.g0C4ƭm>;\'6FG欨Us$fMXeO(ЖGFl3Zl*+ͧtDQe<4/a1:s*DReYm-\0__JD[H׿e=2d4g?oZ檕v4lYdG#!K<V]ewL׉\'4 2GD%FO}xZ;\n+T0سA2㈥j96ԏ3)2?ASZ8LOBi<2Kpɀ\"9QT5	w(YÅGßYeT>QIy`$dv9 }˝+!\0O>Uj>*}ݹ/-m&@t\01%΅ă#uA#g-Db׭XrNl1t[\\Ӎ[fY	@oZZ(ßx	5H.W$롇u:\nKrDLox`%Q\0R[<a(C((\'jVSmDcd_Fƞ\0fs>uDom}s։nzj^iGw\0Þ\'ǿ?12pbIz?;*y6\"jHaM\0\nF	Fi\'A%\"=9o^V\0\"˶\\wm:`gIbO?m%fb#nbiLd+8sfl8\0v7p=l!W`{)g7t/\"H !e*ӛD[K`g[$$Z;A]K^G|\\<5:,n!ڑ%wR~S(3[͇S{qG&K|ʙ5\0)qaF0ح@7E~#\\\n]*L]%ATZj^,+hSHfhUZi	pMBUny\\.:\'\'Ț},GmfI}J5Kk_ch^ݰ!ş9F[d}W~A6⥫w~6̓0`P$+CQT\'ZOILiqnV^=i}P0YYy ٶxYTDpcKgsήA|~W%ޯgV-,#SR⢗,θ~cƝgψ(+\"jon{Qԛ3c5B);B0}pi1`QŅbJލנ$3S]e^c?DCJ/o`XTE{z-[`oOioeclQk%!(l#t%H$uMa+2﵍^ұNdg1Щmj{\0vCɦh/٪rP$%ı.&\0`vTNFoWmZI&:a>ff.{СC\\4E-1S@bB-\'Ca\"n-p1{	q:s875\'2nSabʕEIefY1IM-iӂZrxfMmj+D|LpG}dorq}_b8n7n\nns-\\.O~`6!N[ $sV0v!\nL98-)Hn|wOy9(eՋl݆YV8##}6,tOoCHJ\\Wo}K\0W\0A(lgfD]!OaM>ۻs#(6Rkoc97MAʬ)\0j(FI@3 A4oΖ][Z8a6l;p[{|;,Cv1\0(b|~&m(U(5MdLBcp(Mo7ix6+jy.[4pBcCrd4	.QJ:K%35o*5.逈I3\"̲aK/reҬw8eX(nzn(`݀8aJx%A2?(ai)+DЫ9E$_Y/wv_Gpl\n8No<0Be.sJNJHMxJfG4gZ٦@m͙pѓQ`9SxNYFGYWd~.S%_11:)C]^p!}Viw\\n+/.˝x7u쮪/P#MuX!X;(q1ߡCc!g϶؜p7OGD祣r-6+?cvԛз2k=AQ.e3&	L#GkəئLZٌ9vq֝_9|QJ\nͶpd}+vXC?;\\y<XHK\"˴ىe;(LƓ2g<ؖ=cOq;qlKqӲΫ+\0e-^=;=>.u=j odjϪCTK\\.iT2\0RHLP]\0\0\\(<6D\'YIٳc9cN͡JHKlsSQaKZ<1EMڼ*;{f $-	K@healAjX\'Xp^PgS2)+\"\";yoC?3-j~9+Wdgb/*U`ȷ)sRbY9Z:5Pa9D+#(>ؽ	fMW/ͦǵRFC/ԉ܆S?y*qڼE;ìCe7H^i_Z\"\\\\\n*\'fIsn9yϪcau`#؆yqNO/f掜/|{Kk<`c.?i\0(ٸ1^!کhl33qFib1VzPc{܏vw&0l+qd.ڰWi\"[EȓVH4Nfvԡneև₅80g?͆xuU>{\\}{fԯYOPq`U\"2m)z4=Yϯ価LۆT{/çAvvI7cnjȼHpe35HGP=\'y*fLEcky6P_p?hI\"r2lMl/MGlPcd{-fU8laJ+&8G4wefw/>uPMd.wcCI}Q5\nc\'{|))Z>Mq#22sQq!B}gX~e1}\" \':O#g0!M+V}-,>)B89p_x!}827_1lU9t5ĔT8[DA.Otsly\'5Ҟü3XzRd\"}q>3rKӉ\"w35woJN@kw\"CPmo_|}]ө0Vboشf-!*8OZ	U3淴@]vbE$3gaYC>3?>.]jYQ*H|;p\"~V{0r`~)&*t;Ei-e~ \"eɎ]Vu|8\"_Uai*\\W\\afYYҾxd>2e\06t\"}((`.gɜ[\0\n$79MTޥ~3;?	ry~3R8:d!\\7A+[oFYJSꉡf	~+U*)$/~A_ڣ~\'>yzտfsor556jvwA]<2WgN_P!r/ƘÊ#~d{LjNY5Gj&y.\\kpԡ!~h\00G}=1;y1nx0=4.;>Gyiw\0끠|x\\Qɧ(;|K{ɮ\0.+SϿDK~vvQ!d<.4EN_JTb˯W`_\0 |GۜMDxKTjȰW=Ï\'w$bD}-s#LH3N3%b03%sꂷJJ^4҇Y(7S}}	`\\DJӣ{w7)\n|5zA{;ߢ}XݯQafvU?AR>?)V~cR7Lv22aTCF:g~GSk#)I\nU*+67!L,hԅ	wj6eΨZ\'CA[Ϸ_}IS\0d!j~ 	DrAj XC\';G89oP8lv3=5Μ\\_\"p!R&&T\\5B@*#,Eb@#fn}\\cS?7WL%W3D}szi3R2%\njmKK[6X@4lol/?֊+:uG@z8!ߞU}VYn̚$c-S٠dx`QL]Ѭ$I>8|(j\nP}ITPᾯm%[Wrh?5բbGyL=h>GaxL]F{?d/(A.tq%u]\"@U+}9\0#v{㵯:)yi\"}HBwDpwېVJm^ᄂ΃TŲΥNhMpɌBi#KQђiL\')1h07(_B!j7iĒ䰰hHR9B;Q\"Pn%4\'Zc;bc?C_iSS^<9}޻{<kCdJd!Mfu%EhB?\017[m/]\0xeipNQGQ+\\vmK\\x܅5xZxxC>mo趺̝YH!\0\'A}WߚЖKᅑGGéT<.6:HзN%ɗGy0̋.9m@{*V)h$hɀ]Z.$THBtpLt5*:-h2=jrJ\"\'c~UvВݍԠzWQ\" V`T%4Rj!a>ꏡ@KK.\"O,g/k\0bepzHeA*~ut?|+Kg	kbEzP;m\0CɆU? &*\"^Ҫ@#݅^4f0=zvzFmhgC>\\||AhBii*lCΪ(}`k!`\nQvw\'8cgfHN;֛QΪ]5TL\0.YqX8bR$=0cFN:4nlתlc{TYx&ô~52QRzx/25qq5ӫ?~A;\0Vx+Zl͑L⃇:z5}Z]֛<.я@pВΨ7wANBޠڠ*KczsO#$Tyx79h~>\"]c>&Q2@5>M*2Ɲ/IqjdN8gH6b/CPc3	ooU\'GuR|yM8uٹCD1256,|d9 bgϰ:zd5Zm4B:2n;⒄4s;F\nm-;*M+؎UN1{1,Em	@{!G:%nM¦e}/#3˳dqo&TmBDsi(KOU5s/Q+R-F4iTy%ٌЅZZ|	F;dåRn÷/[ʊ-D(cxzSb~jvuj󉯼W\'cTJZg\\x4?kީ\0(ǡѼcw9jkG(>ӓq@:=ҟ>|﩮6;vo00k2\'|MOrjy T7@EE\0U*ɍwFpdʋ#ӢJeWq0څE;	RExJW_z.$WsddD[X#1L@(O:{IU\08TIVfqF7[ij\0c@rV.fbe8\0vPqi۠j2]@vWS}pzZmꞻvo6Ie}-8^5Ͼ0iY(aEDA\"3ƆwQm\n\"t\00;Fԛ\'fyHԫAm,moגvLVVQ`\0UB3ń$3*nR	iI,t(kR2΃v$3.uUTVs\\Z8so^?q*Ư@?so{uW;:߻~t\'ƅ[wpŮ,Ck(]=w؝{$i;[f|jI_E^7CHL6Sl|OHDhU0)*/LYS,/ꇉY3r[4/\"M(d/I6߯$tMl^)R|\nT\"ƉpIml^$KjIon5~iehZaI$VX^ey&!4JA@ݒhpY3֧EN/ ^Iq@uݳMؾY;3iW%9F1s&}C7-8{\nڃ\'c։	kf\nafj34rCdV\0e!.ڻ$IɇFio9){#AFjv>y%i9͗/N\\,%дeӷw]\0(gr#&fڀ+\"bcҹqnzG~x=WRO\nJo^Wo2/ 6ZWR$H%Qo\nD-O\'-\0X<	dd.Z\"mk\nm&;Zw`Z5;IpOG{X{U@gN׌EEb_<;OM:O4,K	C\":jΎ>u&\0ITmDq\n\0ʁA$j6tݍW2aW8<j2fyrbQ;3i|y/I@dL\n\0`yfř$lmmu$g̎O[\\A~ΙWbL0aibJz iOb`093Xp/C\'%i{E(v!_}a$vZ	(@h$y[?m}ޞRʉ;F:Zx\"\"Z\0y`vX?FcEk[O/S$.m-W#;<jLJydese0koCV\'<M?dI/l71[]WSZغֹnΟ`T\"e#˂YC{^ZK*V>W/)$i,CȏEPa5x,r[>?jGkE@PIAXtV[*S;_\'(E\'Ɔহ+yx9y jp݁mZ1D91ZXW+3BJ<rZğ豳DShn?OާR>8nlȄ׊CL#%\\pzjq/XuDTڥ\0Q젠o@i=	n\0~L9\'~cT[w)PZ(\\<37,]dylj _.@\0zՠA*P?z*<#ݡ#Cͮ@G{{[8##RcT<\nFT J*;.vɶ@H[ATWY#[	`*\"Ul.O!g>.$k<&D>.zPt,BճOb9gՈ?EUʫNeNzoA>:t6KVg~g	U\0&Ugj@%W\\C,Z2HwRٷ	\\wv0\'_i[^h~}\0-kj5Fd~eީ_|SKy~;\0 A*irSj}\'XYM\\\\U!鯨\'R_T)%塣3n=	2	\\s٠yR:s-XG0A\'6!36gQp!6᳨/\'zcJgO+<_^]ʆW_tl5瀺5\0N;5n7~#].akQ33I֟ݷGkDS6}jdp\'@$ܫ2͌mY[ۉN$c⃔+18\\lN=Bʯ\"3*y\nʆj>lyT_vxn_[jtx\\=ƱfUu@@wVZKYaY#<\0QfRx\n88 j8{\'QX=!;H*+Z51\'EF-Z븸B.sЊwhS޻k)Whq󴢫l+jGԻڬ&3XU\03	CZ^PoYZF;N\0Ӆq!FX	chQ׸?+UhAR.K]\'cNTۙQEhYS;Ѐ-::Dmar7O=;^\\Fǫ/1t\04r̺^Mz1)W*wjU!9Gjm1\"v8vz.kEҴw	6VCIr3#DQ-^f^6ÏaMT2{jBjІn$(Md9u``6+~nwkv}~	P]fW>yܧ6`?e/8yoÓ{Da@i:Ck,8>x+nUxI\'?#B\0ߡ\0j¸ڴ\";	(GPG߈i]N(v2]J5ϋjA(1\0˒`}µem]%X!6\0mHl\"cTEQeNX<|.Y|=s51EMol0sN&.4B\\)_sNx4\'مt9#9!/[_£Ѽ[Dn\0}`f4>/Oo9\0hYu)vn`9s]聽mvO3ёAu`R𞻸m{p1$̋P7꼠*:JtshCswnH\0Ze+j+L7;C7~eHT$4Kmj\".rG$veMNT8Q x@(ؐy]	sCy`:!m	,3jITseс-p$l%c?C~Kp^H`İ]#^L]V6%YT\0_֬#M<SAZ\0%FIsCfy`\'@:.3[;ymCerscs*bUENL}`Hl-\\<so\\~K5	6Ho1t\0t[]\'clyn=\'`hEsrj63<>?tOt/>2j5F}pvziSjf6OV[\0Rmcp3٦P7BӐN^zn\'T!BCF٥):	]Wa	\"Q{!?Vx꥿}N?j*#/nQ(7ܫʌLRN\"^q\"/\'mXeT0~uwƠ\04j^re?9h>.dU[C]!\\ױm7ٳgM?rEUTf>6,Tc/TTG%d.K;l]sl%dJHv!Y.i6K[U=3d{G:3zjχ#l5Ù^LbkGOfNO*~F\0-ֲ}?\0z\'2&3~]yˇvh+d2mJ*?/ѐ/=ut\'=M:	=Q#Y;fc%.U@NZk.eh:_yGQt:ϫ*Ij, hPJ	ߺEuv|Z9rL-(.UZiܗ(q$$Kq\nQ8y<Cnű\nlxf\"!7b5C^$p9lOsy,klCPMJdc/˓8H~SIK9N[&\'\'	8OMn#j/ǯ6R(D6$tM%dJ/}M_(6μvWIVsL/	Ed~ᄲC#פA)E,9s$jQ{	hBR|TlEGxy5ٗJUVhOrBHҀf#7eNw\0x[|F@Ru./\'j_Wuܳۿk׎쁾doG鰻isFTXsn2jeyZs15b\0?RLPk1(%XЮ&j15/@=?4E?Of]KȾbWYU3+\n>ʓ-Es B$6hJ~>Ũ}DmY\0p\0FU2G6X\0tp?j[~wl}q<\0R9lg4;SB+b rY\'j2SϾ2s:ʨij\":wXy+FQĳ-pD48dj3pSeJ&lz)Yr慹T5ϲҀO;}!_ˇr@P6kw/aH@Axk߇_\\ΩșWw=ݾ1wD͑Po?ˉwuQչsi\"(c,ibH !	?IƄ֦_XBk̴Қ\"0bOS(wܫ۰O1A2X4n~\n\'/-UZsh|O\0\0ˊC8:ncF(dE{yn,^\nTi,I2N#:?Y`6wEMN(Q%;E{jllI#JRHS6**	2s;q!ʉ.k|vgW*h8QmlW{ICEz\"{%?5Ϭ劉lͽOoO9*/e}Pl?wsZR7<\0oxD.Ш<4jEWr_Q4&jo4~ehp`l{h/_C\"=Ïu+KU5~deƀv]UX,p %+fb|DK6:Z8v2HHCUS1\nqZ	YVͧ)&_P%ng?l]ZG\'|\"\"_/_ՀO\0#즨RLԧ~\"2gHl\'ʱ\n	&`/n!^yݧ:pjq]Cm/~[}K/c￪)@ā\'Q-*Qhᤵ{&6vZ:\\YE8[VDt\"SW.0jH!{C{5&>\")yz2[*|uōۧ.$8slu\nz}|zehouzK)-qaM\'!d=g|_[=@7jwC^Gwwq`Wľs{Ȁkϗiw\nHqڂfT-;RhfvQJ0+	(b*\0bqSN#(=eF	ѦzD3WMD~\0t\"$l\'f2,Vdԁ3?4Wמyd*1TＴz{@Q/(>}ElRR2J*g9KMm,YeFY2\0 y53Z<@7w\n</|\"Oyi![Ylx6WPW)	yʲWt=G_ߞX;2E`>7FM56UW\0?p79`&\0f=h<ttu69lvvv5jN{sS[ ;}|<]TSQAPNcC@D>eEҘl\'qMTTsª9,S$O*ql;RO5\0ALXc*w(%8\"l\\3#y,Mz3ĨҾHVF=0ԇFYŸASF,Hq%,H4=`JPg7vfFV$[ fJ~P֘	X:h՝WuhX|A9FBN>x\0Z-ӥdln#WƜ8Y;sj%Q*M{z+U^g~ר5nx}^/pu93Uu:\0Q\nFg9ڢ^sϮcpΨc/mUty$0w]Ķ+.䬚]f(.h\0(ls8q1	I[zM}m\"^|ZBg磭@a68ƸT8پx$:MId\0Z5ɟ94+4	ziaBHZ%IXe0@\\pmSaJ?{ʳ(T.\\\"c+lo1hȈDTx,ZZaUE#v^-R9\\,kl޽n81qre~1Uت\n h>#8ӫ?5~7|X\0O4Vo:5\nh]_o$y!h{Yj᰷9uJrtu+G6SuflycXy$\\Ee+A6Rб)%g7ȬM,{R!Ǝ4SzTC&]\\\\`\0/^9\\S(i=Y2x,1ss`	S_\'.N+҄D~W$(>ְ/$j!I55ՠn&UE8?6+-!Y=u^*z*8zrai98^ި-P	P=OAϸ0/?2ߟgu+[ߓ_癪@sէyب5n\"\\Ng%	:;f[oSnomwxLI;\\[d{ܲm#ﴭ%rj*DcL\n ly(a8%m0,|N汢\np>$	+H@\'*IQdP*mp4p\"6W\00W	VummQ-@%LV,pˊQi2w$a#z:f[J[u+[%L`d3˅+mvq2^T_k[\\c͔c\0~={-,\0x%\n=4`#|ǬP䵷|n#B]mj5T	8\"AӇ		__+%48N[<YRT$[\\ZRkilld*>Sՠ +`%4<1dUuD\0KZS;IC|͚R5kh+`^(\0o\nh|rbExm}r_sSQV bo6Da/;ܴXxjT\\GL\nH,r93fsZ}a1c.[[ OTBЉzkno͕\0iQdNv~[][hhlmJR>$ٜ:lcᱷE\\kfv0?\\q;+uxQhVq؍:R[e$\0382M,S!JdBl[(\"A?`B7~(!\n|ph=pIM%J蛃`:k=C=Y{sSkm>GF]=7O!%|Z)|@QjWҾͧKU,ejTUyFya+@sYM<[	X\0>A@hn`I6?7-6޾o=BY5~읝AQG/GZ1lAz[wOwc bPEfe)*+qh.U(s?[ȡtt`JcE7cFM2Mʴ!~\0ʼOae\0<,8\'$A.ibod1P\\ǘ~\\*FJZl\\THjtU,d5ժDN`Jѵ\\Q@\'.+A#YwSnM{uqѨ5ojoGw~[h\n\n mpÃ@b;⯴@Wsp#䎄1R`\"M.IjKn\"Y4EFn\nfifDV$OaOlzbUQ(62;m|D6/;*l=^YKd?;=_-lԖVDPEǯZF>gnfkTͮya\02u{~RY7O~rE;ZV\n~זX=Ӈ4ئkH;j\na=E{Wgvݡ6Ͷ&{c/6(E#Qg>q};a.eH8CMZ!_ndC;k,ol^X*V!\"c$9<`Y6RLeB̞0k\\m-Kz=CU3SF2Hs1K%FQd4ָu,\0\0:7d*Bf@fV^43nyinG#>{yC>[sҎkacyBMAg6v<p]Y(r|[4j9]T*%|km3>zY(0R@Xr1ʲ)%oa1\\DUVw3UVf\"޼֬mx]jYU{l#l447B#0AѸ\0~>{mAz8h67\\@a!\'ǖ	1;zmm2+|8ǣ_7zz>/N|K)tPjx͸gzzhlm3\0?w.6Bcf\n7jwQdX\\tA\\o}ט-lcoņd	wGW>7#3V\\w_冑l&7+@ՁV!yZ-zF@3-!a&gf*}9ѭ6V@a ȑm=cf蚁h^gu^(X-9`F9s+|*?#^3\0zU{rFg̖cF4F%qng7E\\x>O1.OT$nޜhp=Ӂмu^;`#໕\nP?yc%Xy)-3oz՞hkkQ}/ب4Vp6y%^%h|#VVUר4S[`#qQHk̋\n?;Y]ݒyf̤g3z?fX~~[Vxof@и5{+m|OF3F#`Aj	X\0=8W^Tﻥ4ިyaFUӧۍT-0<1?úW3aCr3njgychkn_95O?yXZm3@tz݈UFmy׷M7}T6Esxn+>:7lTmLp>OX\0~*ǭ[?3H	[UEQݟu\06c܆wѿV<3WFp޿oc҇,\0n~>;[:N:N:N:N:N:N:N:N:N:N:N:N:N:N:N:N:N:?<\0\0\0\0IENDB`");
INSERT INTO tbl_usuario VALUES("2","2","RUT","2","1","$2a$07$usesomesillystringforeCFgULGhtYgEopegGdjbjYiHOQCeHz.S","","ADMIN","2022-07-26","2022-08-11","ALEXANDER","");
INSERT INTO tbl_usuario VALUES("3","3","LUZ","2","1","$2a$07$usesomesillystringforeFz7dK1VZWNMEJiH0HNOXYw/HL.5hY4.","","ADMIN","2022-07-26","2022-08-11","ALEXANDER","\0JFIF\0\0\0\0\0\0\0\0\n$)..3),8-484,/1=55%BJ=4?.451?+??<4?14?7651441?111111414411144?14144144?111441141\0\0\0\"\0\0\0\0\0\0\0\0\0\0\0\0\0\0\0L\0\n\0\0\0!1\"Aa2BQq#Rbr$S3Cs4ctu%DT\0\0\0\0\0\0\0\0\0\0\0\0\'\0\0\0\0\0\0\0\0!1QAaq\"R\0\0\0?\0ԥ((((((yiJP)JP)JP)JP)JP)JP)JP)JP)JP)JP)JP)JP)JP)JP`ʩ!Y諷sy>fT[wM*>Yrh#Z9Դmm\nK}SIUoCݼ-׈|tI_#gCMm[^F-ےE\0&4V()JP)JP)JP)JP)JP)JP)JP)JP)JP)JfxMiߪ[Z(Pwof\n<kVMIuq@FެO!O̊\'\\?9gKtHSrjfԮ<EG\\ql+Hj>[Iۋlն_Q:[?;x?jĜCipVxo:0|Av=\0Qm?x5ҳpʛetIT|{I}taɕz1.>EvORԁt$S#ErF\09\'\\[N*QƶOs88eC^] eVepGβ%ΣwQW}Z$ӧ^I,RELR/\n5LoҾw\nӺT!{#lh7;p(7Z!uH=\n:U@)@)@)@yJV	\n3AL.Yungv*d*?52,/m<{(29@X&關z/EֈlFѫk{vwHϧުu\"a3/A\0GWoZCߙُ3Rv3JT7E+YUY,E\\q55ͲSLK׵?slu\'8:8HSRttue=Eha?7:hR+$i:\\3cI6c맚@eui߅}xݿƿ}=ǟƬvwk!/XehX\0\"*qȣ\\\0,;5$\'+fQhoqb[gNKu1ϗR~umlK%|v\0rvm2<ޛ|ޚϑ8#VN_u+ԎOGhۥj-βAiAi=K>e_΢RrEVkeF=G6r<@,Sږov<6UkKLO~xNKtpeoʾ+j\nօw4Hd_\\\\VR3q>*D;Im\'s>\0u\'**f/vFR:)8Ӹ{Y1=|DǄMmԒ{IO)tk~ʹ|v\\>\0\\NȧZ\'\0˯b>̓N9CHTTU}UQԚG$X+w.ߨ<>5CxpVYtoY7mF]KGgghaϰ<qWJ#fvãM<sȠn`+uR+mi<hy%_+tf>9cmo6H?*ե4:\'&O	r=&?/Zӵ$ĈWMbd,rzѻ2o1Zؗuhy`v\n<MsA\0\04Zq_I|ΫƥU\\sQy7N3f-V袴iyu#5MV+RnaVP]SG-w0T{-Vӆ+]k7\"ç?ud]nsE9$Ǻ.J:2\';tWLguVN%eyĜ~t{\0R𴉵#+p#SyG4?F?{27ap_n7vs(W<<k;8cp3m>5c׮ެEr~[5ӇǥW^I_Onw_NI6gy~߸W;!Ew>:ѓ{U^?2G\\ڳ\"\"QASǯgXodKwԒ.\0nj6E@UX\\ݚ5\nD&ږ;+Q\\a^:W([<$jnWrZVVeGnŽH{or\\yQ:&Y\03#y	SwQ<#|\05$Uw%<_&ӦO^)uj_A=m$mEo[3)1vdRe]2:U]սk{f\0)?Q3lD޷dĪVUEM:\\(U~ V}nMs$rs*WnsLqRQ64OIѧbFҕBIVL5-x\'Z#vYwoy>56CbJ:y9v*;}ʮ}؄D>_~8{G	ٻ}j7A6{Hbپ`|ISyooY䲸gki[qMGuvW6̫\'i\"#\'CSǿ/=5Ն5\"I$tU{N`xnuҶ2aΩW~/	=hgN\'Psqp|V$\0[ʿ&lY8#*@]G͍BP	\'k*3\'l}1V)tyOj-mlC5gwmoQQ8~{\\J=3p$ג&)._GV|gA{3vɷ{ڪ(:}R=ԮSvꮎJjֲ}\\HW{?#]55sbRcdNkr^I4l}-E$5\0W*8pDCF_\"ڹ%deyDU@pf4cwxcx]6ݪ\"rLik4Qʡ$]ɽvБ឵P3P[mWAYSP{A?Q1\\*#;纯vb%=ufp{{~\n~oP>,ݺ5FQyޏA4jH$Ofuympxq#5j#;cQ4ǯ.W5.D\0ѿS龜vm6r5g]v?i.c\0ik* O0ڳYԶI S?m$`rWݨoQ~* 7;|)<S5ϨR~Ŵ~d^ۇwU?1X%(+8^0]\nfk`yQC1*{o_+6,!swcv@x\nдinﲊ:\"\0?uiMdؠ6UjSq&+%wB.IEZHRRWi@SDb҂0$+\"xNyyx5o#E{fy!:.e\\$uC*6,\0SjĶ\'Mos\0g\0TYbu4lU\0z_	Jđӳ!/Onc[VTɵ9>ž\0GGnOH\0>=~\n[`Hl4GOASwvztgthW|;UhX>ʄ84\0v|5xn\01(\n7kPT/V-Wjn#ezIL\0x{g|bKk\0Glxi2FU]uE,J䣠BBVE@+)@)@)@)@)@)@}nzf+AϸZ{i;ڳ,y\0[{=|5M5Ggޚ!3t>8<p*GbFѶϼ^%Dwhֲ\0{ֲ|ڳNu7f)/7mF!X\0[k9A:ȷ; ~5tuטUI\'GB[*2Gp[b-`/4;;p$~3FDۗm,^VUDݲ!O-.]*۹y)l!X#*ipUmmn|T匘ѼkiZ*`Dʪ{M~)dɾ1/GCwnWwkK.?.Om3o8)ũ;vn@3WgFZxJ	h<V-_\nj0<+%)@)@)@)@)@)@)@)@)Atdpoz((w<lrDH;*\\>vDm|8OBq]PsaŜM	g)ʾLO/b4Z(\0\\.lA˷ƽ7Vaf/槚qdѻz?:ݻsUv$nY_˚uNکVkPQ9=A\\;5 9`Y->»$#++.CnV_{d6;JV}U<%)J)J)J)J)JFkz[@I]Gg`,Ik\0gr*pq-:]5bi!xgd\'O23˗+gEhehW,}˫ff]I\\#Z\\k/mVKZ`<|T\nNh snZs;HbYw6̌d\0惡ҹBmF;,O<,w#=+Bӭu(*V+IW\0@USY⧆[{d9!bVRyyTD]Ci%ΤIioS`˶rsX8XAč\"A\'@<ωp띲\"3WaZ庤)֛=A4iqőHr\0\"kc4+[u(7sٮw2*u\\yʃS`w^f	fpIGK<6>p>TKVisxzsS*,Iˆ7Y8gLt/&uYnVRN0XwVgv#3FЬɽ\'9|jfTLY*sFСeX6Yv\\Wul\\p{tXURˉ7XX>{1[ny~Z^Ե}+J~ZER~F\0V|j\'GO\n)KgОG8UB]=ّ,vCЂIds[C|SYzVWJ0Mo#eL5Ɯy@MdkeܗM3\\?Hq0<qVJZl}f^rQm,hcTr\02=I$x-\0omRK[yQThIp c]T+fPyMz,VndqH2 \0D-ԫwi=Ixk=S&q2:R2(:+AA#Gcq{f帖HnIVrC`A^xSHw\"Kd@nrR<;ZG-ԐB,2n\'*g۫ygDwz|F\nQ\0N\0՟W{yZ\'ifn1PqC\n_uBonn:q}mgWQ<ҡiK\0L`uZ;]N\'VUcAF9d)\\T1hs ?#[Sq.f(ak\nHl `PU+XZrjaRݙq*6]n,ykp;Xc٘#O8y;%;)qH:0qʤuMF;xYb=go>@\09N03A~&mcN\'4sm#i@s̑Z?XJ_̦%H2elrBww[xߑۂF_*C9+sSlri:^k6ⰳkzupD٘b@kk\\[jݯV(;D=UG\"]_aB$1>UttEq5 HYeAѼ+iԗ\"U8نG\\U<KdvwfPI$$V!dhS$PJ-cD#u\"H ~5&x7eCOnlk{dnh3Emsso5+5E2ltm˜K0#ʫ1\n\n3B6	d;.Iu_~+6t&*dX{5.mk:S\0V][hoa-1(ʩ|8UohnR?ZDCc#@٣$.ϸgHL?K%NH\0j&Uܖ	-J@ێ\'&t}b]7o^[]Jr370Y9uXXD7L;yHn\0wpr96<ã7GVl&<׵fڟ.emya% f3It32r@5?q:pu+*%c|tP685].KǻWyF:mr_:fX狴QY9db0}7+\0SmL}gj;mu	d$J$ _]@ˋYaFY]ٜ)\0$\\J@i̳>^|t]ᶷYEI%yf]e\\Շ>}U浝NVPi澰a,\'x𸍗ҽЌsI-ŕմS^G*v-+ UnH۸dݽ$6v\0֌bd*˒D5%aZ?At6oXZ䇳լ[&Zv2(˰$6IcT[#zMketuғ.@znYM;U/+-u!<TdXɧv]M:Wѝ\n=(.u5y5RQbT*EkSwYPRzO<>y-eJ84RleߕQR2\'`W71kj]ǤI!c\0;wdWfS 75A/]Xvrk*lHTcQן3AkEivb~ܔ˶b?3PǨkvv\"ۼҧԇm2\'9zkn,KYWx/`kjq=̩q%\"_FRYp۲@#;kM􀚍ǋы+oFb\0yP>ƦѢ@g£oR	-}#-K\neVHMOo uPݛG1$?eRqG9m-DPXUo݊6-IgvF>Жtv U^~@UNF{aqgU<Tb#9#$gPm[7#o%J{$19}v\\+qVqXh泛i68gXxtn^hH0A(v+OR[.^@EؘPŷ=S98\'\0MO/g(zg^t!}.kfvakdؙB9ccT.7DMZ@	n]Bkk\0b.lڢ~fNqኋyo%Yf[pUYrXNri6~LkGB$\nq+#ީUYƤu(V^WsJ6oF6|>x4IZRDkSqjqԱK#R[wU	nd䝣,ri_.Kqgf\'FNwXF/CxuAl)%VFtdsYy~/\n7unc2݊Ul4-nv\\Ϟ?\\SpfcqfX4oؗwWKs\"GU9\0P3?HCtzE([ța٣sEu@\\Isf h^)qufEc #jk:3	.	T@V(9 IOуɋ=m>#kNDډq_99W_pԗHq.gY.2WI-LݡVDԳ&+\0==f%Mv4$kJzΛ%Z77Xswoӭ,u}g,ӃhpX^$譳Ú;2Oζmc\nL\\/$[YI1\0hy]-Qop ?X\n˗w<y:$\\*TlI#MN[KN1,-v{E\nR|Fj3{	_C1gb42<Á\"`g\'=/xnV;x᏾Jb@\0:Aauqݤ7W-c*$\0Tyb8CdWJB}YtIi&LGՑ,geQ-Q!	@*wuA_I5KZ5Ǣ+@#*;V@I<*Cg4Qz9ec\"38>o/sg-	 +]F0U*A r}o-ƞ\\m2IR0r\'t(((1IP?{\0J(شǥhb?G\"V\0E\0b?e\0S<l[wc\07|Y\0Ec\0-(Ƚԫ_\0SV?R[[G\"\0U;VEc\09;#QG*JQ%)J)J)J)J)J)J)J)J)JQiJQyJP)JQiJQyJP{JRJRJRJRJR");
INSERT INTO tbl_usuario VALUES("4","4","JOSE","2","1","$2a$07$usesomesillystringforePP9wVrG7ur0QdkQ9rpSzfE/DlP4e8u.","","ADMIN","2022-07-26","","","");
INSERT INTO tbl_usuario VALUES("5","5","GABRIELA","2","1","$2a$07$usesomesillystringforek7hUNAdfzELkC2Xk6YPva7JCsoP6rh.","","ADMIN","2022-07-26","2022-07-29","ADMIN","");
INSERT INTO tbl_usuario VALUES("6","6","ALEXANDER","2","1","$2a$07$usesomesillystringforeP7mXKbfh9ebyT3M.rcGnqD3gYHLx/pu","","ADMIN","2022-07-26","","","");
INSERT INTO tbl_usuario VALUES("7","7","CESAR","2","1","$2a$07$usesomesillystringforelk7hEP5l/8xGhqhzzpBD065n5bEXx2S","","ADMIN","2022-07-26","","","");
INSERT INTO tbl_usuario VALUES("8","8","JUAN","2","2","$2a$07$usesomesillystringfore24KuaN0qO9IVZ9tIXt3l5Gy/G5o.KWm","","LUZ","2022-07-26","","","");
INSERT INTO tbl_usuario VALUES("9","9","DAVID","2","8","$2a$07$usesomesillystringforeK2F0CA.OyIc/hzje/abe5/.lBawI8Ca","","CESAR","2022-07-27","","","");
INSERT INTO tbl_usuario VALUES("10","10","IKER","2","8","$2a$07$usesomesillystringforecHYBqgWfna9zyvdLydQv0EYK49B5C82","","ALEXANDER","2022-07-27","2022-07-26","ALEXANDER","");
INSERT INTO tbl_usuario VALUES("11","11","DANIEL","2","5","$2a$07$usesomesillystringforePH8CXTpBjgw/NZeLeXQ6eBg2yFS9OE.","","JOSE","2022-07-26","","","");
INSERT INTO tbl_usuario VALUES("12","12","RAQUEL","2","4","$2a$07$usesomesillystringforeUBzOoe/fyqEveRzs1qiMcRg0TjegQPu","","RUT","2022-07-26","","","");
INSERT INTO tbl_usuario VALUES("13","13","YAMILETH","2","6","$2a$07$usesomesillystringfore/K7kHH0AKBo3XrR19eUxnbbahup7owe","","GABRIELA","2022-07-26","","","");
INSERT INTO tbl_usuario VALUES("14","16","MARGARITA","2","2","$2a$07$usesomesillystringforeVxRNnRV8j0V/Qv7SN5pK5Zs/4jXqeqa","","LUZ","2022-07-26","","","");
INSERT INTO tbl_usuario VALUES("15","17","RAMON","2","5","$2a$07$usesomesillystringforeFUN5v3JgHk8ENz9lcf.hrCfeYRowdmi","","ADMIN","2022-07-26","","","");
INSERT INTO tbl_usuario VALUES("16","18","FRANCISCO","2","6","$2a$07$usesomesillystringfore.OFApK0lnq2pWTrZBEzPs25tOi/peQO","","GABRIELA","2022-07-26","","","");
INSERT INTO tbl_usuario VALUES("17","19","JOSUE","2","4","$2a$07$usesomesillystringforeto0mvDpaV0DK4cFtWyWxnWiZ4qt7Z4.","","RUT","2022-07-26","2022-07-26","RUT","");
INSERT INTO tbl_usuario VALUES("18","20","LAURA","2","6","$2a$07$usesomesillystringforeOe47YYBALHNylsq90yhjERGpHl.p9kG","","GABRIELA","2022-07-26","","","");
INSERT INTO tbl_usuario VALUES("19","21","MAJO","2","2","$2a$07$usesomesillystringforeVTuDZ.MUZx5QQxqolAMBpd2VqKlfrRa","","LUZ","2022-07-26","","","");
INSERT INTO tbl_usuario VALUES("20","22","PAULA","2","5","$2a$07$usesomesillystringforeUvuV8h0neq0uPPmQLgOJsjz2TeSbXeC","","ADMIN","2022-07-26","","","");
INSERT INTO tbl_usuario VALUES("21","23","MARIO","2","4","$2a$07$usesomesillystringforeC1qiwiZxWnmXgS0TeTaf41.2zC9eoJa","","RUT","2022-07-26","","","");
INSERT INTO tbl_usuario VALUES("22","24","CRIS","2","8","$2a$07$usesomesillystringforemrCfnY4uA0DxWUm8xBIP17QxqXX.scS","","ALEXANDER","2022-07-27","","","");
INSERT INTO tbl_usuario VALUES("23","25","ANDREA","2","8","$2a$07$usesomesillystringforehRJWC.CF6mpqr2p1llRk3PxU/cZ65DS","","CESAR","2022-07-27","","","");
INSERT INTO tbl_usuario VALUES("24","27","KATY","2","8","$2a$07$usesomesillystringforeHgs1s2uw38U9bfe/nzsY9NxbYN5tPiC","","RUT","2022-07-27","2022-07-28","ADMIN","");
INSERT INTO tbl_usuario VALUES("25","29","DESIRETH","2","8","$2a$07$usesomesillystringforeBNDqae843YwiG.YpUXHq9I4KSLbDAQ6","","GABRIELA","2022-07-27","2022-07-26","GABRIELA","");
INSERT INTO tbl_usuario VALUES("26","30","NAOMI","2","8","$2a$07$usesomesillystringfore6EINqszN38WG50TBh9xqXuz82S4gTBK","","LUZ","2022-07-27","","","");
INSERT INTO tbl_usuario VALUES("27","31","ERICK","1","8","$2a$07$usesomesillystringforeP5wUikw4pkTxWim7XoEvmNeS8uKtbjS","","ADMIN","2022-07-27","2022-08-05","ALEXANDER","");
INSERT INTO tbl_usuario VALUES("28","32","ANYH","2","6","$2a$07$usesomesillystringforef3K3SHJ3KU57GQVdI9QQ7CPsELwicyS","","ADMIN","2022-07-29","","","");
INSERT INTO tbl_usuario VALUES("29","33","ISEL","2","4","$2a$07$usesomesillystringforeQcFYFzyEb3JVU3JYKOfs3gUabsUlQWe","","ADMIN","2022-07-29","2022-08-11","ALEXANDER","");
INSERT INTO tbl_usuario VALUES("30","34","ARMANDO","2","4","$2a$07$usesomesillystringforeIWLQb30CQ.VUYtobQCyzQFYDZlzPjV6","","GABRIELA","2022-07-29","2022-08-11","ALEXANDER","");
INSERT INTO tbl_usuario VALUES("31","35","LUISMI","2","2","$2a$07$usesomesillystringforeo.Za9sjz40Tnh798TxidWyZRTQ.mtoC","","LUZ","2022-08-02","","","");
INSERT INTO tbl_usuario VALUES("32","36","VALERIA","2","2","$2a$07$usesomesillystringforeXAQheGJF7USzYzdQgtA7gv6RllsR2Va","","ADMIN","2022-08-02","","","");



SET FOREIGN_KEY_CHECKS=1;