SET FOREIGN_KEY_CHECKS=0;

CREATE DATABASE IF NOT EXISTS db_proyecto_prosecar;

USE db_proyecto_prosecar;

DROP TABLE IF EXISTS tbl_alergias;

CREATE TABLE `tbl_alergias` (
  `CODIGO_ALERGIAS` int(11) NOT NULL AUTO_INCREMENT,
  `NOMBRE` varchar(100) COLLATE utf8mb4_bin NOT NULL,
  `DESCRIPCION` longtext COLLATE utf8mb4_bin DEFAULT NULL,
  `CREADO_POR` varchar(20) COLLATE utf8mb4_bin DEFAULT NULL,
  `FECHA_CREACION` date NOT NULL,
  `MODIFICADO_POR` varchar(20) COLLATE utf8mb4_bin DEFAULT NULL,
  `FECHA_MODIFICACION` date DEFAULT NULL,
  PRIMARY KEY (`CODIGO_ALERGIAS`)
) ENGINE=InnoDB AUTO_INCREMENT=4 DEFAULT CHARSET=utf8mb4 COLLATE=utf8mb4_bin;

INSERT INTO tbl_alergias VALUES("1","ALERGIA AL AGUA","ALERGIA EXTRAÑA","EMILIO","2022-04-19","","0000-00-00");
INSERT INTO tbl_alergias VALUES("2","ALERGIA AL POLVO","REACCION ALERGICA AL POLVO","EMILIO","2022-04-19","","0000-00-00");
INSERT INTO tbl_alergias VALUES("3","NINGUNA","NO HAY, NO EXISTE","EMILIO","2022-04-19","","0000-00-00");



DROP TABLE IF EXISTS tbl_apariencia_fisica;

CREATE TABLE `tbl_apariencia_fisica` (
  `CODIGO_APARIENCIA` int(11) NOT NULL AUTO_INCREMENT,
  `TIPO` varchar(255) COLLATE utf8mb4_bin NOT NULL,
  PRIMARY KEY (`CODIGO_APARIENCIA`)
) ENGINE=InnoDB AUTO_INCREMENT=4 DEFAULT CHARSET=utf8mb4 COLLATE=utf8mb4_bin;

INSERT INTO tbl_apariencia_fisica VALUES("1","EDEMA HINCHAZON");
INSERT INTO tbl_apariencia_fisica VALUES("2","ICTERICIA");
INSERT INTO tbl_apariencia_fisica VALUES("3","PALIDEZ");



DROP TABLE IF EXISTS tbl_area;

CREATE TABLE `tbl_area` (
  `CODIGO_AREA` int(11) NOT NULL AUTO_INCREMENT,
  `NOMBRE` varchar(50) COLLATE utf8mb4_bin NOT NULL,
  `DESCRIPCION` varchar(200) COLLATE utf8mb4_bin DEFAULT NULL,
  `CREADO_POR_USUARIO` varchar(20) COLLATE utf8mb4_bin DEFAULT NULL,
  `FECHA_CREACION` date NOT NULL,
  `FECHA_MODIFICACION` date DEFAULT NULL,
  `MODIFICADO_POR` varchar(20) COLLATE utf8mb4_bin DEFAULT NULL,
  PRIMARY KEY (`CODIGO_AREA`)
) ENGINE=InnoDB AUTO_INCREMENT=7 DEFAULT CHARSET=utf8mb4 COLLATE=utf8mb4_bin;

INSERT INTO tbl_area VALUES("1","ACADEMICA","AREA DE CLASES","ADMIN","2022-03-17","2022-04-07","ADMIN");
INSERT INTO tbl_area VALUES("2","MEDICA","AREA DE MEDICINA","ADMIN","2022-03-17","2022-04-07","ADMIN");
INSERT INTO tbl_area VALUES("3","PSICOLOGICA","AREA DE PSICOLOGIA","ADMIN","2022-03-17","2022-04-22","ARNOLDIÑO");
INSERT INTO tbl_area VALUES("4","ESPIRITUAL","AREA ESPIRITUAL","ARNOLDIÑO","2022-04-22","0000-00-00","");
INSERT INTO tbl_area VALUES("6","ODONTOLOGICA","ODONTOLOGIA GENERAL ","","2022-04-26","","");



DROP TABLE IF EXISTS tbl_bitacora_sistema;

CREATE TABLE `tbl_bitacora_sistema` (
  `CODIGO_BITACORA` int(11) NOT NULL AUTO_INCREMENT,
  `CODIGO_USUARIO` int(5) NOT NULL,
  `CODIGO_OBJETO` int(5) DEFAULT NULL,
  `FECHA` date DEFAULT NULL,
  `ACCION` varchar(255) COLLATE utf8mb4_bin DEFAULT NULL,
  `DESCRIPCION` varchar(100) COLLATE utf8mb4_bin DEFAULT NULL,
  PRIMARY KEY (`CODIGO_BITACORA`),
  KEY `FK_COD_USU_BIT` (`CODIGO_USUARIO`),
  KEY `FK_COD_OBJ_BIT` (`CODIGO_OBJETO`),
  CONSTRAINT `FK_COD_OBJ_BIT` FOREIGN KEY (`CODIGO_OBJETO`) REFERENCES `tbl_objetos` (`CODIGO_OBJETO`),
  CONSTRAINT `FK_COD_USU_BIT` FOREIGN KEY (`CODIGO_USUARIO`) REFERENCES `tbl_usuario` (`CODIGO_USUARIO`)
) ENGINE=InnoDB AUTO_INCREMENT=37 DEFAULT CHARSET=utf8mb4 COLLATE=utf8mb4_bin;

INSERT INTO tbl_bitacora_sistema VALUES("1","1","1","2022-06-05","Ingreso al modulo de administrador","Usuario se autentifico");
INSERT INTO tbl_bitacora_sistema VALUES("2","1","14","2022-06-05","Ingreso a la pantalla de mantenimiento usuarios","Ver los registros de los usuarios");
INSERT INTO tbl_bitacora_sistema VALUES("3","1","13","2022-06-05","Ingreso a la tabla de registro de personas","Usuario se autentifico");
INSERT INTO tbl_bitacora_sistema VALUES("4","1","14","2022-06-05","Ingreso a la pantalla de mantenimiento usuarios","Ver los registros de los usuarios");
INSERT INTO tbl_bitacora_sistema VALUES("5","1","14","2022-06-05","Ingreso a la pantalla de mantenimiento usuarios","Ver los registros de los usuarios");
INSERT INTO tbl_bitacora_sistema VALUES("6","1","14","2022-06-05","Ingreso a la pantalla de mantenimiento usuarios","Ver los registros de los usuarios");
INSERT INTO tbl_bitacora_sistema VALUES("7","1","14","2022-06-05","Ingreso a la pantalla de mantenimiento usuarios","Ver los registros de los usuarios");
INSERT INTO tbl_bitacora_sistema VALUES("8","1","14","2022-06-05","Ingreso a la pantalla de mantenimiento usuarios","Ver los registros de los usuarios");
INSERT INTO tbl_bitacora_sistema VALUES("9","1","14","2022-06-05","Ingreso a la pantalla de mantenimiento usuarios","Ver los registros de los usuarios");
INSERT INTO tbl_bitacora_sistema VALUES("10","1","14","2022-06-05","Ingreso a la pantalla de mantenimiento usuarios","Ver los registros de los usuarios");
INSERT INTO tbl_bitacora_sistema VALUES("11","1","1","2022-06-05","salio al modulo de administrador","Usuario se salio del sistema");
INSERT INTO tbl_bitacora_sistema VALUES("12","2","1","2022-06-05","Ingreso al modulo de administrador","Usuario se autentifico");
INSERT INTO tbl_bitacora_sistema VALUES("13","2","1","2022-06-05","Ingreso a la pantalla de mantenimiento usuarios","Ver los registros de los usuarios");
INSERT INTO tbl_bitacora_sistema VALUES("14","2","1","2022-06-05","Ingreso a la pantalla de mantenimiento usuarios","Ver los registros de los usuarios");
INSERT INTO tbl_bitacora_sistema VALUES("15","2","1","2022-06-05","Ingreso a la pantalla de mantenimiento usuarios","Ver los registros de los usuarios");
INSERT INTO tbl_bitacora_sistema VALUES("16","2","1","2022-06-05","Usuario ingreso a modificar preguntas","Usuario modifico las preguntas");
INSERT INTO tbl_bitacora_sistema VALUES("17","2","1","2022-06-05","Ingreso a la pantalla de mantenimiento usuarios","Ver los registros de los usuarios");
INSERT INTO tbl_bitacora_sistema VALUES("18","2","1","2022-06-05","Ingreso a la pantalla de mantenimiento usuarios","Ver los registros de los usuarios");
INSERT INTO tbl_bitacora_sistema VALUES("19","2","1","2022-06-05","Ingreso a la pantalla de mantenimiento usuarios","Ver los registros de los usuarios");
INSERT INTO tbl_bitacora_sistema VALUES("20","2","20","2022-06-05","Ingreso al proceso de Carga Academica","Usuario se autentifico ");
INSERT INTO tbl_bitacora_sistema VALUES("21","2","20","2022-06-05","Ingreso al proceso de Carga Academica","Usuario se autentifico ");
INSERT INTO tbl_bitacora_sistema VALUES("22","2","14","2022-06-05","Ingreso a la pantalla de mantenimiento usuarios","Ver los registros de los usuarios");
INSERT INTO tbl_bitacora_sistema VALUES("23","2","14","2022-06-05","Ingreso a la pantalla de mantenimiento usuarios","Ver los registros de los usuarios");
INSERT INTO tbl_bitacora_sistema VALUES("24","2","14","2022-06-05","Ingreso a la pantalla de mantenimiento usuarios","Ver los registros de los usuarios");
INSERT INTO tbl_bitacora_sistema VALUES("25","2","14","2022-06-05","Ingreso a la pantalla de mantenimiento usuarios","Ver los registros de los usuarios");
INSERT INTO tbl_bitacora_sistema VALUES("26","2","14","2022-06-05","Ingreso a la pantalla de mantenimiento usuarios","Ver los registros de los usuarios");
INSERT INTO tbl_bitacora_sistema VALUES("27","2","14","2022-06-05","Ingreso a la pantalla de mantenimiento usuarios","Ver los registros de los usuarios");
INSERT INTO tbl_bitacora_sistema VALUES("28","2","14","2022-06-05","Ingreso a la pantalla de mantenimiento usuarios","Ver los registros de los usuarios");
INSERT INTO tbl_bitacora_sistema VALUES("29","2","14","2022-06-05","Ingreso a la pantalla de mantenimiento usuarios","Ver los registros de los usuarios");
INSERT INTO tbl_bitacora_sistema VALUES("30","2","14","2022-06-05","Ingreso a la pantalla de mantenimiento usuarios","Ver los registros de los usuarios");
INSERT INTO tbl_bitacora_sistema VALUES("31","2","13","2022-06-05","Ingreso a la tabla de registro de personas","Usuario se autentifico");
INSERT INTO tbl_bitacora_sistema VALUES("32","2","1","2022-06-05","salio al modulo de administrador","Usuario se salio del sistema");
INSERT INTO tbl_bitacora_sistema VALUES("33","2","1","2022-06-05","Intento de login fallido","Ingreso de Credenciales incorrectas");
INSERT INTO tbl_bitacora_sistema VALUES("34","2","1","2022-06-05","Intento de login fallido","Ingreso de Credenciales incorrectas");
INSERT INTO tbl_bitacora_sistema VALUES("35","2","1","2022-06-05","Ingreso al modulo de administrador","Usuario se autentifico");
INSERT INTO tbl_bitacora_sistema VALUES("36","2","1","2022-06-05","Parametros Usuarios","Ver los parametros de los usuarios");



DROP TABLE IF EXISTS tbl_carga_academica;

CREATE TABLE `tbl_carga_academica` (
  `CODIGO_CARGA` int(11) NOT NULL AUTO_INCREMENT,
  `CODIGO_TUTORIA` int(5) NOT NULL,
  `CODIGO_PERSONA` int(5) NOT NULL,
  `CODIGO_MODALIDAD` int(5) DEFAULT NULL,
  `CODIGO_SECCION` int(5) DEFAULT NULL,
  `HORA` time DEFAULT NULL,
  `HORA_FINAL` time NOT NULL,
  `FECHA_INICIO` date DEFAULT NULL,
  `FECHA_FINAL` date DEFAULT NULL,
  `ANIO` int(11) NOT NULL,
  `PERIODO` int(11) NOT NULL,
  `CREADO_POR_USUARIO` varchar(20) COLLATE utf8mb4_bin DEFAULT NULL,
  `FECHA_CREACION` date NOT NULL,
  `FECHA_MODIFICACION` date DEFAULT NULL,
  `MODIFICADO_POR` varchar(20) COLLATE utf8mb4_bin DEFAULT NULL,
  PRIMARY KEY (`CODIGO_CARGA`),
  KEY `PK_COD_PE` (`CODIGO_PERSONA`),
  KEY `PK_COD_MOD` (`CODIGO_MODALIDAD`),
  KEY `PK_COD_TUTO` (`CODIGO_TUTORIA`),
  KEY `FK_CODSEC_CARG` (`CODIGO_SECCION`),
  CONSTRAINT `FK_CODSEC_CARG` FOREIGN KEY (`CODIGO_SECCION`) REFERENCES `tbl_seccion` (`CODIGO_SECCION`),
  CONSTRAINT `PK_COD_MOD` FOREIGN KEY (`CODIGO_MODALIDAD`) REFERENCES `tbl_modalidad` (`CODIGO_MODALIDA`),
  CONSTRAINT `PK_COD_PE` FOREIGN KEY (`CODIGO_PERSONA`) REFERENCES `tbl_persona` (`CODIGO_PERSONA`),
  CONSTRAINT `PK_COD_TUTO` FOREIGN KEY (`CODIGO_TUTORIA`) REFERENCES `tbl_tutoria` (`CODIGO_TUTORIA`)
) ENGINE=InnoDB DEFAULT CHARSET=utf8mb4 COLLATE=utf8mb4_bin;




DROP TABLE IF EXISTS tbl_consulta_espiritual;

CREATE TABLE `tbl_consulta_espiritual` (
  `CODIGO_CONSULTA_ESPIRITUAL` int(10) NOT NULL AUTO_INCREMENT,
  `CODIGO_CITA` int(10) DEFAULT NULL,
  `MOTIVO_CONSULTA` longtext DEFAULT NULL,
  `OBSERVACIONES` longtext DEFAULT NULL,
  `FECHA_CREACION` date DEFAULT NULL,
  PRIMARY KEY (`CODIGO_CONSULTA_ESPIRITUAL`),
  KEY `COD_CITA_ESPI_FK` (`CODIGO_CITA`),
  CONSTRAINT `COD_CITA_ESPI_FK` FOREIGN KEY (`CODIGO_CITA`) REFERENCES `tbl_inscripcion_cita` (`CODIGO_CITA`)
) ENGINE=InnoDB DEFAULT CHARSET=utf8mb4;




DROP TABLE IF EXISTS tbl_consulta_medica;

CREATE TABLE `tbl_consulta_medica` (
  `CODIGO_CONSULTA` int(11) NOT NULL AUTO_INCREMENT,
  `CODIGO_PRECLINICA` int(5) NOT NULL,
  `CODIGO_CITA` int(5) NOT NULL,
  `SINTOMAS` longtext COLLATE utf8mb4_bin DEFAULT NULL,
  `DIAGNOSTICO_INGRESO` longtext COLLATE utf8mb4_bin DEFAULT NULL,
  `EVOLUCION` longtext COLLATE utf8mb4_bin DEFAULT NULL,
  `DIAGNOSTICO_EGRESO` longtext COLLATE utf8mb4_bin DEFAULT NULL,
  `CREADO_POR_USUARIO` varchar(20) COLLATE utf8mb4_bin DEFAULT NULL,
  `FECHA_CREACION` date NOT NULL,
  `FECHA_MODIFICACION` date DEFAULT NULL,
  `MODIFICADO_POR` varchar(20) COLLATE utf8mb4_bin DEFAULT NULL,
  PRIMARY KEY (`CODIGO_CONSULTA`),
  KEY `FK_COD_PREC` (`CODIGO_PRECLINICA`),
  KEY `FK_COD_CIT` (`CODIGO_CITA`),
  CONSTRAINT `FK_COD_CIT` FOREIGN KEY (`CODIGO_CITA`) REFERENCES `tbl_inscripcion_cita` (`CODIGO_CITA`),
  CONSTRAINT `FK_COD_PREC` FOREIGN KEY (`CODIGO_PRECLINICA`) REFERENCES `tbl_preclinica` (`CODIGO_PRECLINICA`)
) ENGINE=InnoDB DEFAULT CHARSET=utf8mb4 COLLATE=utf8mb4_bin;




DROP TABLE IF EXISTS tbl_contenido_socioeconomico;

CREATE TABLE `tbl_contenido_socioeconomico` (
  `CODIGO_CONTENIDO_SOCIOECONOMICO` int(11) NOT NULL AUTO_INCREMENT,
  `CODIGO_TIPOSOCIO` int(5) NOT NULL,
  `NOMBRE_TIPO` varchar(100) COLLATE utf8mb4_bin DEFAULT NULL,
  PRIMARY KEY (`CODIGO_CONTENIDO_SOCIOECONOMICO`),
  KEY `FK_COD_TIPOSOCIO` (`CODIGO_TIPOSOCIO`),
  CONSTRAINT `FK_COD_TIPOSOCIO` FOREIGN KEY (`CODIGO_TIPOSOCIO`) REFERENCES `tbl_tipo_socioeconomico` (`CODIGO_TIPOSOCIO`)
) ENGINE=InnoDB AUTO_INCREMENT=15 DEFAULT CHARSET=utf8mb4 COLLATE=utf8mb4_bin;

INSERT INTO tbl_contenido_socioeconomico VALUES("1","1","COMPUTADORA");
INSERT INTO tbl_contenido_socioeconomico VALUES("2","1","CELULAR");
INSERT INTO tbl_contenido_socioeconomico VALUES("3","1","TABLET");
INSERT INTO tbl_contenido_socioeconomico VALUES("4","2","INTERNET RESIDENCIAL");
INSERT INTO tbl_contenido_socioeconomico VALUES("5","2","DATOS MOVILES");
INSERT INTO tbl_contenido_socioeconomico VALUES("6","2","AMBOS");
INSERT INTO tbl_contenido_socioeconomico VALUES("7","3","PADRE");
INSERT INTO tbl_contenido_socioeconomico VALUES("8","3","MADRE");
INSERT INTO tbl_contenido_socioeconomico VALUES("9","3","AMBOS");
INSERT INTO tbl_contenido_socioeconomico VALUES("10","3","REMESAS");
INSERT INTO tbl_contenido_socioeconomico VALUES("11","4","ENERGÍA ELÉCTRICA");
INSERT INTO tbl_contenido_socioeconomico VALUES("12","4","AGUA POTABLE");
INSERT INTO tbl_contenido_socioeconomico VALUES("13","4","ALCANTARILLADO");
INSERT INTO tbl_contenido_socioeconomico VALUES("14","2","NINGUNO");



DROP TABLE IF EXISTS tbl_correo_electronico;

CREATE TABLE `tbl_correo_electronico` (
  `CORREO_PERSONA` varchar(50) COLLATE utf8mb4_bin NOT NULL,
  `CODIGO_PERSONA` int(5) NOT NULL,
  PRIMARY KEY (`CORREO_PERSONA`),
  KEY `FK_CORREO` (`CODIGO_PERSONA`),
  CONSTRAINT `FK_CORREO` FOREIGN KEY (`CODIGO_PERSONA`) REFERENCES `tbl_persona` (`CODIGO_PERSONA`)
) ENGINE=InnoDB DEFAULT CHARSET=utf8mb4 COLLATE=utf8mb4_bin;

INSERT INTO tbl_correo_electronico VALUES("proyecto_prosecar@hotmail.com","1");
INSERT INTO tbl_correo_electronico VALUES("arnold95caballero@gmail.com","2");



DROP TABLE IF EXISTS tbl_especialidad;

CREATE TABLE `tbl_especialidad` (
  `CODIGO_ESPECIALIDAD` int(11) NOT NULL AUTO_INCREMENT,
  `NOMBRE` varchar(100) COLLATE utf8mb4_bin NOT NULL,
  `CODIGO_AREA` int(5) DEFAULT NULL,
  `DESCRIPCION` varchar(255) COLLATE utf8mb4_bin NOT NULL,
  `CREADO_POR_USUARIO` varchar(20) COLLATE utf8mb4_bin DEFAULT NULL,
  `FECHA_CREACION` date NOT NULL,
  `FECHA_MODIFICACION` date DEFAULT NULL,
  `MODIFICADO_POR` varchar(20) COLLATE utf8mb4_bin DEFAULT NULL,
  PRIMARY KEY (`CODIGO_ESPECIALIDAD`),
  KEY `TBL_ESP_FK` (`CODIGO_AREA`),
  CONSTRAINT `TBL_ESP_FK` FOREIGN KEY (`CODIGO_AREA`) REFERENCES `tbl_area` (`CODIGO_AREA`)
) ENGINE=InnoDB AUTO_INCREMENT=4 DEFAULT CHARSET=utf8mb4 COLLATE=utf8mb4_bin;

INSERT INTO tbl_especialidad VALUES("1","MEDICINA GENERAL ","2","ATIENDE DE TODO ","","0000-00-00","0000-00-00","");
INSERT INTO tbl_especialidad VALUES("2","TERAPIA GENERAL","3","ATIENDE DE TODO TIPO DE LOCOS","","0000-00-00","0000-00-00","");
INSERT INTO tbl_especialidad VALUES("3","CATEQUESIS JUVENIL","4","CHARLAS CON JOVENES","","0000-00-00","","");



DROP TABLE IF EXISTS tbl_estado;

CREATE TABLE `tbl_estado` (
  `CODIGO_ESTADO` int(11) NOT NULL AUTO_INCREMENT,
  `NOMBRE` varchar(100) COLLATE utf8mb4_bin NOT NULL,
  `DESCRIPCION` varchar(255) COLLATE utf8mb4_bin DEFAULT NULL,
  PRIMARY KEY (`CODIGO_ESTADO`)
) ENGINE=InnoDB AUTO_INCREMENT=20 DEFAULT CHARSET=utf8mb4 COLLATE=utf8mb4_bin;

INSERT INTO tbl_estado VALUES("1","NUEVO","Este usuario esta ACTIVO");
INSERT INTO tbl_estado VALUES("2","ACTIVO","este usuario esta nuevo");
INSERT INTO tbl_estado VALUES("3","INACTIVO","este ususario esta inactivo");
INSERT INTO tbl_estado VALUES("4","BLOQUEADO","Esta usuario esta en estado de bloqueo");
INSERT INTO tbl_estado VALUES("5","PENDIENTE","Este usuario esta pendiente de cambiar la contrase");
INSERT INTO tbl_estado VALUES("6","INDEFINIDO","Este usuario esta deshabiltado ");
INSERT INTO tbl_estado VALUES("7","CANCELADA","ESTE ESTADO HACE REFERENCIA A LA CITAS");
INSERT INTO tbl_estado VALUES("8","REALIZADO","ESTADO QUE HACE REFERENCIA A LA REALIZACION");
INSERT INTO tbl_estado VALUES("9","PROCESO","UNA FUNCION EN PROCESO");
INSERT INTO tbl_estado VALUES("10","PROCESOPRECLINICA","PARA PRECESO DE PRECLICA");
INSERT INTO tbl_estado VALUES("11","PROCESOCONSULTA","ESTADO QUE INDICA UNA CITA EN EL PROCESO DE CONSUL");
INSERT INTO tbl_estado VALUES("12","REPORTECONSULTA","CODIGO QUE PERMITE VER EL REPORTE DE CONSULTA");
INSERT INTO tbl_estado VALUES("13","FINALIZADO","CODIGO QUE DESCRIBE  LA FINALIZACION DE UN PROCESO");
INSERT INTO tbl_estado VALUES("14","PLAN_TERAPEUTICO","Estado que espicifica que se hace un plan de terap");
INSERT INTO tbl_estado VALUES("15","PROCESOENCONSULTA","Esta en consulta justo en ese momento");
INSERT INTO tbl_estado VALUES("16","REPORTEPLANTERAPIA","ESTADO PARA EL AREA PSICOLOGICA");
INSERT INTO tbl_estado VALUES("17","EXCELENTE","ESTADO QUE SERA USADO EN MATRICULA");
INSERT INTO tbl_estado VALUES("18","MUY BUENO","ESTADO QUE SERA USADO EN MATRICULA");
INSERT INTO tbl_estado VALUES("19","BUENO","ESTADO QUE SERA USADO EN MATRICULA");



DROP TABLE IF EXISTS tbl_estudiante;

CREATE TABLE `tbl_estudiante` (
  `CODIGO_ESTUDIANTE` int(11) NOT NULL AUTO_INCREMENT,
  `CODIGO_PERSONA` int(5) NOT NULL,
  `GRADO_ACTUAL` int(5) DEFAULT NULL,
  `REPITENTE` varchar(5) COLLATE utf8mb4_bin NOT NULL,
  `INDICE_ACADEMICO` int(5) DEFAULT NULL,
  `MATE_BAJO_RENDI` varchar(100) COLLATE utf8mb4_bin DEFAULT NULL,
  `PASATIEMPOS` varchar(255) COLLATE utf8mb4_bin DEFAULT NULL,
  `DISTRACTORES_ESCOLARES` varchar(255) COLLATE utf8mb4_bin DEFAULT NULL,
  `METAS` varchar(255) COLLATE utf8mb4_bin DEFAULT NULL,
  PRIMARY KEY (`CODIGO_ESTUDIANTE`),
  KEY `FK_COD_EST` (`CODIGO_PERSONA`),
  CONSTRAINT `FK_COD_EST` FOREIGN KEY (`CODIGO_PERSONA`) REFERENCES `tbl_persona` (`CODIGO_PERSONA`)
) ENGINE=InnoDB DEFAULT CHARSET=utf8mb4 COLLATE=utf8mb4_bin;




DROP TABLE IF EXISTS tbl_estudiante_socioeconomico;

CREATE TABLE `tbl_estudiante_socioeconomico` (
  `CODIGO_ESTUDIANTE_SOCIOECONOMICO` int(11) NOT NULL AUTO_INCREMENT,
  `CODIGO_CONTENIDO_SOCIOECONOMICO` int(5) NOT NULL,
  `CODIGO_ESTUDIANTE` int(5) NOT NULL,
  PRIMARY KEY (`CODIGO_ESTUDIANTE_SOCIOECONOMICO`),
  KEY `FK_CONTSOCIO` (`CODIGO_CONTENIDO_SOCIOECONOMICO`),
  KEY `FK_COD_CON_ES` (`CODIGO_ESTUDIANTE`),
  CONSTRAINT `FK_COD_CON_ES` FOREIGN KEY (`CODIGO_ESTUDIANTE`) REFERENCES `tbl_estudiante` (`CODIGO_ESTUDIANTE`),
  CONSTRAINT `FK_CONTSOCIO` FOREIGN KEY (`CODIGO_CONTENIDO_SOCIOECONOMICO`) REFERENCES `tbl_contenido_socioeconomico` (`CODIGO_CONTENIDO_SOCIOECONOMICO`)
) ENGINE=InnoDB DEFAULT CHARSET=utf8mb4 COLLATE=utf8mb4_bin;




DROP TABLE IF EXISTS tbl_examenes_medicos;

CREATE TABLE `tbl_examenes_medicos` (
  `CODIGO_EXAMEN_MEDICO` int(11) NOT NULL AUTO_INCREMENT,
  `EXAMEN_MEDICO` varchar(80) COLLATE utf8mb4_bin NOT NULL,
  `DESCRIPCION` longtext COLLATE utf8mb4_bin DEFAULT NULL,
  `CREADO_POR_USUARIO` varchar(20) COLLATE utf8mb4_bin DEFAULT NULL,
  `FECHA_CREACION` date NOT NULL,
  `FECHA_MODIFICACION` date DEFAULT NULL,
  `MODIFICADO_POR` varchar(20) COLLATE utf8mb4_bin DEFAULT NULL,
  PRIMARY KEY (`CODIGO_EXAMEN_MEDICO`)
) ENGINE=InnoDB AUTO_INCREMENT=4 DEFAULT CHARSET=utf8mb4 COLLATE=utf8mb4_bin;

INSERT INTO tbl_examenes_medicos VALUES("1","HEMOGRAMA","EXAMEN DE SANGRE","","0000-00-00","0000-00-00","");
INSERT INTO tbl_examenes_medicos VALUES("2","URALISIS","","EMILIO","2022-04-20","0000-00-00","");
INSERT INTO tbl_examenes_medicos VALUES("3","PRUEBA PCR","","EMILIO","2022-04-20","0000-00-00","");



DROP TABLE IF EXISTS tbl_expediente_medico;

CREATE TABLE `tbl_expediente_medico` (
  `CODIGO_EXPEDIENTE` int(11) NOT NULL AUTO_INCREMENT,
  `CODIGO_PERSONA` int(5) NOT NULL,
  `CODIGO_ESTADO` int(5) DEFAULT NULL,
  `CODIGO_TIPO_SANGRE` int(5) DEFAULT NULL,
  `TRATAMIENTOS` longtext COLLATE utf8mb4_bin DEFAULT NULL,
  `ENFERMEDADES` longtext COLLATE utf8mb4_bin DEFAULT NULL,
  `FECHA_CREACION` date DEFAULT NULL,
  PRIMARY KEY (`CODIGO_EXPEDIENTE`),
  KEY `COD_EXP_PERSONA` (`CODIGO_PERSONA`),
  KEY `FK_COD_TIPO_SANGRE` (`CODIGO_TIPO_SANGRE`),
  KEY `COD_EST_EXPE` (`CODIGO_ESTADO`),
  CONSTRAINT `COD_EST_EXPE` FOREIGN KEY (`CODIGO_ESTADO`) REFERENCES `tbl_estado` (`CODIGO_ESTADO`),
  CONSTRAINT `COD_EXP_PERSONA` FOREIGN KEY (`CODIGO_PERSONA`) REFERENCES `tbl_persona` (`CODIGO_PERSONA`),
  CONSTRAINT `FK_COD_TIPO_SANGRE` FOREIGN KEY (`CODIGO_TIPO_SANGRE`) REFERENCES `tbl_tipo_sangre` (`CODIGO_TIPO_SANGRE`)
) ENGINE=InnoDB DEFAULT CHARSET=utf8mb4 COLLATE=utf8mb4_bin;




DROP TABLE IF EXISTS tbl_expediente_psicologico_consulta;

CREATE TABLE `tbl_expediente_psicologico_consulta` (
  `CODIGO_EXPEDIENTE_PSICO` int(11) NOT NULL AUTO_INCREMENT,
  `CODIGO_CITA` int(5) DEFAULT NULL,
  `SINTOMAS` varchar(100) COLLATE utf8mb4_bin DEFAULT NULL,
  `DIAGNOSTICO_INGRESO` varchar(200) COLLATE utf8mb4_bin DEFAULT NULL,
  `DIAGNOSTICO_EGRESO` varchar(200) COLLATE utf8mb4_bin DEFAULT NULL,
  `OBSEVARCIONES` varchar(600) COLLATE utf8mb4_bin DEFAULT NULL,
  `CREADO_POR` varchar(20) COLLATE utf8mb4_bin DEFAULT NULL,
  `FECHA_CREACION` date DEFAULT NULL,
  `MODIFICADO_POR` varchar(20) COLLATE utf8mb4_bin DEFAULT NULL,
  `FECHA_MODIFICACION` date DEFAULT NULL,
  PRIMARY KEY (`CODIGO_EXPEDIENTE_PSICO`),
  KEY `FK_CODIGO_CITA_CONSULTA` (`CODIGO_CITA`),
  CONSTRAINT `FK_CODIGO_CITA_CONSULTA` FOREIGN KEY (`CODIGO_CITA`) REFERENCES `tbl_inscripcion_cita` (`CODIGO_CITA`)
) ENGINE=InnoDB DEFAULT CHARSET=utf8mb4 COLLATE=utf8mb4_bin;




DROP TABLE IF EXISTS tbl_expediente_psicologico_unico;

CREATE TABLE `tbl_expediente_psicologico_unico` (
  `CODIGO_EXPEDIENTE` int(11) NOT NULL AUTO_INCREMENT,
  `CODIGO_PERSONA` int(5) DEFAULT NULL,
  `CODIGO_ESTADO` int(5) DEFAULT NULL,
  `ANTECEDENTES_FAMILIARES` longtext COLLATE utf8mb4_bin DEFAULT NULL,
  `ANTECEDENTES_PERSONALES` longtext COLLATE utf8mb4_bin DEFAULT NULL,
  `ANTECEDENTES_CLINICOS` longtext COLLATE utf8mb4_bin DEFAULT NULL,
  `FECHA_CREACION` date NOT NULL,
  PRIMARY KEY (`CODIGO_EXPEDIENTE`),
  KEY `COD_EXP_PERSONA` (`CODIGO_PERSONA`) USING BTREE,
  KEY `COD_ESTA_EXPE` (`CODIGO_ESTADO`) USING BTREE,
  CONSTRAINT `COD_ESTA_EXPEUN` FOREIGN KEY (`CODIGO_ESTADO`) REFERENCES `tbl_estado` (`CODIGO_ESTADO`),
  CONSTRAINT `COD_EXPSI_PERSONA` FOREIGN KEY (`CODIGO_PERSONA`) REFERENCES `tbl_persona` (`CODIGO_PERSONA`)
) ENGINE=InnoDB DEFAULT CHARSET=utf8mb4 COLLATE=utf8mb4_bin;




DROP TABLE IF EXISTS tbl_familiar;

CREATE TABLE `tbl_familiar` (
  `CODIGO_FAMILIAR` int(11) NOT NULL AUTO_INCREMENT,
  `CODIGO_PERSONA` int(5) NOT NULL,
  `ESTADO_CIVIL` varchar(50) COLLATE utf8mb4_bin DEFAULT NULL,
  `NIVEL_EDUCATIVO` varchar(15) COLLATE utf8mb4_bin DEFAULT NULL,
  `INGRESOS_DE_FAMILIAR` int(6) DEFAULT NULL,
  `NOMBRE_IGLESIA` varchar(50) COLLATE utf8mb4_bin DEFAULT NULL,
  PRIMARY KEY (`CODIGO_FAMILIAR`),
  KEY `FAM_PK` (`CODIGO_PERSONA`),
  CONSTRAINT `FAM_PK` FOREIGN KEY (`CODIGO_PERSONA`) REFERENCES `tbl_persona` (`CODIGO_PERSONA`)
) ENGINE=InnoDB DEFAULT CHARSET=utf8mb4 COLLATE=utf8mb4_bin;




DROP TABLE IF EXISTS tbl_familiares_estudiante;

CREATE TABLE `tbl_familiares_estudiante` (
  `CODIGO_FAMILIAR_ESTUDIANTE` int(5) NOT NULL AUTO_INCREMENT,
  `CODIGO_ESTUDIANTE` int(5) DEFAULT NULL,
  `CODIGO_FAMILIAR` int(5) DEFAULT NULL,
  `CODIGO_PARENTESCO` int(5) DEFAULT NULL,
  PRIMARY KEY (`CODIGO_FAMILIAR_ESTUDIANTE`),
  KEY `COD_ESTU_PARE` (`CODIGO_ESTUDIANTE`),
  KEY `COD_FAM_PARE` (`CODIGO_FAMILIAR`),
  KEY `COD_PARA_PARE` (`CODIGO_PARENTESCO`),
  CONSTRAINT `COD_ESTU_PARE` FOREIGN KEY (`CODIGO_ESTUDIANTE`) REFERENCES `tbl_estudiante` (`CODIGO_ESTUDIANTE`),
  CONSTRAINT `COD_FAM_PARE` FOREIGN KEY (`CODIGO_FAMILIAR`) REFERENCES `tbl_familiar` (`CODIGO_FAMILIAR`),
  CONSTRAINT `COD_PARA_PARE` FOREIGN KEY (`CODIGO_PARENTESCO`) REFERENCES `tbl_parentesco` (`CODIGO_PARENTESCO`)
) ENGINE=InnoDB DEFAULT CHARSET=utf8mb4;




DROP TABLE IF EXISTS tbl_inscripcion_cita;

CREATE TABLE `tbl_inscripcion_cita` (
  `CODIGO_CITA` int(11) NOT NULL AUTO_INCREMENT,
  `CODIGO_PERSONA` int(5) DEFAULT NULL,
  `CODIGO_ESPECIALISTA` int(5) DEFAULT NULL,
  `CODIGO_ESTADO` int(5) NOT NULL,
  `AREA_CITA` int(5) NOT NULL,
  `FECHA_CITA` date DEFAULT NULL,
  `HORARIO` time DEFAULT NULL,
  `CREADO_POR` varchar(20) COLLATE utf8mb4_bin DEFAULT NULL,
  `FECHA_CREACION` date NOT NULL,
  `FECHA_MODIFICACION` date DEFAULT NULL,
  `MODIFICADO_POR` varchar(20) COLLATE utf8mb4_bin DEFAULT NULL,
  PRIMARY KEY (`CODIGO_CITA`),
  KEY `FK_CODIGO_PERSONAS` (`CODIGO_PERSONA`),
  KEY `FK_CODIGO_ESPECIALISTA` (`CODIGO_ESPECIALISTA`),
  KEY `COD_ESTA_FK` (`CODIGO_ESTADO`),
  KEY `COD_AREA_FK` (`AREA_CITA`),
  CONSTRAINT `COD_AREA_FK` FOREIGN KEY (`AREA_CITA`) REFERENCES `tbl_area` (`CODIGO_AREA`),
  CONSTRAINT `COD_ESTA_FK` FOREIGN KEY (`CODIGO_ESTADO`) REFERENCES `tbl_estado` (`CODIGO_ESTADO`),
  CONSTRAINT `FK_CODIGO_ESPECIALISTA` FOREIGN KEY (`CODIGO_ESPECIALISTA`) REFERENCES `tbl_persona_especialidad` (`CODIGO_PERSONA_ESPECIALIDAD`),
  CONSTRAINT `FK_CODIGO_PERSONAS` FOREIGN KEY (`CODIGO_PERSONA`) REFERENCES `tbl_persona` (`CODIGO_PERSONA`)
) ENGINE=InnoDB AUTO_INCREMENT=3 DEFAULT CHARSET=utf8mb4 COLLATE=utf8mb4_bin;




DROP TABLE IF EXISTS tbl_matricula_academica;

CREATE TABLE `tbl_matricula_academica` (
  `CODIGO_MATRICULA` int(11) NOT NULL AUTO_INCREMENT,
  `CODIGO_CARGA` int(5) DEFAULT NULL,
  `CODIGO_ESTUDIANTE` int(5) DEFAULT NULL,
  `OBSERVACION` int(5) DEFAULT NULL,
  `FECHA_MATRICULA` date DEFAULT NULL,
  `OBSERVACION_MATRICULA` longtext COLLATE utf8mb4_bin DEFAULT NULL,
  `FECHA_FINALMATRICULA` date DEFAULT NULL,
  `CREADO_POR_USUARIO` varchar(20) COLLATE utf8mb4_bin DEFAULT NULL,
  `FECHA_CREACION` date DEFAULT NULL,
  `FECHA_MODIFICACION` date DEFAULT NULL,
  `MODIFICADO_POR` varchar(20) COLLATE utf8mb4_bin DEFAULT NULL,
  PRIMARY KEY (`CODIGO_MATRICULA`),
  KEY `FK_COD_ESTU` (`CODIGO_ESTUDIANTE`),
  KEY `FK_COD_CARGA_MATR` (`CODIGO_CARGA`),
  KEY `FK_COD_ESTA_MATR` (`OBSERVACION`)
) ENGINE=InnoDB AUTO_INCREMENT=3 DEFAULT CHARSET=utf8mb4 COLLATE=utf8mb4_bin;

INSERT INTO tbl_matricula_academica VALUES("1","1","1","13","2022-05-25","  muy bien","2022-05-25","ROBERTO","2022-05-25","","");
INSERT INTO tbl_matricula_academica VALUES("2","2","1","13","2022-05-25","muy bien  ","2022-05-25","ROBERTO","2022-05-25","","");



DROP TABLE IF EXISTS tbl_medicamento;

CREATE TABLE `tbl_medicamento` (
  `CODIGO_MEDICAMENTO` varchar(10) NOT NULL,
  `NOMBRE_MEDICAMENTO` varchar(50) DEFAULT NULL,
  `DESCRIPCION` varchar(100) DEFAULT NULL,
  `CREADO_POR_USUARIO` varchar(20) DEFAULT NULL,
  `FECHA_CREACION` date DEFAULT NULL,
  `MODIFICADO_POR` varchar(20) DEFAULT NULL,
  `FECHA_MODIFICACION` date DEFAULT NULL,
  PRIMARY KEY (`CODIGO_MEDICAMENTO`)
) ENGINE=InnoDB DEFAULT CHARSET=utf8mb4;

INSERT INTO tbl_medicamento VALUES("A1","TOSAN","PARA LA TOS","EMILIO","2022-04-20","","0000-00-00");
INSERT INTO tbl_medicamento VALUES("A2","VITAMINA D","VITAMINAS","EMILIO","2022-04-20","","0000-00-00");
INSERT INTO tbl_medicamento VALUES("A4","VITAMINA C","VITAMINAS","EMILIO","2022-04-20","","0000-00-00");



DROP TABLE IF EXISTS tbl_modalidad;

CREATE TABLE `tbl_modalidad` (
  `CODIGO_MODALIDA` int(11) NOT NULL AUTO_INCREMENT,
  `TIPO` varchar(50) COLLATE utf8mb4_bin NOT NULL,
  `DESCRIPCION` varchar(255) COLLATE utf8mb4_bin DEFAULT NULL,
  PRIMARY KEY (`CODIGO_MODALIDA`)
) ENGINE=InnoDB AUTO_INCREMENT=4 DEFAULT CHARSET=utf8mb4 COLLATE=utf8mb4_bin;

INSERT INTO tbl_modalidad VALUES("1","PRESENCIAL","Clases en la parroquia");
INSERT INTO tbl_modalidad VALUES("2","VIRTUAL","No tiene que ir ");



DROP TABLE IF EXISTS tbl_ms_hist_contrasena;

CREATE TABLE `tbl_ms_hist_contrasena` (
  `CODIGO_HIST_CONTRASENA` int(11) NOT NULL AUTO_INCREMENT,
  `CODIGO_USUARIO` int(5) NOT NULL,
  `CONTRASENA` varchar(255) COLLATE utf8mb4_bin DEFAULT NULL,
  `CREADO_POR_USUARIO` varchar(20) COLLATE utf8mb4_bin DEFAULT NULL,
  `FECHA_CREACION` date NOT NULL,
  `FECHA_MODIFICACION` date DEFAULT NULL,
  `MODIFICADO_POR` varchar(20) COLLATE utf8mb4_bin DEFAULT NULL,
  PRIMARY KEY (`CODIGO_HIST_CONTRASENA`),
  KEY `FK_COD_USU_HISCON` (`CODIGO_USUARIO`),
  CONSTRAINT `FK_COD_USU_HISCON` FOREIGN KEY (`CODIGO_USUARIO`) REFERENCES `tbl_usuario` (`CODIGO_USUARIO`)
) ENGINE=InnoDB DEFAULT CHARSET=utf8mb4 COLLATE=utf8mb4_bin;




DROP TABLE IF EXISTS tbl_objetos;

CREATE TABLE `tbl_objetos` (
  `CODIGO_OBJETO` int(11) NOT NULL AUTO_INCREMENT,
  `NOMBRE` varchar(100) COLLATE utf8mb4_bin NOT NULL,
  `DESCRIPCION` varchar(255) COLLATE utf8mb4_bin NOT NULL,
  `CREADO_POR_USUARIO` varchar(20) COLLATE utf8mb4_bin DEFAULT NULL,
  `FECHA_CREACION` date NOT NULL,
  `FECHA_MODIFICACION` date DEFAULT NULL,
  `MODIFICADO_POR` varchar(20) COLLATE utf8mb4_bin DEFAULT NULL,
  PRIMARY KEY (`CODIGO_OBJETO`)
) ENGINE=InnoDB AUTO_INCREMENT=54 DEFAULT CHARSET=utf8mb4 COLLATE=utf8mb4_bin;

INSERT INTO tbl_objetos VALUES("1","ESTADO","SISTEMA DE ADMINISTRACION. ","Administrador","2022-02-09","2022-05-03","ADMIN");
INSERT INTO tbl_objetos VALUES("2","ROLES","OBJETO DONDE SE REGISTRAN PERSONAS   ","Administrador","2022-02-06","2022-05-03","ADMIN");
INSERT INTO tbl_objetos VALUES("3","PARAMETROS"," OBJETO MANTENIMIENTO PARAMETROS","Administrador","2022-03-04","2022-05-06","ADMIN");
INSERT INTO tbl_objetos VALUES("4","PREGUNTAS","OBJETO MANTENIMIENTO PREGUNTAS  ","ADMIN","2022-03-04","2022-05-03","ADMIN");
INSERT INTO tbl_objetos VALUES("5","PERMISOS","OBJETO MANTENIMIENTO PERMISOS  ","ADMIN","2022-03-04","2022-05-03","ADMIN");
INSERT INTO tbl_objetos VALUES("6","OBJETOS","OBJETO MANTENIMIENTO OBJETOS","ADMIN","2022-03-04","2022-05-06","ADMIN");
INSERT INTO tbl_objetos VALUES("7","BITACORA","OBJETO CONSULTA BITACORA","ADMIN","2022-03-04","2022-05-06","ADMIN");
INSERT INTO tbl_objetos VALUES("8","PREGUNTAS_USUARIOS","OBJETO CONSULTA PREGUNTAS USUARIOS.","ADMIN","2022-03-04","2022-05-06","ADMIN");
INSERT INTO tbl_objetos VALUES("9","PARAMETROS_USUARIOS","OBJETO MANTENIMIENTO PARAMETROS USUARIOS  ","","0000-00-00","2022-05-06","ADMIN");
INSERT INTO tbl_objetos VALUES("10","BACKUP ","OBJETO MANTENIMIENTO BACKUP  ","ADMIN","2022-03-04","2022-05-06","ADMIN");
INSERT INTO tbl_objetos VALUES("11","RESTAURACION","Objeto mantenimiento restauracion","ADMIN","2022-03-04","0000-00-00","");
INSERT INTO tbl_objetos VALUES("12","TIPO_PERSONAS","Mantenimiento de la tabla tipo de personas.","ADMIN","2022-03-04","0000-00-00","");
INSERT INTO tbl_objetos VALUES("13","REGISTRAR_PERSONAS","Objeto registra una persona.","ADMIN","2022-03-04","0000-00-00","");
INSERT INTO tbl_objetos VALUES("14","EDITAR_USARIOS","Objeto mantenimiento usuarios.","ADMIN","2022-03-04","0000-00-00","");
INSERT INTO tbl_objetos VALUES("15","EDITAR_PERSONAS","Objeto mantenimiento personas.","ADMIN","2022-03-04","0000-00-00","");
INSERT INTO tbl_objetos VALUES("16","ESTUDIANTES","Objeto mantenimiento estudiantes.","ADMIN","2022-03-04","0000-00-00","");
INSERT INTO tbl_objetos VALUES("17","TIPO_SOCIOECONOMICO","Objeto mantenimiento tipo socioeconomico.","ADMIN","2022-03-04","0000-00-00","");
INSERT INTO tbl_objetos VALUES("18","CONTENIDO_SOCIOECONOMICO","Objeto mantenimiento contenido socioeconomico.","ADMIN","2022-03-04","0000-00-00","");
INSERT INTO tbl_objetos VALUES("19","MODALIDAD","Objeto mantenimiento modalidad","ADMIN","2022-03-04","0000-00-00","");
INSERT INTO tbl_objetos VALUES("20","CARGA_ACADEMICA","Objeto mantenimiento carga académica.","ADMIN","2022-03-04","0000-00-00","");
INSERT INTO tbl_objetos VALUES("21","AREA","Objeto mantenimiento de área.","ADMIN","2022-03-04","0000-00-00","");
INSERT INTO tbl_objetos VALUES("22","TUTORIA","Objeto mantenimiento de tutoria.","ADMIN","2022-03-04","0000-00-00","");
INSERT INTO tbl_objetos VALUES("23","MATRICULA","Objeto mantenimiento matricula.","ADMIN","2022-03-04","0000-00-00","");
INSERT INTO tbl_objetos VALUES("24","CALIFICACIONES","Objeto mantenimiento calificaciones","ADMIN","2022-03-04","0000-00-00","");
INSERT INTO tbl_objetos VALUES("25","GESTION_PERSONAS","Gestion complete de personas.","","0000-00-00","0000-00-00","");
INSERT INTO tbl_objetos VALUES("26","GESTION_ESTUDIANTES","OBJETO DE GESTION DE LOS ESTUDIANTES","ADMIN","2022-03-10","0000-00-00","");
INSERT INTO tbl_objetos VALUES("27","GESTION_SEGURIDAD","GESTION DE SEGURIDAD","ADMIN","2022-03-10","0000-00-00","");
INSERT INTO tbl_objetos VALUES("28","GESTION_CARGA_ACADEMICA","OBJETO DE GESTION DE LA CARGA ACADEMICA","ADMIN","2022-03-10","0000-00-00","");
INSERT INTO tbl_objetos VALUES("29","GESTION_MATRICULA","OBJETO DE GESTION DE LAS MATRICULAS DE LOS ALUMNOS","ADMIN","2022-03-10","0000-00-00","");
INSERT INTO tbl_objetos VALUES("30","GESTION_AREA_MEDICA","OBJETO DE GESTION DE LAS CITAS MEDICAS","ADMIN","2022-03-10","0000-00-00","");
INSERT INTO tbl_objetos VALUES("31","GESTION_AREA_PSICOLOGIA","OBJETO DEL AREA PSICOLOGICA","ADMIN","2022-03-18","0000-00-00","");
INSERT INTO tbl_objetos VALUES("32","GESTION_DE_CITAS","DED","","2022-03-27","0000-00-00","");
INSERT INTO tbl_objetos VALUES("33","GESTIONFAMILIARES","PERMISOS PARA INSERTAR DATOS SOCIECONOMICOS FAMILIARES","","2022-03-31","0000-00-00","");
INSERT INTO tbl_objetos VALUES("34","RECETAMEDICA","CRUD Y PROCESO","","2022-04-07","0000-00-00","");
INSERT INTO tbl_objetos VALUES("35","MEDICAMENTOS","PERMISO MEDICAMENTOS","","2022-04-07","0000-00-00","");
INSERT INTO tbl_objetos VALUES("36","TRANSTORNOS","PERMISO PARA EL MANTENIMIENTO","","2022-04-07","0000-00-00","");
INSERT INTO tbl_objetos VALUES("37","TIPOSANGRE","MANTENIMIENTO TIPO SANGRE","","2022-04-08","0000-00-00","");
INSERT INTO tbl_objetos VALUES("38","GESTION_TUTOR ACADEMICO","AREA DEL TUTOR ACADEMICO  ","","2022-04-21","2022-05-06","ADMIN");
INSERT INTO tbl_objetos VALUES("39","ALERGIAS","OBJETO MANTENIMIENTO ALEGIAS","","2022-04-23","0000-00-00","");
INSERT INTO tbl_objetos VALUES("40","APARIENCIA FISICA","OBJETO MANTENIMIENTO APARIENCIA","","2022-04-23","0000-00-00","");
INSERT INTO tbl_objetos VALUES("41","ESPECIALIDADES","OBJETO MANTENIMIENTO ESPECIALIDADES","","2022-04-23","0000-00-00","");
INSERT INTO tbl_objetos VALUES("42","EXAMENES MEDICOS","OBJETO MANTENIMIENTO EXAMENES","","2022-04-23","0000-00-00","");
INSERT INTO tbl_objetos VALUES("43","FAMILIARES","OBETO MANTENIMIENTO FAMILIARES","","2022-04-23","0000-00-00","");
INSERT INTO tbl_objetos VALUES("44","PARENTESCO","OBJETO MANTENIMIENTO PARANTESCO","","2022-04-23","0000-00-00","");
INSERT INTO tbl_objetos VALUES("45","SACRAMENTO","OBJETO MANTENIMIENTO SACRAMENTOS","","2022-04-23","0000-00-00","");
INSERT INTO tbl_objetos VALUES("46","SECCION ","OBJETO MANTENIMIENTO SECCIONES","","2022-04-23","0000-00-00","");
INSERT INTO tbl_objetos VALUES("47","SINTOMAS NEUROTICOS","OBJETO MANTENIMIENTO SINTOMAS NEUROTICOS","","2022-04-23","0000-00-00","");
INSERT INTO tbl_objetos VALUES("48","CITAS GENERALES","OBJETO CITAS GENERALES","","2022-04-23","0000-00-00","");
INSERT INTO tbl_objetos VALUES("49","GESTION PRECLINICA","OBJETO DE GESTION PRECLINICA","","2022-04-24","0000-00-00","");
INSERT INTO tbl_objetos VALUES("50","PRECLINICA","OBJETO PARA VER PRECLINICA POR PARTE DE LOS MEDICOS","","2022-04-24","0000-00-00","");
INSERT INTO tbl_objetos VALUES("51","GESTION DE ESTUDIANTE","VER LO ASIGNADO A EL ESTUDIANTE.","ADMIN","2022-05-03","","");
INSERT INTO tbl_objetos VALUES("52","GESTION TUTOR ESPIRITUAL","AREA DEL TUTOR ESPIRITUAL","ALBERT","2022-05-06","","");
INSERT INTO tbl_objetos VALUES("53","CALIFICACIONES ESPIRITUALES","OBJETO QUE PERMITE CALIFICAR LAS TUTORIAS ESPIRITUALES","ADMIN","2022-05-20","","");



DROP TABLE IF EXISTS tbl_parametros;

CREATE TABLE `tbl_parametros` (
  `CODIGO_PARAMETRO` int(11) NOT NULL AUTO_INCREMENT,
  `PARAMETRO` varchar(100) COLLATE utf8mb4_bin NOT NULL,
  `VALOR` varchar(100) COLLATE utf8mb4_bin DEFAULT NULL,
  `CREADO_POR_USUARIO` varchar(20) COLLATE utf8mb4_bin DEFAULT NULL,
  `FECHA_CREACION` date NOT NULL,
  `FECHA_MODIFICACION` date DEFAULT NULL,
  `MODIFICADO_POR` varchar(20) COLLATE utf8mb4_bin DEFAULT NULL,
  PRIMARY KEY (`CODIGO_PARAMETRO`)
) ENGINE=InnoDB AUTO_INCREMENT=22 DEFAULT CHARSET=utf8mb4 COLLATE=utf8mb4_bin;

INSERT INTO tbl_parametros VALUES("1","NUM_INTEN_VALIDOS","3","Administrador","2022-02-07","2022-03-10","ADMIN");
INSERT INTO tbl_parametros VALUES("2","NUM_MAX_PREGUNTAS","1","Administrador","2022-02-07","2022-04-26","");
INSERT INTO tbl_parametros VALUES("3","NUM_MAX_CONTRASENAS","8","Administrador","2022-02-07","2022-03-10","ADMIN");
INSERT INTO tbl_parametros VALUES("4","NUM_MAX_CARACTER","15","Administrador","2022-02-07","2022-04-07","ADMIN");
INSERT INTO tbl_parametros VALUES("5","ADMIN_SERVIDOR_CORREO","smtp.gmail.com","","0000-00-00","","");
INSERT INTO tbl_parametros VALUES("6","ADMIN_CPASSWORD","Prosecar123*","Administrador","2022-02-23","0000-00-00","");
INSERT INTO tbl_parametros VALUES("7","ADMIN_CUSUARIO","prosecarinstancia@gmail.com","","0000-00-00","0000-00-00","");
INSERT INTO tbl_parametros VALUES("8","ADMIN_CPUERTO","587","ADMIN","2022-03-07","0000-00-00","");
INSERT INTO tbl_parametros VALUES("10","NOMBRE_EMPRESA","PROYECTO SEMILLERO CARMELITANO PROSECAR\n","ADMIN","2022-03-22","0000-00-00","");
INSERT INTO tbl_parametros VALUES("11","FECHAINICIAL","Y-m-d","ADMIN","0000-00-00","","");
INSERT INTO tbl_parametros VALUES("12","HORA_INICIO_ATENCIONCITA","09:00","ADMIN","0000-00-00","","");
INSERT INTO tbl_parametros VALUES("13","HORA_FINAL_ATENCIONCITA","18:00","ADMIN","0000-00-00","","");
INSERT INTO tbl_parametros VALUES("14","HORA_INICIO_CARGAACADEMICA","09:00","ADMIN","0000-00-00","","");
INSERT INTO tbl_parametros VALUES("15","HORA_FINAL_CARGAACADEMICA","18:00","ADMIN","0000-00-00","","");
INSERT INTO tbl_parametros VALUES("16","NUM_MIN_CARACTER","5","Administrador","2022-05-26","","");
INSERT INTO tbl_parametros VALUES("17","MAX_USUARIO","15","Administrador","2022-05-26","","");
INSERT INTO tbl_parametros VALUES("18","MIN_USUARIO","3","Administrador","2022-05-26","","");
INSERT INTO tbl_parametros VALUES("19","NUM_INTENTOS_PREGUNTAS","2","Administrador","2022-05-31","","");
INSERT INTO tbl_parametros VALUES("20","MIN_RESPUESTA_PREGUNTAS","4","","0000-00-00","","");
INSERT INTO tbl_parametros VALUES("21","MAX_RESPUESTA_PREGUNTAS","50","","0000-00-00","","");



DROP TABLE IF EXISTS tbl_parametros_usuarios;

CREATE TABLE `tbl_parametros_usuarios` (
  `CODIGO_PARAM_USUARIO` int(11) NOT NULL AUTO_INCREMENT,
  `CODIGO_USUARIO` int(5) DEFAULT NULL,
  `CODIGO_PARAMETRO` int(5) DEFAULT NULL,
  `PAR_VALOR` int(5) DEFAULT NULL,
  `CREADO_POR_USUARIO` varchar(20) COLLATE utf8mb4_bin DEFAULT NULL,
  `FECHA_CREACION` date NOT NULL,
  `FECHA_MODIFICACION` date DEFAULT NULL,
  `MODIFICADO_POR` varchar(20) COLLATE utf8mb4_bin DEFAULT NULL,
  PRIMARY KEY (`CODIGO_PARAM_USUARIO`),
  KEY `FK_CODPAR_USU` (`CODIGO_USUARIO`),
  KEY `FK_CODPAR_PAR` (`CODIGO_PARAMETRO`)
) ENGINE=InnoDB AUTO_INCREMENT=30 DEFAULT CHARSET=utf8mb4 COLLATE=utf8mb4_bin;

INSERT INTO tbl_parametros_usuarios VALUES("1","1","1","0","","0000-00-00","","");
INSERT INTO tbl_parametros_usuarios VALUES("2","2","1","2","","0000-00-00","","");
INSERT INTO tbl_parametros_usuarios VALUES("3","2","2","1","","0000-00-00","","");
INSERT INTO tbl_parametros_usuarios VALUES("4","2","3","0","","0000-00-00","","");
INSERT INTO tbl_parametros_usuarios VALUES("29","2","19","0","","0000-00-00","","");



DROP TABLE IF EXISTS tbl_parentesco;

CREATE TABLE `tbl_parentesco` (
  `CODIGO_PARENTESCO` int(11) NOT NULL AUTO_INCREMENT,
  `NOMBRE` varchar(50) DEFAULT NULL,
  PRIMARY KEY (`CODIGO_PARENTESCO`)
) ENGINE=InnoDB AUTO_INCREMENT=9 DEFAULT CHARSET=utf8mb4;

INSERT INTO tbl_parentesco VALUES("1","PADRE");
INSERT INTO tbl_parentesco VALUES("2","MADRE");
INSERT INTO tbl_parentesco VALUES("3","HERMANA");
INSERT INTO tbl_parentesco VALUES("4","HERMANO");
INSERT INTO tbl_parentesco VALUES("5","ABUELA");
INSERT INTO tbl_parentesco VALUES("6","ABUELO");
INSERT INTO tbl_parentesco VALUES("7","TIO");
INSERT INTO tbl_parentesco VALUES("8","TIA");



DROP TABLE IF EXISTS tbl_permisos;

CREATE TABLE `tbl_permisos` (
  `CODIGO_PERMISO` int(10) NOT NULL AUTO_INCREMENT,
  `CODIGO_TIPO_ROL` int(5) DEFAULT NULL,
  `CODIGO_OBJETO` int(5) DEFAULT NULL,
  `INSERTAR` varchar(5) COLLATE utf8mb4_bin DEFAULT NULL,
  `ELIMINAR` varchar(5) COLLATE utf8mb4_bin DEFAULT NULL,
  `ACTUALIZAR` varchar(5) COLLATE utf8mb4_bin DEFAULT NULL,
  `MOSTRAR` varchar(5) COLLATE utf8mb4_bin DEFAULT NULL,
  `CREADO_POR` varchar(15) COLLATE utf8mb4_bin DEFAULT NULL,
  `FECHA_CREACION` date DEFAULT NULL,
  `MODIFICADO_POR` varchar(15) COLLATE utf8mb4_bin DEFAULT NULL,
  `FECHA_MODIFICACION` date DEFAULT NULL,
  PRIMARY KEY (`CODIGO_PERMISO`),
  KEY `FK_CO_OBJECT` (`CODIGO_OBJETO`),
  KEY `FK_CO_TROL` (`CODIGO_TIPO_ROL`)
) ENGINE=InnoDB AUTO_INCREMENT=99 DEFAULT CHARSET=utf8mb4 COLLATE=utf8mb4_bin;

INSERT INTO tbl_permisos VALUES("1","1","1","SI","SI","SI","SI","Administrador","2022-03-02","$1","2022-04-26");
INSERT INTO tbl_permisos VALUES("3","2","24","SI","SI","SI","SI","Administrador","2022-03-02","$1","2022-04-24");
INSERT INTO tbl_permisos VALUES("4","4","1","NO","NO","NO","NO","","0000-00-00","$1","2022-04-26");
INSERT INTO tbl_permisos VALUES("5","3","1","SI","SI","SI","SI","ADMIN","2022-03-04","","0000-00-00");
INSERT INTO tbl_permisos VALUES("6","1","2","SI","SI","SI","SI","ADMIN","2022-03-04","$1","2022-04-26");
INSERT INTO tbl_permisos VALUES("7","1","19","SI","SI","SI","SI","ADMIN","2022-03-04","$1","2022-04-26");
INSERT INTO tbl_permisos VALUES("8","1","5","SI","SI","SI","SI","ADMIN","2022-03-05","ADMIN","2022-03-11");
INSERT INTO tbl_permisos VALUES("9","1","8","SI","NO","SI","SI","ADMIN","2022-03-05","","0000-00-00");
INSERT INTO tbl_permisos VALUES("10","1","10","SI","SI","SI","SI","ADMIN","2022-03-05","$1","2022-04-24");
INSERT INTO tbl_permisos VALUES("11","1","12","SI","SI","SI","SI","ADMIN","2022-03-05","$1","2022-04-26");
INSERT INTO tbl_permisos VALUES("12","1","15","SI","SI","SI","SI","ADMIN","2022-03-05","","0000-00-00");
INSERT INTO tbl_permisos VALUES("13","1","3","SI","SI","SI","SI","ADMIN","2022-03-07","$1","2022-04-26");
INSERT INTO tbl_permisos VALUES("14","1","4","SI","SI","SI","SI","ADMIN","2022-03-07","$1","2022-04-26");
INSERT INTO tbl_permisos VALUES("15","2","38","SI","SI","SI","SI","ADMIN","2022-03-08","ARNOLDIÑO","2022-04-21");
INSERT INTO tbl_permisos VALUES("17","1","25","SI","SI","SI","SI","","0000-00-00","$1","2022-04-25");
INSERT INTO tbl_permisos VALUES("18","1","26","SI","SI","SI","SI","ADMIN","2022-03-10","ADMIN","2022-03-10");
INSERT INTO tbl_permisos VALUES("19","1","27","SI","SI","SI","SI","ADMIN","2022-03-10","ADMIN","2022-03-10");
INSERT INTO tbl_permisos VALUES("20","2","28","NO","NO","NO","NO","ADMIN","2022-03-10","ARNOLDIÑO","2022-04-21");
INSERT INTO tbl_permisos VALUES("21","2","29","NO","NO","NO","NO","ADMIN","2022-03-10","ARNOLDIÑO","2022-04-21");
INSERT INTO tbl_permisos VALUES("22","1","9","SI","SI","SI","SI","ADMIN","2022-03-10","$1","2022-04-26");
INSERT INTO tbl_permisos VALUES("23","1","7","SI","SI","SI","SI","ADMIN","2022-03-12","$1","2022-04-26");
INSERT INTO tbl_permisos VALUES("24","5","30","SI","SI","SI","SI","ADMIN","2022-03-14","","0000-00-00");
INSERT INTO tbl_permisos VALUES("25","4","31","SI","SI","SI","SI","ADMIN","2022-03-18","","0000-00-00");
INSERT INTO tbl_permisos VALUES("26","1","32","SI","SI","SI","SI","","2022-03-27","","0000-00-00");
INSERT INTO tbl_permisos VALUES("27","1","22","SI","SI","SI","SI","","2022-04-03","$1","2022-04-26");
INSERT INTO tbl_permisos VALUES("29","5","34","SI","SI","SI","SI","ADMIN","2022-04-07","","0000-00-00");
INSERT INTO tbl_permisos VALUES("31","5","35","SI","SI","SI","SI","ADMIN","2022-04-07","$1","2022-04-26");
INSERT INTO tbl_permisos VALUES("32","1","28","SI","SI","SI","SI","LUISILLO","2022-04-07","ARNOLDIÑO","2022-04-21");
INSERT INTO tbl_permisos VALUES("33","1","29","SI","SI","SI","SI","LUISILLO","2022-04-07","$1","2022-04-25");
INSERT INTO tbl_permisos VALUES("34","5","36","SI","SI","SI","SI","LUISILLO","2022-04-07","$1","2022-04-26");
INSERT INTO tbl_permisos VALUES("35","5","37","SI","SI","SI","SI","ADMIN","2022-04-08","$1","2022-04-26");
INSERT INTO tbl_permisos VALUES("36","5","32","NO","NO","NO","NO","","2022-04-14","ADMIN","2022-04-14");
INSERT INTO tbl_permisos VALUES("37","1","33","SI","SI","SI","SI","","2022-04-14","ARNOLDIÑO","2022-04-20");
INSERT INTO tbl_permisos VALUES("38","1","21","SI","SI","SI","SI","","2022-04-23","$1","2022-04-26");
INSERT INTO tbl_permisos VALUES("39","5","39","SI","SI","SI","SI","","2022-04-23","$1","2022-04-26");
INSERT INTO tbl_permisos VALUES("40","5","40","SI","SI","SI","SI","","2022-04-23","$1","2022-04-26");
INSERT INTO tbl_permisos VALUES("41","1","20","SI","SI","SI","SI","","2022-04-23","$1","2022-04-26");
INSERT INTO tbl_permisos VALUES("42","1","48","SI","SI","SI","SI","","2022-04-23","$1","2022-04-24");
INSERT INTO tbl_permisos VALUES("43","1","23","SI","SI","SI","SI","","2022-04-24","$1","2022-04-25");
INSERT INTO tbl_permisos VALUES("44","1","16","SI","SI","SI","SI","","2022-04-24","$1","2022-04-24");
INSERT INTO tbl_permisos VALUES("45","1","43","SI","SI","SI","SI","","2022-04-24","$1","2022-04-25");
INSERT INTO tbl_permisos VALUES("46","1","6","SI","SI","SI","SI","","2022-04-24","$1","2022-04-26");
INSERT INTO tbl_permisos VALUES("47","1","45","SI","SI","SI","SI","","2022-04-24","$1","2022-04-26");
INSERT INTO tbl_permisos VALUES("48","1","18","SI","SI","SI","SI","","2022-04-24","$1","2022-04-26");
INSERT INTO tbl_permisos VALUES("49","1","17","SI","SI","SI","SI","","2022-04-24","$1","2022-04-26");
INSERT INTO tbl_permisos VALUES("50","1","46","SI","SI","SI","SI","","2022-04-24","$1","2022-04-26");
INSERT INTO tbl_permisos VALUES("51","1","41","SI","SI","SI","SI","","2022-04-24","$1","2022-04-26");
INSERT INTO tbl_permisos VALUES("52","5","42","SI","SI","SI","SI","","2022-04-24","$1","2022-04-26");
INSERT INTO tbl_permisos VALUES("53","7","49","SI","SI","SI","SI","","2022-04-24","","0000-00-00");
INSERT INTO tbl_permisos VALUES("54","5","50","SI","SI","SI","SI","","2022-04-24","$1","2022-04-24");
INSERT INTO tbl_permisos VALUES("55","1","14","SI","NO","SI","SI","","2022-04-26","","0000-00-00");
INSERT INTO tbl_permisos VALUES("56","9","27","SI","SI","SI","SI","","2022-05-03","","0000-00-00");
INSERT INTO tbl_permisos VALUES("57","9","5","SI","SI","SI","SI","","2022-05-03","","0000-00-00");
INSERT INTO tbl_permisos VALUES("58","9","20","SI","SI","SI","SI","","2022-05-03","","0000-00-00");
INSERT INTO tbl_permisos VALUES("59","9","28","SI","SI","SI","SI","","2022-05-03","","0000-00-00");
INSERT INTO tbl_permisos VALUES("60","9","13","SI","SI","SI","SI","","2022-05-03","","0000-00-00");
INSERT INTO tbl_permisos VALUES("61","9","15","SI","SI","SI","SI","","2022-05-03","","0000-00-00");
INSERT INTO tbl_permisos VALUES("62","9","25","SI","SI","SI","SI","","2022-05-03","","0000-00-00");
INSERT INTO tbl_permisos VALUES("63","9","26","SI","SI","SI","SI","","2022-05-03","","0000-00-00");
INSERT INTO tbl_permisos VALUES("64","9","29","SI","SI","SI","SI","","2022-05-03","","0000-00-00");
INSERT INTO tbl_permisos VALUES("65","9","23","SI","SI","SI","SI","","2022-05-03","","0000-00-00");
INSERT INTO tbl_permisos VALUES("66","9","6","SI","SI","SI","SI","","2022-05-03","","0000-00-00");
INSERT INTO tbl_permisos VALUES("67","9","30","SI","SI","SI","SI","","2022-05-03","","0000-00-00");
INSERT INTO tbl_permisos VALUES("68","9","32","SI","SI","SI","SI","","2022-05-03","","0000-00-00");
INSERT INTO tbl_permisos VALUES("69","9","31","SI","SI","SI","SI","","2022-05-04","","0000-00-00");
INSERT INTO tbl_permisos VALUES("70","9","33","SI","SI","SI","SI","","2022-05-04","","0000-00-00");
INSERT INTO tbl_permisos VALUES("71","9","10","SI","SI","SI","SI","","2022-05-04","","0000-00-00");
INSERT INTO tbl_permisos VALUES("72","9","7","SI","SI","SI","SI","","2022-05-04","","0000-00-00");
INSERT INTO tbl_permisos VALUES("73","9","38","SI","SI","SI","SI","","2022-05-04","","0000-00-00");
INSERT INTO tbl_permisos VALUES("74","9","52","SI","SI","SI","SI","","2022-05-06","","0000-00-00");
INSERT INTO tbl_permisos VALUES("75","6","52","SI","SI","SI","SI","","2022-05-06","","0000-00-00");
INSERT INTO tbl_permisos VALUES("76","9","9","SI","SI","SI","SI","","2022-05-21","","0000-00-00");
INSERT INTO tbl_permisos VALUES("77","9","14","SI","SI","SI","SI","","2022-05-21","","0000-00-00");
INSERT INTO tbl_permisos VALUES("78","9","46","SI","SI","SI","SI","","2022-05-25","","0000-00-00");
INSERT INTO tbl_permisos VALUES("79","9","45","SI","SI","SI","SI","","2022-05-25","","0000-00-00");
INSERT INTO tbl_permisos VALUES("80","6","53","SI","SI","SI","SI","","2022-05-25","","0000-00-00");
INSERT INTO tbl_permisos VALUES("81","8","16","SI","SI","SI","SI","","2022-05-25","","0000-00-00");
INSERT INTO tbl_permisos VALUES("82","8","51","SI","SI","SI","SI","","2022-05-25","","0000-00-00");
INSERT INTO tbl_permisos VALUES("83","1","44","SI","SI","SI","SI","","2022-06-04","","0000-00-00");
INSERT INTO tbl_permisos VALUES("84","9","12","SI","SI","SI","SI","","2022-06-05","","0000-00-00");
INSERT INTO tbl_permisos VALUES("85","9","41","SI","SI","SI","SI","","2022-06-05","","0000-00-00");
INSERT INTO tbl_permisos VALUES("86","9","16","SI","SI","SI","SI","","2022-06-05","","0000-00-00");
INSERT INTO tbl_permisos VALUES("87","9","43","SI","SI","SI","SI","","2022-06-05","","0000-00-00");
INSERT INTO tbl_permisos VALUES("88","9","17","SI","SI","SI","SI","","2022-06-05","","0000-00-00");
INSERT INTO tbl_permisos VALUES("89","9","18","SI","SI","SI","SI","","2022-06-05","","0000-00-00");
INSERT INTO tbl_permisos VALUES("90","9","44","SI","SI","SI","SI","","2022-06-05","","0000-00-00");
INSERT INTO tbl_permisos VALUES("91","9","48","SI","SI","SI","SI","","2022-06-05","","0000-00-00");
INSERT INTO tbl_permisos VALUES("92","9","22","SI","SI","SI","SI","","2022-06-05","","0000-00-00");
INSERT INTO tbl_permisos VALUES("93","9","19","SI","SI","SI","SI","","2022-06-05","","0000-00-00");
INSERT INTO tbl_permisos VALUES("94","9","2","SI","SI","SI","SI","","2022-06-05","","0000-00-00");
INSERT INTO tbl_permisos VALUES("95","9","4","SI","SI","SI","SI","","2022-06-05","","0000-00-00");
INSERT INTO tbl_permisos VALUES("96","9","1","SI","SI","SI","SI","","2022-06-05","","0000-00-00");
INSERT INTO tbl_permisos VALUES("97","9","3","SI","SI","SI","SI","","2022-06-05","","0000-00-00");
INSERT INTO tbl_permisos VALUES("98","9","21","SI","SI","SI","SI","","2022-06-05","","0000-00-00");



DROP TABLE IF EXISTS tbl_persona;

CREATE TABLE `tbl_persona` (
  `CODIGO_PERSONA` int(11) NOT NULL AUTO_INCREMENT,
  `PRIMER_NOMBRE` varchar(20) COLLATE utf8mb4_bin NOT NULL,
  `SEGUNDO_NOMBRE` varchar(20) COLLATE utf8mb4_bin DEFAULT NULL,
  `PRIMER_APELLIDO` varchar(20) COLLATE utf8mb4_bin DEFAULT NULL,
  `SEGUNDO_APELLIDO` varchar(20) COLLATE utf8mb4_bin DEFAULT NULL,
  `DNI` varchar(15) COLLATE utf8mb4_bin DEFAULT NULL,
  `SEXO` char(1) COLLATE utf8mb4_bin DEFAULT NULL,
  `FECHA_NACIMIENTO` date DEFAULT NULL,
  `LUGAR_NACIMIENTO` varchar(30) COLLATE utf8mb4_bin DEFAULT NULL,
  `DIRECCION` varchar(500) COLLATE utf8mb4_bin NOT NULL,
  `FECHA_INSCRIPCION` date DEFAULT NULL,
  `FECHA_BAJA` date DEFAULT NULL,
  `CODIGO_TIPO_PERSONA` int(5) NOT NULL,
  `CREADO_POR_USUARIO` varchar(20) COLLATE utf8mb4_bin DEFAULT NULL,
  `FECHA_CREACION` date NOT NULL,
  `MODIFICADO_POR` varchar(20) COLLATE utf8mb4_bin DEFAULT NULL,
  `FECHA_MODIFICACION` date DEFAULT NULL,
  PRIMARY KEY (`CODIGO_PERSONA`),
  KEY `FK_COD_TIP_PERSONA` (`CODIGO_TIPO_PERSONA`),
  KEY `FK_SEX_PERSONA` (`SEXO`)
) ENGINE=InnoDB AUTO_INCREMENT=11 DEFAULT CHARSET=utf8mb4 COLLATE=utf8mb4_bin;

INSERT INTO tbl_persona VALUES("1","ADMIN","ADMIN","ADMIN","ADMIN","0801200017878","M","2010-12-01","TEGUCIGALPA","COL TEGUCIGALPA","2022-05-25","","3","","2022-05-25","","");
INSERT INTO tbl_persona VALUES("2","ROBERTO","PEDRO","GARCIA","FUENTES","080119801487497","M","1995-08-05","TEGUCIGALPA","LA LAGUNA","2022-05-25","","1","ADMIN","0000-00-00","","");



DROP TABLE IF EXISTS tbl_persona_especialidad;

CREATE TABLE `tbl_persona_especialidad` (
  `CODIGO_PERSONA_ESPECIALIDAD` int(11) NOT NULL AUTO_INCREMENT,
  `CODIGO_PERSONA` int(5) NOT NULL,
  `CODIGO_ESPECIALIDAD` int(5) NOT NULL,
  `CREADO_POR_USUARIO` varchar(20) COLLATE utf8mb4_bin DEFAULT NULL,
  `FECHA_CREACION` date NOT NULL,
  `FECHA_MODIFICACION` date DEFAULT NULL,
  `MODIFICADO_POR` varchar(20) COLLATE utf8mb4_bin DEFAULT NULL,
  PRIMARY KEY (`CODIGO_PERSONA_ESPECIALIDAD`),
  KEY `FK_COD_ESP_PERSONA` (`CODIGO_PERSONA`),
  KEY `FK_COD_ESPECIALIDAD` (`CODIGO_ESPECIALIDAD`)
) ENGINE=InnoDB DEFAULT CHARSET=utf8mb4 COLLATE=utf8mb4_bin;




DROP TABLE IF EXISTS tbl_personas_alergias;

CREATE TABLE `tbl_personas_alergias` (
  `CODIGO_PERSONA_ALERGIAS` int(5) NOT NULL AUTO_INCREMENT,
  `CODIGO_EXPEDIENTE_PERSONA` int(5) DEFAULT NULL,
  `CODIGO_ALERGIAS` int(5) DEFAULT NULL,
  PRIMARY KEY (`CODIGO_PERSONA_ALERGIAS`),
  KEY `cod_expe_fk` (`CODIGO_EXPEDIENTE_PERSONA`),
  KEY `cod_aler_fk` (`CODIGO_ALERGIAS`)
) ENGINE=InnoDB DEFAULT CHARSET=utf8mb4 COLLATE=utf8mb4_bin;




DROP TABLE IF EXISTS tbl_personas_apariencia;

CREATE TABLE `tbl_personas_apariencia` (
  `CODIGO_PERSONAS_APARIENCIA` int(5) NOT NULL AUTO_INCREMENT,
  `CODIGO_EXPEDIENTE` int(5) DEFAULT NULL,
  `CODIGO_APARIENCIA` int(5) DEFAULT NULL,
  PRIMARY KEY (`CODIGO_PERSONAS_APARIENCIA`),
  KEY `CODI_PER_APARI` (`CODIGO_APARIENCIA`),
  KEY `CODI_PER_EXPE_APA` (`CODIGO_EXPEDIENTE`)
) ENGINE=InnoDB DEFAULT CHARSET=utf8mb4 COLLATE=utf8mb4_bin;




DROP TABLE IF EXISTS tbl_personas_sintomas;

CREATE TABLE `tbl_personas_sintomas` (
  `CODIGO_PERSONA_SINTOMA` int(5) NOT NULL AUTO_INCREMENT,
  `CODIGO_EXPEDIENTE` int(5) DEFAULT NULL,
  `CODIGO_SINTOMA_NEUROTICO` int(5) DEFAULT NULL,
  PRIMARY KEY (`CODIGO_PERSONA_SINTOMA`),
  KEY `COD_EXP_PPSICO` (`CODIGO_EXPEDIENTE`),
  KEY `COD_SINT_PP` (`CODIGO_SINTOMA_NEUROTICO`)
) ENGINE=InnoDB DEFAULT CHARSET=utf8mb4 COLLATE=utf8mb4_bin;




DROP TABLE IF EXISTS tbl_personas_transtornos;

CREATE TABLE `tbl_personas_transtornos` (
  `CODIGO_PERSONAS_TRANSTORNOS` int(11) NOT NULL AUTO_INCREMENT,
  `CODIGO_EXPEDIENTE` int(5) DEFAULT NULL,
  `CODIGO_TRANSTORNO` int(5) DEFAULT NULL,
  PRIMARY KEY (`CODIGO_PERSONAS_TRANSTORNOS`),
  KEY `CODI_PER_EXPE` (`CODIGO_EXPEDIENTE`),
  KEY `CODI_PER_TRANST` (`CODIGO_TRANSTORNO`)
) ENGINE=InnoDB DEFAULT CHARSET=utf8mb4 COLLATE=utf8mb4_bin;




DROP TABLE IF EXISTS tbl_plan_terapeutico;

CREATE TABLE `tbl_plan_terapeutico` (
  `CODIGO_PLAN` int(5) NOT NULL AUTO_INCREMENT,
  `CODIGO_CONSULTA` int(5) DEFAULT NULL,
  `ACTIVIDAD` varchar(300) COLLATE utf8mb4_bin NOT NULL,
  `TECNICA` varchar(600) COLLATE utf8mb4_bin NOT NULL,
  `MATERIALES` varchar(300) COLLATE utf8mb4_bin NOT NULL,
  `TAREAS` varchar(300) COLLATE utf8mb4_bin NOT NULL,
  `RESULTADOS` varchar(600) COLLATE utf8mb4_bin NOT NULL,
  PRIMARY KEY (`CODIGO_PLAN`),
  KEY `COD_CONSUL_PSICO_FK` (`CODIGO_CONSULTA`)
) ENGINE=InnoDB DEFAULT CHARSET=utf8mb4 COLLATE=utf8mb4_bin;




DROP TABLE IF EXISTS tbl_preclinica;

CREATE TABLE `tbl_preclinica` (
  `CODIGO_PRECLINICA` int(11) NOT NULL AUTO_INCREMENT,
  `CODIGO_CITA` int(5) NOT NULL,
  `PESO` varchar(10) COLLATE utf8mb4_bin DEFAULT NULL,
  `MASA_CORPORAL` varchar(30) COLLATE utf8mb4_bin DEFAULT NULL,
  `ESTATURA` varchar(10) COLLATE utf8mb4_bin DEFAULT NULL,
  `TEMPERATURA` varchar(30) COLLATE utf8mb4_bin NOT NULL,
  `PULSO` varchar(30) COLLATE utf8mb4_bin NOT NULL,
  `FRECUENCIA_CARDIACA` varchar(10) COLLATE utf8mb4_bin DEFAULT NULL,
  `FRECUENCIA_RESPIRATORIA` varchar(10) COLLATE utf8mb4_bin DEFAULT NULL,
  `DESNUTRICION` varchar(40) COLLATE utf8mb4_bin DEFAULT NULL,
  `CREADO_POR` varchar(20) COLLATE utf8mb4_bin DEFAULT NULL,
  `FECHA_CREACION` date NOT NULL,
  `FECHA_MODIFICACION` date DEFAULT NULL,
  `MODIFICADO_POR` varchar(20) COLLATE utf8mb4_bin DEFAULT NULL,
  PRIMARY KEY (`CODIGO_PRECLINICA`),
  KEY `FK_CODIGO_CITA_PREC` (`CODIGO_CITA`)
) ENGINE=InnoDB DEFAULT CHARSET=utf8mb4 COLLATE=utf8mb4_bin;




DROP TABLE IF EXISTS tbl_preguntas;

CREATE TABLE `tbl_preguntas` (
  `CODIGO_PREGUNTAS` int(11) NOT NULL AUTO_INCREMENT,
  `PREGUNTA` varchar(60) COLLATE utf8mb4_bin NOT NULL,
  `CREADO_POR_USUARIO` varchar(20) COLLATE utf8mb4_bin DEFAULT NULL,
  `FECHA_CREACION` date DEFAULT NULL,
  `MODIFICADO_POR` varchar(30) COLLATE utf8mb4_bin DEFAULT NULL,
  `FECHA_MODIFICACION` date DEFAULT NULL,
  PRIMARY KEY (`CODIGO_PREGUNTAS`)
) ENGINE=InnoDB AUTO_INCREMENT=7 DEFAULT CHARSET=utf8mb4 COLLATE=utf8mb4_bin;

INSERT INTO tbl_preguntas VALUES("1","¿Cual es tu comida favorita?","Administrador","2022-02-06","ADMIN","2022-04-12");
INSERT INTO tbl_preguntas VALUES("2","¿Nombre de tu caricatura favorita de la infancia?","Administrador","2022-02-06","","0000-00-00");
INSERT INTO tbl_preguntas VALUES("3","¿Nombre de tu pelicula favorita de la infancia?","Administrador","0000-00-00","","0000-00-00");
INSERT INTO tbl_preguntas VALUES("4","¿Pariente que mas admira?","Administrador","2022-02-02","","0000-00-00");
INSERT INTO tbl_preguntas VALUES("5","¿Nombre de mascota favorito?","Administrador","2022-02-01","","0000-00-00");
INSERT INTO tbl_preguntas VALUES("6","¿Un jugador de futbol favorito? "," ","2022-04-26","","");



DROP TABLE IF EXISTS tbl_preguntas_usuarios;

CREATE TABLE `tbl_preguntas_usuarios` (
  `CODIGO_PREGUNTA_USUARIO` int(11) NOT NULL AUTO_INCREMENT,
  `CODIGO_PREGUNTAS` int(5) DEFAULT NULL,
  `CODIGO_USUARIO` int(5) DEFAULT NULL,
  `RESPUESTA` varchar(60) COLLATE utf8mb4_bin NOT NULL,
  `CREADO_POR_USUARIO` varchar(20) COLLATE utf8mb4_bin DEFAULT NULL,
  `FECHA_CREACION` date DEFAULT NULL,
  `MODIFICADO_POR` varchar(30) COLLATE utf8mb4_bin DEFAULT NULL,
  `FECHA_MODIFICACION` date DEFAULT NULL,
  PRIMARY KEY (`CODIGO_PREGUNTA_USUARIO`),
  KEY `FK_CODPRE_PREU` (`CODIGO_PREGUNTAS`),
  KEY `FK_CODU_PREU` (`CODIGO_USUARIO`)
) ENGINE=InnoDB AUTO_INCREMENT=2 DEFAULT CHARSET=utf8mb4 COLLATE=utf8mb4_bin;

INSERT INTO tbl_preguntas_usuarios VALUES("1","1","2","POLLO","","","","");



DROP TABLE IF EXISTS tbl_receta_medica;

CREATE TABLE `tbl_receta_medica` (
  `CODIGO_RECETA_MEDICA` int(11) NOT NULL AUTO_INCREMENT,
  `CODIGO_CONSULTA` int(11) DEFAULT NULL,
  `CODIGO_MEDICAMENTO` varchar(10) DEFAULT NULL,
  `INDICACIONES_RECETA` varchar(500) DEFAULT NULL,
  `OBSERVACIONES` varchar(500) DEFAULT NULL,
  `FECHA_RECETA` date DEFAULT NULL,
  `CREADO_POR_USUARIO` varchar(20) NOT NULL,
  `FECHA_CREACION` date NOT NULL,
  `MODIFICADO_POR` varchar(20) DEFAULT NULL,
  `FECHA_MODIFICACION` date NOT NULL,
  PRIMARY KEY (`CODIGO_RECETA_MEDICA`),
  KEY `FK_CODIGO_CONSULTA_MEDICA` (`CODIGO_CONSULTA`),
  KEY `FK_CODIGO_MEDICAMENTO` (`CODIGO_MEDICAMENTO`)
) ENGINE=InnoDB DEFAULT CHARSET=utf8mb4;




DROP TABLE IF EXISTS tbl_roles;

CREATE TABLE `tbl_roles` (
  `CODIGO_TIPO_ROL` int(11) NOT NULL AUTO_INCREMENT,
  `NOMBRE` varchar(50) COLLATE utf8mb4_bin NOT NULL,
  `DESCRIPCION` varchar(255) COLLATE utf8mb4_bin DEFAULT NULL,
  `CREADO_POR_USUARIO` varchar(20) COLLATE utf8mb4_bin DEFAULT NULL,
  `FECHA_CREACION` date NOT NULL,
  `FECHA_MODIFICACION` date DEFAULT NULL,
  `MODIFICADO_POR` varchar(20) COLLATE utf8mb4_bin DEFAULT NULL,
  PRIMARY KEY (`CODIGO_TIPO_ROL`)
) ENGINE=InnoDB AUTO_INCREMENT=10 DEFAULT CHARSET=utf8mb4 COLLATE=utf8mb4_bin;

INSERT INTO tbl_roles VALUES("1","ADMINISTRADOR","Todos los permisos","Administrador","2022-02-11","2022-04-07","ADMIN");
INSERT INTO tbl_roles VALUES("2","TUTOR","Usuario con permisos al modulo de escuela","Administrador","2022-02-11","2022-03-11","ADMIN");
INSERT INTO tbl_roles VALUES("3","INDEFINIDO","Rol no definido para el usuario","","0000-00-00","2022-03-11","ADMIN");
INSERT INTO tbl_roles VALUES("4","PSICOLOGO","Área de psicología","","0000-00-00","2022-04-07","ADMIN");
INSERT INTO tbl_roles VALUES("5","MEDICO","area medica","","2022-03-09","2022-03-11","ADMIN");
INSERT INTO tbl_roles VALUES("6","CATEQUISTA","Área espiritual","","2022-03-09","2022-05-05","ALBERT");
INSERT INTO tbl_roles VALUES("7","ENFERMERO","Area Medica","","2022-04-23","0000-00-00","");
INSERT INTO tbl_roles VALUES("8","ESTUDIANTE","El usuario solo permitirá ver las citas y tutorías que tiene este.  ","ADMIN","2022-05-03","","");
INSERT INTO tbl_roles VALUES("9","SUPER USUARIO","Este tipo de rol, solo sera asignado al usuario admin que es el único que tendrá cero limitaciones.","ADMIN","2022-05-03","","");



DROP TABLE IF EXISTS tbl_sacramento;

CREATE TABLE `tbl_sacramento` (
  `CODIGO_SACRAMENTO` int(11) NOT NULL AUTO_INCREMENT,
  `NOMBRE` varchar(20) COLLATE utf8mb4_bin NOT NULL,
  `DESCRIPCION` varchar(30) COLLATE utf8mb4_bin DEFAULT NULL,
  PRIMARY KEY (`CODIGO_SACRAMENTO`)
) ENGINE=InnoDB AUTO_INCREMENT=5 DEFAULT CHARSET=utf8mb4 COLLATE=utf8mb4_bin;

INSERT INTO tbl_sacramento VALUES("1","BAUTISMO","PRIMER SACRAMENTO\n");
INSERT INTO tbl_sacramento VALUES("2","PRIMERA COMUNION","SEGUNDO SACRAMENTO");
INSERT INTO tbl_sacramento VALUES("3","CONFIRMA","TERCER SACRAMENTO");
INSERT INTO tbl_sacramento VALUES("4","NINGUNO","No tiene ningún sacramento.");



DROP TABLE IF EXISTS tbl_sacramento_persona;

CREATE TABLE `tbl_sacramento_persona` (
  `CODIGO_CORRELATIVO` int(11) NOT NULL AUTO_INCREMENT,
  `CODIGO_PERSONA` int(5) DEFAULT NULL,
  `CODIGO_SACRAMENTO` int(5) DEFAULT NULL,
  PRIMARY KEY (`CODIGO_CORRELATIVO`),
  KEY `FK_CP_SACRAMENTO` (`CODIGO_PERSONA`),
  KEY `FK_CS_SACRAMENTO` (`CODIGO_SACRAMENTO`)
) ENGINE=InnoDB DEFAULT CHARSET=utf8mb4 COLLATE=utf8mb4_bin;




DROP TABLE IF EXISTS tbl_seccion;

CREATE TABLE `tbl_seccion` (
  `CODIGO_SECCION` int(11) NOT NULL AUTO_INCREMENT,
  `NOMBRE` varchar(30) COLLATE utf8mb4_bin NOT NULL,
  `DESCRIPCION` varchar(200) COLLATE utf8mb4_bin DEFAULT NULL,
  PRIMARY KEY (`CODIGO_SECCION`)
) ENGINE=InnoDB AUTO_INCREMENT=2 DEFAULT CHARSET=utf8mb4 COLLATE=utf8mb4_bin;

INSERT INTO tbl_seccion VALUES("1","SECCION A","primer ingreso");



DROP TABLE IF EXISTS tbl_sexo;

CREATE TABLE `tbl_sexo` (
  `CODIGO_SEXO` char(1) COLLATE utf8mb4_bin NOT NULL,
  `SEXO` varchar(15) COLLATE utf8mb4_bin NOT NULL,
  PRIMARY KEY (`CODIGO_SEXO`)
) ENGINE=InnoDB DEFAULT CHARSET=utf8mb4 COLLATE=utf8mb4_bin;

INSERT INTO tbl_sexo VALUES("F","FEMENINO");
INSERT INTO tbl_sexo VALUES("M","MASCULINO");



DROP TABLE IF EXISTS tbl_sintomas_neuroticos;

CREATE TABLE `tbl_sintomas_neuroticos` (
  `CODIGO_SINTOMA_NEUROTICO` int(11) NOT NULL AUTO_INCREMENT,
  `TIPO` varchar(100) COLLATE utf8mb4_bin DEFAULT NULL,
  PRIMARY KEY (`CODIGO_SINTOMA_NEUROTICO`)
) ENGINE=InnoDB AUTO_INCREMENT=4 DEFAULT CHARSET=utf8mb4 COLLATE=utf8mb4_bin;

INSERT INTO tbl_sintomas_neuroticos VALUES("1","PESADILLAS");
INSERT INTO tbl_sintomas_neuroticos VALUES("2","CONVULSIONES");
INSERT INTO tbl_sintomas_neuroticos VALUES("3","NINGUNO");



DROP TABLE IF EXISTS tbl_telefono;

CREATE TABLE `tbl_telefono` (
  `NUMERO_TELEFONO` int(8) NOT NULL AUTO_INCREMENT,
  `CODIGO_PERSONA` int(5) DEFAULT NULL,
  PRIMARY KEY (`NUMERO_TELEFONO`),
  KEY `Numero_perso` (`CODIGO_PERSONA`)
) ENGINE=InnoDB AUTO_INCREMENT=98743939 DEFAULT CHARSET=utf8mb4 COLLATE=utf8mb4_bin;

INSERT INTO tbl_telefono VALUES("32978788","2");



DROP TABLE IF EXISTS tbl_tipo_persona;

CREATE TABLE `tbl_tipo_persona` (
  `CODIGO_TIPO_PERSONA` int(11) NOT NULL AUTO_INCREMENT,
  `NOMBRE` varchar(30) COLLATE utf8mb4_bin NOT NULL,
  PRIMARY KEY (`CODIGO_TIPO_PERSONA`)
) ENGINE=InnoDB AUTO_INCREMENT=10 DEFAULT CHARSET=utf8mb4 COLLATE=utf8mb4_bin;

INSERT INTO tbl_tipo_persona VALUES("1","ADMINISTRADOR");
INSERT INTO tbl_tipo_persona VALUES("2","TUTOR");
INSERT INTO tbl_tipo_persona VALUES("3","NODEFINIDO");
INSERT INTO tbl_tipo_persona VALUES("4","ESTUDIANTE");
INSERT INTO tbl_tipo_persona VALUES("5","MEDICO");
INSERT INTO tbl_tipo_persona VALUES("6","PSICOLOGO");
INSERT INTO tbl_tipo_persona VALUES("7","FAMILIAR");
INSERT INTO tbl_tipo_persona VALUES("8","CATEQUISTA");
INSERT INTO tbl_tipo_persona VALUES("9","ENFERMERO");



DROP TABLE IF EXISTS tbl_tipo_sangre;

CREATE TABLE `tbl_tipo_sangre` (
  `CODIGO_TIPO_SANGRE` int(11) NOT NULL AUTO_INCREMENT,
  `TIPO` varchar(15) COLLATE utf8mb4_bin NOT NULL,
  `CREADO_POR` varchar(20) COLLATE utf8mb4_bin DEFAULT NULL,
  `FECHA_CREACION` date NOT NULL,
  `FECHA_MODIFICACION` date DEFAULT NULL,
  `MODIFICADO_POR` varchar(20) COLLATE utf8mb4_bin DEFAULT NULL,
  PRIMARY KEY (`CODIGO_TIPO_SANGRE`)
) ENGINE=InnoDB AUTO_INCREMENT=4 DEFAULT CHARSET=utf8mb4 COLLATE=utf8mb4_bin;

INSERT INTO tbl_tipo_sangre VALUES("1","TIPOA","ADMIN","2022-03-31","0000-00-00","");
INSERT INTO tbl_tipo_sangre VALUES("2","TIPOB","ADMIN","2022-03-31","0000-00-00","");
INSERT INTO tbl_tipo_sangre VALUES("3","TIPOC"," LUISMIGUEL","2022-04-07","2022-04-07","LUISMIGUEL");



DROP TABLE IF EXISTS tbl_tipo_socioeconomico;

CREATE TABLE `tbl_tipo_socioeconomico` (
  `CODIGO_TIPOSOCIO` int(11) NOT NULL AUTO_INCREMENT,
  `TIPO` varchar(100) COLLATE utf8mb4_bin NOT NULL,
  `DESCRIPCION` varchar(255) COLLATE utf8mb4_bin DEFAULT NULL,
  `CREADO_POR` varchar(20) COLLATE utf8mb4_bin DEFAULT NULL,
  `FECHA_CREACION` date NOT NULL,
  `FECHA_MODIFICACION` date DEFAULT NULL,
  `MODIFICADO_POR` varchar(20) COLLATE utf8mb4_bin DEFAULT NULL,
  PRIMARY KEY (`CODIGO_TIPOSOCIO`)
) ENGINE=InnoDB AUTO_INCREMENT=5 DEFAULT CHARSET=utf8mb4 COLLATE=utf8mb4_bin;

INSERT INTO tbl_tipo_socioeconomico VALUES("1","DISPOSITIVO ELECTRONICO","Dispositivos de los ","ADMIN","2022-04-07","0000-00-00","");
INSERT INTO tbl_tipo_socioeconomico VALUES("2","SERVICIOS DE INTERNET","","","2022-04-07","0000-00-00","");
INSERT INTO tbl_tipo_socioeconomico VALUES("3","PROVEEDOR DE INGRESO","","","2022-04-07","0000-00-00","");
INSERT INTO tbl_tipo_socioeconomico VALUES("4","SERVICIOS BASICOS","","","2022-04-07","0000-00-00","");



DROP TABLE IF EXISTS tbl_transtornos_corporales;

CREATE TABLE `tbl_transtornos_corporales` (
  `CODIGO_TRANSTORNO` int(11) NOT NULL AUTO_INCREMENT,
  `TIPO` varchar(100) COLLATE utf8mb4_bin DEFAULT NULL,
  PRIMARY KEY (`CODIGO_TRANSTORNO`)
) ENGINE=InnoDB AUTO_INCREMENT=4 DEFAULT CHARSET=utf8mb4 COLLATE=utf8mb4_bin;

INSERT INTO tbl_transtornos_corporales VALUES("1","SISTEMA RESPIRATORIO");
INSERT INTO tbl_transtornos_corporales VALUES("2","SISTEMA DIGESTIVO");
INSERT INTO tbl_transtornos_corporales VALUES("3","NINGUNO");



DROP TABLE IF EXISTS tbl_tutoria;

CREATE TABLE `tbl_tutoria` (
  `CODIGO_TUTORIA` int(11) NOT NULL AUTO_INCREMENT,
  `CODIGO_AREA` int(5) NOT NULL,
  `NOMBRE` varchar(100) COLLATE utf8mb4_bin NOT NULL,
  `CREADO_POR` varchar(20) COLLATE utf8mb4_bin DEFAULT NULL,
  `FECHA_CREACION` date NOT NULL,
  `FECHA_MODIFICACION` date DEFAULT NULL,
  `MODIFICADO_POR` varchar(20) COLLATE utf8mb4_bin DEFAULT NULL,
  PRIMARY KEY (`CODIGO_TUTORIA`),
  KEY `FK_CODATREA_TUTO` (`CODIGO_AREA`)
) ENGINE=InnoDB AUTO_INCREMENT=3 DEFAULT CHARSET=utf8mb4 COLLATE=utf8mb4_bin;

INSERT INTO tbl_tutoria VALUES("1","1","MATEMATICAS","ROBERTO","2022-05-25","","");
INSERT INTO tbl_tutoria VALUES("2","4","CONFIRMACION","ROBERTO","2022-05-25","","");



DROP TABLE IF EXISTS tbl_usuario;

CREATE TABLE `tbl_usuario` (
  `CODIGO_USUARIO` int(11) NOT NULL AUTO_INCREMENT,
  `CODIGO_PERSONA` int(5) NOT NULL,
  `NOMBRE_USUARIO` varchar(50) COLLATE utf8mb4_bin NOT NULL,
  `CODIGO_ESTADO` int(5) NOT NULL,
  `CODIGO_TIPO_ROL` int(5) DEFAULT NULL,
  `CONTRASENA` varchar(255) COLLATE utf8mb4_bin NOT NULL,
  `FECHA_VENCIMIENTO` date DEFAULT NULL,
  `CREADO_POR` varchar(20) COLLATE utf8mb4_bin DEFAULT NULL,
  `FECHA_CREACION` date NOT NULL,
  `FECHA_MODIFICACION` date DEFAULT NULL,
  `MODIFICADO_POR` varchar(20) COLLATE utf8mb4_bin DEFAULT NULL,
  `IMAGEN` longblob NOT NULL,
  PRIMARY KEY (`CODIGO_USUARIO`),
  KEY `FK_CODPER_USU` (`CODIGO_PERSONA`),
  KEY `FK_CODROL_USU` (`CODIGO_TIPO_ROL`),
  KEY `FK_CODES_USU` (`CODIGO_ESTADO`)
) ENGINE=InnoDB AUTO_INCREMENT=10 DEFAULT CHARSET=utf8mb4 COLLATE=utf8mb4_bin;

INSERT INTO tbl_usuario VALUES("1","1","ADMIN","2","9","$2a$07$usesomesillystringforeDLU0KLdU3tCNprit2LU2PhciUHQJFsG","2022-07-24","","2022-05-25","","","PNG\n\n\0\0\0IHDR\0\0\0\0\0\0\0\0\0æ$\0\0\0sBITO\0\0\0	pHYs\0\0\0\0~sE\0\0\0tEXtSoftware\0www.inkscape.org<\0\0\0PLTE\0\0\0\0\0\0\0\0\0\0\0\0\0\0\0\0\0\0\0\0\0\0\0\0\0\0\0\0\0\0\0\0\0\0\0\0\0\0\0\0\0\0\0\0\0\0\0\0\0\0\0\0\0\0\0\0\0\0\0\0\0\0\0\0\0\0\0\0\0\0\0\0\0\0\0\0\0\0\0\0\0\0\0\0\0\0\0\0\0\0\0\0\0\0\0\0\0\0\0\0\0\0\0\0\0\0\0\0\0\0\0\0\0\0\0\0\0\0\0\0\0\0\0\0\0\0\0\0\0\0\0\0\0\0\0\0\0\0\0\0\0\0\0\0\0\0\0\0\0\0\0\0\0\0\0\0\0\0\0\0\0\0\0\0\0\0\0\0\0\0\0\0\0\0\0\0\0\0\0\0\0\0\0\0\0\0\0\0\0\0\0\0\0\0\0\0\0\0\0\0\0\0\0\0\0\0\0\0\0\0\0\0\0\0\0\0\0\0\0\0\0\0\0\0\0\0\0\0\0\0\0\0\0\0\0\0\0\0\0\0\0\0\0\0\0\0\0\0\0\0\0\0\0\0\0\0\0\0\0\0\0\0\0\0\0\0\0\0\0\0\0\0\0\0\0\0\0\0\0\0\0\0\0\0\0\0\0\0\0\0\0\0\0\0\0\0\0\0\0\0\0\0\0\0\0\0\0\0\0\0\0\0\0\0\0\0\0\0\0\0\0\0\0\0\0\0\0\0\0\0\0\0\0\0\0\0\0\0\0\0\0\0\0\0\0\0\0\0\0\0\0\0\0\0\0\0\0\0\0\0\0\0\0\0\0\0\0\0\0\0\0\0\0\0\0\0\0\0\0\0\0\0\0\0\0\0\0\0\0\0\0\0\0\0\0\0\0\0\0\0\0\0\0\0\0\0\0\0\0\0\0\0\0\0\0\0\0\0\0\0\0\0\0\0\0\0\0\0\0\0\0\0\0\0\0\0\0\0\0\0\0\0\0\0\0\0\0\0\0\0\0\0\0\0\0\0\0\0\0\0\0\0\0\0\0\0\0\0\0\0\0\0\0\0\0\0\0\0\0\0\0\0\0\0\0\0\0\0\0\0\0\0\0\0\0\0\0\0\0\0\0\0\0\0\0\0\0\0\0\0\0\0\0\0\0\0\0\0\0\0\0\0\0\0\0\0\0\0\0\0\0\0\0\0\0\0\0\0\0\0\0\0\0\0\0\0\0\0\0\0\0\0\0\0\0\0\0\0\0\0\0\0\0\0\0\0\0\0\0\0\0\0\0\0\0\0\0\0\0\0\0\0\0\0\0\0\0\0\0\0\0\0\0\0\0\0\0\0\0\0\0\0\0\0\0\0\0\0\0\0\0\0\0\0\0\0\0\0\0\0\0\0\0\0\0\0\0\0\0\0\0\0\0\0\0\0\0\0\0\0\0\0\0\0\0\0\0\0\0\0\0\0\0\0\0\0\0\0\0\0\0\0\0\0\0\0\0\0\0\0\0\0\0\0\0\0\0\0\0\0\0\0\0\0\0\0\0\0\0\0\0\0\0\0\0\0\0\0\0\0\0\0\0\0\0\0\0\0\0\0\0\0\0\0\0\0\0\0\0\0\0\0\0\0\0\0\0\0\0\0\0\0\0\0\0\0\0\0\0\0\0\0\0\0\0\0\0\0\0\0\0\0\0\0\0\0\0\0\0\0\0\0\0\0\0#\0\0\0tRNS\0	\n !\"#$%&\'()*+,-./0123456789:;<=>?@ABCDEFGHIJKLMNOPQRSTUVWXYZ[\\]^_`abcdefghijklmnopqrstuvwxyz{|}~5\0\0IDAT	u?;Ƙ1ܦ#ܝ*JXm-/H[Jt-m%҅FvZ~9Bl\"5c3cfH9\0RJ)RJ)RJ)RJ)RJ)RJ)RJ)RJ)RJ)RJ)RJ)SҮC4ugM:i;o!骴?k_{>bÁ/>7|=CWʻ;s.#yا$16cc6-qư;@WcWf+?ֶ\nPպinϼ?u%>l6Re4 ]ppƠ@)E9K2zzou(g u(ԸG(Α_vUZT@\n=TF)}S}SlQל< oNP+4ƉzN˱Y4LؖPHMdh]38u|5PQH[? *2-?̥~*l΋;&zʦBUU\nEI7*IAzVpF+4YS\\>ˡ\n KΗ6F4~R%T3*c7\"I1T:/\nmױZYMY+9,r^IDioCtrS_\'<RTg|JTR=TsJө\n5&7}}1<AbJCU1	曨B9?UHNs,\n٢:ߦS!2c4<r-\0UOO!0_4MKnƆ0]YTQɺy*jP	3,03F+@a3,q#NQس0G*M!*,\n0B審lueƷT6īmvPhGDkV{Clvĺ.vAǩp=D5B}iE嘬I:қ@KS9j䢝TyĨq[kA*\\\nDH^MT.\\J嚩>e*rU]EPHc*	_E%pEgT\"|7b\\Ѓf}+/f]M3?ϕT9\\reLWa)h#&JiGhm)pkQW0p4A<0(M2ԕf2Hvo91e]B yfH\0QaaC\"F#K߷FSZBMR@<\\C7Ș́|9veQU77xn#)ֻ}J76klmlU=-8*	Jh{*NP7v7nhF})ڄ$8 iEۤ`:!QciI\n\n6\nSe[{<G2zQ=2(sE\\>K]Ork^8<=B	w(#\\,\n.OjPGnkn9BuPEQT~ʴ*\\Uu9eڟ+ML+䕔i,Ԟ2UZC2(Һ:-VJWUSHchSQc%:V֘L1j}G&h[]Rw\n|(PeL\ṅC!L QKE8R]	0\n4q|)0D^66%~Ky!:QK %#D5)\0:Pֈ3b<6g.Ky r)Α:h}(͈WgCqB:R#u \\##\"[EqzCgJq\0s(NWDoJQAiGS0Boam4|0oC:Rv0D;ZDi)\"9	61)Msg\nL4SzD*zC8FPQ0(J3aIa2(U2)Lfn\n4؝H\"xE4#aj	ևq)5͢4?S[`[(͟fm0G(M?=B5L3)ASJiKai0TZ¼%0K`%HJғ<\nc=Jiz$K)LU\'Ha(W0W:4X&K4;|(Քf\\⌤4OhOQ(7i\054(ZJ[GiڠhoSa00J6LiŠ(m)M~\"Oiڢ(S0jJ>8@iFx)́\0\nמtS({.W⼇m4;;)v!i8)\0f>ihFq	9&7\0R\\#OHq:B),x,3Bqނ\'Eqi1xc\'Oyn\'Ny|)ybS`<<!>Hq\\).x.z,G,<O\\(x3Gy#R}8G}\nџ@(}88\nt<.\n4g@nGF6,)<%J/:Qff~15G4D/(QmxDmJ~ˢDdJ)\0PTх3r)Q1e32)P7JtqglH1	?)W@#(RA9ւ2UGTL-pZoTQ2ioR4xD}&N25G\\N>i)ӕ֔ NJ#:Q8z\0jQSn8iC(ԧO){8i.Z	BI(Nxn\n	?PxBL>I.\'\\BjbOH;50bk<<a<z8/x¿(8\0)V:<!brUԠ\\l\\m7R-\02(+PY,j,QjhHx)YC\\Kdע%\0ƛHɺ7%}GzcEՠh0=h1->h1Eֆhce{F%e)[Le_R0S/-QXK5a,n-6QG`(&|O	cMtc7+C%dQ8DP=(!x`(NP`cWAwA!\"_%eRd\0c`\'hLrk84A	F8hA,	c0iC#l!=	fYB#|4`6a5V{a742,!AXca4B|JS1)I4š0D}4d1>!Bcs4G#9v\'\0ɻhA N4I[מ&$[A4I+4QF@iEhmiY( fyY|Ch,La\'CriF,@4\08c! \0hA~\0i4O+iAW@oa*l.Ïv@{BY4Q~&ZA|iC8i<4;rधi!4LԝzBFV4TWXA^4UEc۞ohpK4WLEwi8ulc=&v\nM6v7KRhq-4ۑ[iqZ.E]Npp w܏,^	0[3ޤ~j曌3C^-u	.#\'\\\'eG6kx^[	6:>HxhM36A_Cs_\0vu-βO,,m=%ˏF`XL1AHYX$Wp=_8Lsl9Q_1zRc\n=*}\\[?\"8Wzמ>owƹZPc2a_^zگq+gVQ=\\z7	D1z\\rTySޙYd{Q=G/=j5vS8pJtݛcqYo9፧֮yjrEncwlFoEMn\n6Bqr9MѦTpyeIߊ(L||爹q1J[OA3\",\nu\\ 矸P?JNkQG0CqZA_\"J8}YE)}a\\B,E(eP\'=cBc]9JR(̥tײ{ t1Qxwvj]4*\nMU躣eQ?-O#|)C72i(\\K`jcDCE*>@W@|;邼s_g2螼J(h:.wL*:.Z\n1s-za#];\"Wmd(8LG-n	+>I}&Q;.n\"M6vUOa5St*t̾PA:iIsXtړ(ZtƱaeO!*Q5QO舿ՂjE䌽V<K6Ћ`_98h7>o>\0zC\'XiaeMߧ3xVǞ~I=j;N+{6+8ohO_%OPWiI%oGtKBIRɚp這J=wN1m%E[GM|d5qpVC#oħOFdm?mU󧙛X-G=W~Rv9r:7kYrl[t\';]uLMPTΡvDZ6N@մG3d-&Txʎ#4iIe\'ֻ!ZE<fj޴JzXCPK56AE*i!-%T\\Zi>B斃Z6a8(=U.ڄ}Qze>VxId4AYxF(&Q{pecꃲT eZrPhA$dU\\ND5Pf)#6pe_ej?0BYUPvizHldxއon2P6z2B7SQeJ~\nPvgl>QZ4_-rԆy\n	0+Ś\0#3,Y~3(gYː\n唦ӰBvds<c3D$mS(CX#o2$`,N)d\n28C9C6EOrkhg,0E6,Q\'X%6Ze6C9w,v=[y,V/Xn<!~,*garCC,a߱r, b./XU\"8w4	%SXF`o[ڰ.<Pnc`c{ư0kFw@kjv{2xqW\nPl.]ΟMw|y`_gwCqg(0?ɯ媙<ׂ8 vO[!<8a,nَ6C:PȳǼΓ.rb/>(}ğAu_Bm XGu(aܖ)i/rn2ΫSukxRj.T)BVymJd?ҫ\'Bb-*RC)RJ)RJ)RJ)RJ)RJ)RJ)RJ)RJ)RJ)RJ)?\'\0\0\0\0IENDB`");
INSERT INTO tbl_usuario VALUES("2","2","ROBERTO","2","1","$2a$07$usesomesillystringforeTrXNY25jXESxXCy48KS0JeCpVqZqPwe","","ADMIN","2022-05-25","2022-06-05","ADMIN","PNG\n\n\0\0\0IHDR\0\0\0\0\0\0\0~\0\0\0sRGB\0\0\0\0gAMA\0\0a\0\0\0	pHYs\0\0t\0\0tfx\0\0IDATx^`GӆǦ@!M4M*)3~eWfƔ)Mlc,]lIdٖt<O{Iݾ;3|#Ya$gbaa$Aʣ\0k_|Mo04Mfv]u(^eaa1V20F5P$.haa<Fl!0\030	paaMa`a2`a`NaaTaaTaaTaaTaaTaaTaaTaaTaaTaaTaaTaaTaaTaaTaaTaaTaaTaaTaaTaaTaaTaaTaaTaaTaaTaaTaaTaaTaaTaaTaaTaaTaaTaaTaaTaaTaaTaaTaaTaaTaaTaaTaaTaaTaaTaaTaaTaaTaaTaaTaaTaaTaaTaaTaaTaaTaaTaaTaaTaaTaaTaaTaaTaaTaaTaaTaaTaaTaaTaaTaaTaaTaaTaaTaaTaaTaaTaaTaaTaaTaaTaaTaaTaaTaaTaaTaaTaaTaaTaaTaaTaaTaaT@c*5*L b4J&(-aƛ\09GJEY۔ڷjD\'uS.x\")G\\(^.%V|%wNqݩʋSyA*+8LRk(88TlxLF&PlJWJ<b=Iᵔ}p|/ J6C\"dk(\n*BeHWSN9IkT ί#£SH5}Tڪ2SeiNPU	qT#TJHщu9VSq*/:FUoцESd\\;7[JՔk\"M Ji\nqA-MR:y*ϡ=T!ZͧјaL1mN:bS=3}P΁ʑBzO~ԥhw:]G#:߶ԾT;҆F)ǛAWC,</ssUMPw.av%;Vw`4؎td/b]Z~۠<kt謣KLgs)O#B#g̐9Vi[\nqmmEy?Kl7A|Q)9o)ZFˁtߋt뿡<d:j>L~Q5g8C`Ia_[9Rzy%\\hC5FV>8O 7adXFkKvFtԉmSR5{K%{9\0arĚXb^	XygM;\04j\'3SU+,Oi_m:]̠AS^i>B{W~u4XΦϛSJ}ħӮy<p+ةJ|gQ_hDb9V~w]m~\'Fp#7[%_J5E׀\'`Ңk!7?y,	׀eoHxE%)-ׁյRؚ˳imhH)G(ϘzeR~d;,*Q>6>aa0ھ%E|_p`״qcJgq^kV}\"OJUi.iC倶9`pkL-\")Gp+)\nILN&Tj+a$k`9R;܆M	oxL%;hΛgH,b6yU0k&0\\|`ܔ;Iz:Myh ayƦtWq[yAZ.>/wZp|<eeAHVp31N˜kǶ5NUV>cqΡv]\'N_LoM*1X1n6:cvA!~9\nmP4$42j*_t\"耍Bx-N,,|~eG]9j*E\'-k>o\n]QtL9laitʅo+-ӟ8*t%2-Eĵoi(<2*JH)8܄g߱P¹5W7ށPj&~_BLC&?ٮґs&66]ϠncR|)>Q>WQtTzL\"29J3_l>\0?&yΫ.HĠ1s`}JH\'HXӏ_tߚA+/QS1J\\WZe7s<~Ji-XT|zSgQBۓq+G		\n(&u&(zDG/|Y>bBu޳]o @@3wdgy-7&$J<Ry!@ڌKCQt`tbTo<+tRpnMuwQ\nR*>BpAqOY I62F\"!aC,6~v/{m-KEq&\n˵8GoE/Ҏ(½KZ #2 㛕ULYӔwJ5ŽM8?p$V|Y|ۜtt)/qv.@-`?O/A*,2\06\'HF9?}>AnSH#XUYrB\n0,V#{ qo3#iwd<ܵy4>HS,S3~d˾5WZ3}MF*E;.ŲFy?֩-,0aɛ?cRű$yAXhG/>\naV8	Z{`(*刉f/.JME\'3:.3gpѹ3.YB(GMspM(FWuܶ1nw]]eVR҉Rj\nH.?@zX$˜XXT_QF$8$N]ĲtFõ\0RV/ff}{ͳ\0Y/VZ$<ve^/p\'2rݤ-~o|ϧ#nkѵz!wΡ-Ḇvv~+ J}J\\$\nȄ;Ji=[yچ?],\nzyS[V=}G \\#D)DXcg:yLLqV`#`kw&c-|C{`\'Ll~xԾ7SZngRY`&.h?7:8;|[ #m.,(Yb`y[{ECo2DN~p\nŧmk>@x\na]n17!^kvg\'OlshяC ۔7˹[{y֍6YDzB|9e͎EI}MiCD2vgҔdc{1/8I}r!B|/BϷfey=%o1)n+\0BŴX/ٻ+.^3qmz\0 G8ъ:*7ea!5rY[{J>Fi=~!|5aFfJ4N;B5F^2ioƔ!Y%>@=N&ݿNm:(.`Pw	;\n7PR!uA<NcR`=ݽ=g\03g?NVq6L	D~w= i]\0)`4Pau`-DK,0N{7S\\%`߉Һzʵ449Te69\nWgs`CyNL4jgz1ǜD4q#4bt:0`vM2D\0捇_tzf횧L`Z\n53uDb\n6*b C^7EٳOkOA̽hΑ^IDuAb@7gT#i/Ȗ#̶qi璷nTb:E\0g1߽gTcı(-!\0?~@ZNwƿLy,3Dbygo\\y{s%pQ)őxv1\'&q(͹|1dZ,~\nj0D{yru$X&c2dAXnǥyƀ~(h3F?o\"K%;z	\"mA8_=ǘ=5+Z\\a9c`D2J(q`1`?XE/7}SG\\:Sl*<[r|_ayIX<JWd[(òe.CwƵե4i)5rd0>-RZ&\'a9\01/ӆY\\aW55ד#<Sб;gvtͤtY8.#:jZj1ޯ}b\n͝jnY_˪BF\\		c\0콋hdb&48J*8I<ڳZ}nH^QZҨf\"݂?v)`-yUigb]G,A8\'VE%c>,~\n2\\\"6!&{V|졑\n\\Ζc/p\ndZ*:Cs?WV:c2#Z1v0e.j9wy=	Ա%WǢƿo ME\'TB%y_\\& ](J$yM>#\nw+3wöB(B9bd]kL-DB[pM^zj:yeb	lXQ]f?QZ Euy7ǦV9QIhO1Z=\"?L˿),mzs۔<frsԖ.sfɠso,#Νyzx~@$XxUPXeB6?F}/1?G9muޮez=vI.457L1}7,O^PcM5ƵtZ洆f0\nD1:8	Z%,d2.Q+kY;\"牫+eɷKߕʑ[	gd|{j+:A՘3>nw72ușDWq\'HTTN9M{?uQⰂ̟1V-N3_-x:~鯗Pʳq)@Q]Ki=:Z>-#|\08[px_1~|~uKQWsvΖP`kYVk5l1@{N\\0=\'fzvZ\',~`nCZmOb}hYx2\'ri42+V+>vMѶ`@%}+td˯6lRQ7+z\"\nvd^婎YCRqϗBeuYq;R;`qX2\0..Q>`@kway;ff\0K5iDw~z~,q5?A??Y}J4F}24flC󨇝ki\0)m\"Zy-a3oH\n+Wx霫rꂶ,g3F8j/ckA,JanN\02$~{΃᳘;[1+k7=8|FG \'\\C{&ݳJZcȨsHb2Qtb\'`mX},:,w컥-kq|pFYorAPs65d+8gr>0sEbPki]δXg)eR9`.Y+XR],]i ԘfQ߳N..lGu\0O!Pf%91 !YPYTR``9˟mId|{WaxSV\neR6YB~Raᖆ%wm|N{bm-x+h%H)\"1@\\-ѡKaq\0iO}1Xi4t+2p\\}ǚΣ`#^`ԌOfZ\\OA>=;9\\VӋŒQi2\"-iLn5,IsϿ=jشGw(-13	EIHZu a8sk~jǚ^q>B 7X=CB#RFƶ_[d1{ 8nȟ|u%5YzyZP˿P֢EkK䵾k;Tio_jkG33RE~(E~cYUt|G}BX(vsSA=s^x.S\02HMM{lӟol	,zT-xn*䑾oe4+֗ӷ	z:m!X,ScFԏݮ&`3O;@}$5ˤ`Qa%\'u&|n(mt]E-̿b3v=1+Q-!oDtt17xE&ݳ]m3^&DI>tVqYQ?ߔT]naŷhHWR߳pk~9N0FoR!#EefVNg%^FPs_O&?o]H|Wg藍TZ1-~;]ܑ?8yG˅s@=p=Ze5A]KIfG*ͨBnlC\\_7MN8;9x0`?\\VcDJzFgSn0\'Ϻ/Jl7@ycxernQ߱gLbO\nK0WO+і։h<Bc]`lZo_H=N]:x{  1-ǲ0%$=MQ@rҋ%/uJzHv6?[ ֱ\\:N~~0dG]yz:߀O:U؎,1n^hcXnXn\'2u8e4B5.V\">\0s\'<nw:sIIJ+GLo$ss՘2|Aivwy%)+X31`?żƑkधiC[mM}_Snsj6 B	3\"mFeXJ{LI*V>\"ݠ=\"U|6,iNwiŦkNNK^9e5`qoɌcv{FVfZ,~\n ;}R>A2?Xgkoz$y=hZ`܈|!ȺWGPRࡥ`2/xC;$u͞\0Sbfr-sb	A={O8YЦh:iؕ4˄KyprzV0όs6ҏ>*Mbr?GP҅άؤYAYZ3~!*qOIWeKo?{Î_]s~\\p[1 c{I3p~=29ľE2\'桑ȰzSGg^+ww?4iȴWdG4\n}8s\'-VZ`m=`5yJ~\'U;L짘܁-m.\\:\'*59^)rۂXnb^nd25[8Ƚ{ٻVyQ.B#{ Uk[=KKAK?TIm#0o560؜ov4Hp*(UJhUӿ\'G5wWx|̅`\'#ݕ9D)]士`*:aJui9(Gcǜ>nLOe,`󣠱B`eN}-~5MmźXGs@^Т6JVÖC_3땡q.[/x|qLi0k\']kښC$X:5ʶF^:SaNQnΔE@\\iOd%!\\\"1s#wFC})8od :?tn,nXTL${p\"?ߟ/t8}J˽@icu4{,j:s\\/s\\߬ZU{k\\-\"3QDٶAJ&y5?DٯNLX#Q	G\"\\X]*D,G)+8(-_i(ecK>U,ڳ|vҲ@5D.vRvsR{v.rj{y@Ј8	_cR`򏮓^g,͂G^xJ׉3{G}j;`I2ءkPJ˚C講fi=\0)\naeIrO	0.,&{Y+=+-@x|xn13jggҲHӼ&#C(0\n\"e_^.҂P!DfPap-щi(4<N9bbIlWDEt(1Xk]:2~!`U)\'	iYf$=\'=CGY[VZ\'9	8,*kBv1qkzi؇ӮF\\㔖c0sTDDj½S뀽MmMCm\nH(ꑣx}G\0ѭ0a&̮Rm^n<6bR9kF^/@|AbF E؊/@[(aPI3oϓ!,2*suQwa13^\07vn	|!3HLVN`c-wqNiYfWk-Ori):t\\va6Òaw\0Xjr}ǿ[rWt,he5fCI?+7(?4xʋmXBo0˰+>+x#Z\n{WiYcȖ_گ	D6eMnGi\0ƹH Uh 1H}g`}.[\nhc&Pd\"ً䆩\\gKMoأ߶RaoN㟰\0)脂yn#7Y<`>pˎ뢌T:ca>pW2aY\\-m\nmPIhǿoȶ-(>5߶r!:\nu7zO?nA@1AMZdJsQH`gw7e|B2N&ݷ: 1,<c>^z~w}W3}OE,yGM\0`5em8^?bnٌɛ;M9$-Kб`NSsx݀D	<!\nM$ն//+q5 _3\"pw,~r/U6̍\"\0]sש0 `/,pWItH(ѡ^֘#:qd;0Û\0a\"θ8,?},`J娡ȸ:N$ۇ6 ٻ9u_h|кN໘xjii#Kl{Wŋ]n޷skNm?\09:@ͮ+ϼ7aᠤ)8I]̓a^ycHoμ4_l!EuOgA*/:&īJs<-A&=	7$,\nѷ$G%TU\"^iUUseX[].Dz>#iϚ?f{`6I7cMrP	sר\\<05!Y2.~#tXޗ%[rt{c\0\0˾`9%YDl}?tWu{kFEFszwn\0$(׀\02jdY{Pֆ˴}nk<vΦv\'0,000*00*04)`NnBN<x%F>Nܠjy⒕fu]PhzRyP&i~4߷ʣv4+ mDy}l=.?̸ۺɍopL)7E炔d@TqO+ʧ(ʽ>q?D:ށiubMܬf]\0;rYv<|[1>U9P~vaQuFScؚܰGȞğb,;\"51߿o2,e{h֡(-GazV..nO=]mo`q\"w@`[x/[%aTLId|ܴ!G4D[5a!BԼY-iXi3	nV)&qoaՙx˴_[\0ׁ{Y|^}m>wl	:Uc<t/+D`0}-Up1EN-,Ԙu~/7MGҋ??!#f-ۣ	pʽ%bok`K!/7O-\0fŅjQPgil:0a3ܿBx!850V4r6Ji0qE*n^ܴb!n`Ьk}pNp/+L`U:Ũ$.N_uU9!y9`uᅸ\"v\0+W{QUsDНQ*.%j	,.`P5$t8){+8ߡB\\pU|ǝ^+[85jgB+;\n#/:xXc/*Ν\'%$ϯT/{XLQb@%iUxo茎Zak=sfh`pNb{V}W`kԝGzG)<E6*/wQ]G.f=	#䔄yn7\"ėVW9q\\x̸Bݵ&<e0`2RsWJu\n	FUd?\'_|7.i12E4D8Pi&Qs|sGaBiˊi!u\n\n0!#F<.估`1G٫87}\"yV2CG.+C\"oF^B9Xŗ$rE߂_q|*.31Zo-\"y:ΊxXl	9x<;~0LSD8Gd`h^\"\03a5i	s_;l2\'W.\0v˚GX\"2b<]1=`|2H44YkeZ#ŗ;=G@.[®#4S@1\nKso1`3\"n[93ܹzwNW]~9zJ\nfvN8G̴A0u,L=+ĉQq\"	a܄O%gsb=\"ְq#!o^93~bEX31n$0L1p	e<2-/A>n^_a,֞R.dO\0^h2RЂo^Ax$=l̸BpYeY=$AWg~P[IdPy-%L62eC``B9U+WoB[nFƍH&}{)..N9pץj>FSj*cj^&\0ѣʑgKgPZ*R[%:eS_<X]\"0.ڮht,n~vJKedLCY|F7}f.hyx;oE苯tII|@vE˩#ܿ<n6lD`ԲնPoٶ];ة<Ky_I2^ Xx˩&@ FEˁgcC+n&	eZ]1^ujJ\'}uŴ\"\07@ֹâIƋi+dZ#>EdNPzi=\0t1@=MJLz(jӫH+Oݷ{űi]13˒u9.˒*rÈ{Bg[>x0\n+FEZ%\\en_\"})U)R-7d~*eFCHeX,:13tE_^J?\'sA;\\l0.U1<1dО$(dOjI m[{6uʾW;jf#z&s`z԰adޣ\'}Ty̤OܜU~?u1bmxp@Xr`:m6OzuXp骄e.:!Xx-tzz7՗_jKG3D;S!<\\r)uYQS4,[77mV\n7ׅRo*.61Jy/{u\'eۯ pdCG.a\0x;{>exoP{)CFY2#=D?lC|yyd:oTڶur9sGJO\0;qBLwax~0ooS`l\n<zflAOXNƳ^wO?ɶVO.B6Q3T]8}:-_\\i	zR)Oo9Gm\\?-`bX6]F˖.BM~15J###ͷߦK.T+**o?~]pSLA0AUWbSE<]UoбaͥoV\\)IgaW|DEEѓ/]6cKKK_~Y_kY8iꭙ{isfJ.Ua4OsP~I9]}մsy$!!>K۷l3}grs^H>m,b0+FUM\019``j\'W#\0g@\'Nd6VQJjl7?{Etmwܡ|DB77ć=@zYjI46G83+KXRnnlwԉ~gJJJmKi%ti4ŭo}w-۰/1ӲJfDS`J$@],@cK&]X7mBxV0h\0z7(MPصs\'+tbi-[&-M&($s:離Jfy/h_qC4wkzYF]TW\\E7rU*8a;oP932?M5٫}w11o\\?,gG=D#=L*ڑ-ЃX\0U9B^`C^sMuRXY`5t*-tkiС2-7_}EͫA̟O7l+g̨_-02!ri~[[[\0I}LΛOw}?HǏ7_Y&۰esѣr{oBCףc0?.:oɞ={hĉ҅ѳ\'oZu`cZgKE*w-q\'|twq=LzwX\'#Gs2ڷgTZDoFk	F9{6NH{.:iʶJvZaeđ\0sp{SСboАz駜NuуN.KJJhrߖt߳~:xP+\0JphҺk),8wjkTUQKTV\\`+/j%x-~o<o#p6;@c-pF4SNQ\"3yDھmrPk ۚ~t<lm/DtL:+̧rzLى561.VlqFlmc][><i%3?|fپ+чV;	tqѽ篦\'B%~=:DcG=]r9ltQUUe,~/۪Yh-ˏv[<@XXzȣ_/^>xrڷ5*jd~Eclט6#U	!<T@?l_[Bo?<><חh#zf|D&_{ʹxRG:JD\\wt1lDJ/7OU\"m!\05/:]jj(kb26Xm5M\'ϯ,Y_m=3 *M):ܼڻ9KfK߶	;GQ펻hٲ:{e$A3XGJ2oVoD\0,Z晇)wZ	ƗaV(-.9?vm{PpEDRlb$%DQ\\mcMxjOx4GPhX0_YLfO] gAv踕1nva.mUQ#dŸ9A>\\Ͽ\"]u5rZ=:lo~@SN]AL{pmZ0Vv=*cgh4LZJ@{	$/2zhgtEj2)I}茩}N69`4<:zl\'&&߳~D\'<lXϲsXڄd[ƫ	>(ruj	8`u/<NǗ,4b\06E19`Ч¢ܾƹFFѩk9{|]Xt=lc{6eR\"eM6H\\\'^1{l]/~ui7BVucv>a!*]͸=:m>̝m%nCYn6zIYp_y%E.ht\\|oUkI_#N`%ꖕiwQ3\'ѐ]A2smJ9²wJ/L?{]~=t쑢!ɣOϣI5>pT)os^gw	=eTzwdB z\'X(ڷtC~H2JK+ih\\[	y7+M}uTa\nKH7+6h1w0tg=(5:)C^>{|k~6y@^xi{&y|]u\"|ĉ=\0_<@-AHT4_0~鶵v]{NW݅i3H;Q\"{z+]@8?{a!ޕO\\Rt]7BВ8=~xgg5!_$99Ο>bc#Dt,7x;n:f%NyKQz^q#X.p.B`;+uJW?4.u^vDzDls|߶RQn9i]*wKB|)]CR}\nsnª1W׿~oU	S>*v1tºlX/H:]92Qk׆ta\')G]K.4?`0K*ETǖ,]F6<2䱽Ӡ#oРOsϕo2x0M<T_5XE+` fYWڨhh[Ass?hIQat-#蔱ݚ.<;vOYR༴کzѨVCJ*iѯ(:.&\\6ȥ.{`~:C͸tqvOam{c\\̨֭(\'\'\n\nCm52Ν;D9x`)hj줲o~?ܫ+[{ʿWj0!`YVKiӶs\"M9 )Ƭ}:|c4aBG97d˚*o<ٟY0n#G뀳NyѬn<@aa)d!k jtBlρ9/<O{>+ٹd&MX(DSnXN	!q(̇S!cӄQbIJWOg֚%\\߷@e{n.}h5Cg iEjK\nQ%[˨;yd\'sI \0f!J9\'0ѼP!\0P\\B%o}D5+G	vIBpr2Qy))yX}R%2JցƜa3-Ak n 0^lR$u.oDXg:j$HlM!M^>0\0j,g/h~\'ou\\Qt}kh\"(8-AiYcՑ>_~3~oPUQC=P.v2]8I?yDG9lA,,kR^fAr\\	J;QJwJ0JԎA6ʲ\'HgNo,F.\0e0]XKɮ	_\nJ/]$WEPQ%	䷟6Ɵ`V⟟;#&HgEm(C<%,f]7sp!5K|wm8Fvb	HBm#otӞYR])l:.GM	=mRF9VL?jMiO҇E4>$UUմs.\\Fŗ^!\'3.&Wt# WM_/.׏S2yu]i=Y\\,x-).ՕAm\\h\nHaC1X׶h%<t물O`V6(-Hx#c@J5Jvs<ۍ-ܩWwa3xd_̲tD|rL#b1R(Dno$Dٗ<$AM{;[.ai|D͹srs#˯FӦOWZ*P[Q\0MC5ʾ\nvizf(Mbx#tGs)(bʳ~p-?\0k^Eis<w\n󰳺эOs{VIW/O|ʩrYlY7~,\njБ.1Uz`upqLYY)aʞZ8q~fV*_O05:1}7	UPX:5kB֙F!@f}*uM٥VX~d`FᆡB6l^qTO>XXw{3gg4KgE \"MkZJLxg9酗^R@m_x7XF~H,T<(*iDd@9eE_u.h@/[7	igͺe!ZvTc੝e4%4X.H][i!ZZһMv!ط5~ޅFC9>*JΕv)Y6|P3>xm/7j.]d`k{Ow5m(MaBRqJO`z,h)`Ծn_\"qe8RX\':^x2u߶AV+3~~=f9x\")/@`e␽3=g1<4dA{K|Ap4e~-pc.˖F\'$kv>e|1:0,[=2u\'f\n?d+ 	Z7,/@qZvJy0ʶ[0_Bewk3`ƑSc)	\'z,}7tbo?GKjU3%4)w=	_rq`D>Wi@mUU{i$:2\".F[UȌY6}yk<ooX1j?wӹSϓmL1zp\'4ewwߧ~S/Dxsi麫ݻ4o.nѹt9FyhۥQDPZZDN+L`=ȥ0GSXNS34֠7LfS#ZzϦLzfW@%Գkzh˯̙G?\n!6/_zv%Bǋ-I&zJfj)iNGvxN9nFCrE%F:PlH@R34Z-EL8Si1ox6ke]fsDe%k=G{jmlA%%sZH l{HWʶ,KFGZ\"KsΧ.Νr;t!<*%%Yg%˶;VYKW]{^\":~}CG?|B_Oc\n>SkelXk͝Ky\'Om_!QlpHx[R)(~~+[WYmg#f\06#B臷XBP9E$GNX@_oTZ&\nC .4ѵ\\ !W_w#<L펻hi{iԯe6q52_3ޭ-[<~{ګi>#tLLO/>p=r}/Xv-]9cV,`V&!wsEEEY87K~(E.+&_PsPX[y`^/8r6c]%(	8\\X*3e*JK0_{K z+Y|Ԥ^V!9BQn	\"\nrpgУ1f<M8/_<ccӒE_~+ϴ}Uܠn:F2	q`\"j۶<sDm^f \\afG}V\nɓ_Uq`?(z`QoX=$8=o◉8v?F|[oM\"j\'Sz9Z(`ZﯔEOsEY<{йWV0y7dpI@̥PZ&tKs!ܔha&5.<3ۧOy^w$iΉ>4<R%$\\ƦNtEQvv6?D06qK|ʹbK0h8iyK͞x1aq5(hGCQrD]4.N]rl5n|-+d*I,.yЖS&sҕC(c}Mtօ\n:\\H>ST) [6{T6.u_sH˹bwNHR@/YJ vXziu⛘@Ǎ}-Y@wy;ܯ_	+V_|;vh`㑇rbccI?+WҝwMN>OKja-;Li=5_sgWXyȰp*@nbeIFRNXG:6/?D߼ɥ\nE&Q|eբra&DH(<*T!~kGOK.$K~ھS<嚡Ҋ%2ͣL!rP egBUs3;ԲNK&-n~:\n:3?Z_ziYg6g})1g3G/cǍQ*C۶[{;?KSODQU&}^$,fļ+v6>ɡʖGۂgMo0/]ПP9_X*U2$/TY3!_Se	qNo/k\nռE{\")zMM-JLau-D\\Lfز.)\\tAz護ߥRaZt7_&j}ƙxf&u܉3K9@].\"of*-G\'}T[0@Mg{trt9(i\0˓)isN&2$\nu&((޺_=6^K2*PMHd)s{d!,]).\"i,ݼ4wنHi<w4zz_+n}\'ѝ;w>}Ouv9oi	D`)4mdի\'E7F!~ȟ|Dzg\\AM#O9E;ޟ9S;1dDO?7+GԹ3vit5׈EwbӠ %@7Ym:_m\"]{涣\"`Q_!皁9nq%\"$,Btmx%3Jmc)UXMHC-`Z㓆\n^/0YTǎ\0c9`$K0Gy44nsϨ%{4ŔIsT	(~aۀeLzңۗ~ZjH87;oEs̡Өb{С4q$wٔ$F9\'e{ݴV޺EQ,`Md%{8{`.1Ջ$ YmD{JGYa䄞23נ3Pn?XйWjvmc4OiteWgY\'ػԅnzZj)=nߖre(=)Uf@85oޑ)#? ]iY!USnX)<_v	񣩫^vh)ɻC|r.?ӟ疀eT?^&ߍHnsD{$F{lqsҺuhh	б1;i9|Bgt=wNFmm}9%Ϳv/7bH/i2]FF]A9sy\n`Hk.`wIOqպ2~\'KS|ϧkRm}v\"C<fE%	܂Bv9J`Ct1.*XPFN_)Zx%Jn,$`ƍO/KУO<A	>+u0i*}bƥ6F18B4c]iG.[:嘈sΤ˦)zjtƀ^o*׸ddwsfI̹W}z\nrt_}vG\':I.9r~wo-*N7pUEqK}϶m;F-^v)\n˶D)BS߾}侷hf]< _%:wRV{u&\nK+)xb)q2=<,*Ԝf>b0q&҄5s`CQEU-UV\nA:)uzlF)|uC#XSKF9<%%Bd5imX!~c4]Dki4Wrp8ZEt(@ۂ%G7eҤP7rי\0;h1Vff#61},]rsrG+GL١cG:UX_t͛z=\\s9WZM۷BJ\'O޽z6u֊]#7y-]J+/ˏ:SOMiY###hǟ7mظ˭#;o^\"f=(㹥TXRM\'\n(JlVRyeU	q /,v:\"5-spY7kUBķ)tereDYqB	ayzcVsk,+ES5O=,\\P[U^~u9zZzi?q?cy&1t(|gDK,h*J7>Zl%6#\nzӼ6Oӟ~D-I6s`V1Umm%ù -(ޠF/;UO~8=-9WXg_:cV6j*HX?AƈW/C1Bt郏>WW~KÔ5-%{_r>9K?w\'A3A.5鶛o\'{L9|\"##[os%Σ],_zK]\' %U\\*LlE%tbC[q1x<EBt(MҎZkRV&2s靧QIR\\\\v,WEJKYGdA,1W19qi=s|v݋:7|I.h,y+h-ݾ}=cԧOoʊ\nY>SY=d O	vAZn:Y	E\\BW_sv~wa>ߦs&NT~c,]Л֯vYBE5	ʹ`Ҳ.`#hģj(T\\vF(ڡb=l<ifyVc^m3c]G\0#<xZXw9h?!AkrԈ_jmC5E!=\n;5x{ =#2aEjP^mv;*u/`i*MbHUY+FȒlx袸XT[24O~#:*-g_гϙ2Nuz}g-\'koLQ訿\"xMЉxZ\'!EC<@7x]޻SvNJv[n%vRz6˩W;r}%T]Soq#qr j+P\"aG(]UEqmIbՋ|^FkMLy81{Π;XxLG9`5nZ@!oQn94Ͳ4dR,;\naWWzN|\0HG__֦k34\n~}Apܮ-Cn١HN:2;zŊr9ޛQsйE;?稕Q54:\'iM,X>SqʨK*ʫJJӆ:jh	7ݪ0I9~\'ruaŅ\n/d@lvAZe@s7JRPG:+J>:u,_LstszY40uTꨰNُ[~[S%6mF6q/7)XֈGdCY,5(ESآb\"(*.b(6!⒢)>9Rc)M%SrJmHm\'Sz\nf}v+5(5e+u|DOTScQcrGr\0Vth>T0`2PR3;s2t\n	5rÔPa]$-61SL\"$aK[Zc)rnh 귶S屔/EBp#)<\"BŦ¬چuFZiWVQYIQQn	@J!dʟXv5R-ϔz!{3YNr/QlQ1bc]KM\n?¢,3GE7iA4KZF=NI%CI)UY綎p<\05\n2$Ta`%?	+ldڤk~1Sα|=^ B[P$Fk\nBLJL\nlIaOV\\Ne%^^ZIBj>E!\nO&cuX-ZkEoRpA @B~6FU]lzkWsph>E;KL\"mV>`Ui\"H<9_1dp2S*M\'?԰>ՀWւ .cE~uX5%%x=T?T*xIRbeSMFKh9k[b4&P\\rt[ǋ߅g|0y6I⵱81d,#pR\0w},r(`لשm2jҡ%-cʎ Y8FVG֒$܆\n^_E\nLD&M9a4\'66[4$Mqh!h5E.獱	1.s-+\"b}k@3b17%tԋ`|_Xve\n~fEXX 3b93/H=9ْFc,?!ALxG#*RtV5YpJ(pnvly}Լ%Lqe7Ӵ}M[	eɹZ9+~	sX#>Xi&G	8~)p х|&By,F~\04\"xntNq^d=e.UBU部H+)H^O_Ne/QئʫId!_D/W;ZXC,z\\h;!ѐy3\'riӑF\'ȭZG5յ2j[뇱DBd+J+MAURxl!FPFX)K{/(pRp[ iOﭐ7?-/`H\"6߽tdlH=zFhܞyo>\'\n\\MnU{(tL*:c?-	ZBc	m\"|-d;a46>\"ZYk	0ldra6&ܹw}Ñ=*ߴaӲRevQgDZ=mÅ6K\n(SE*V>1߽v}y,9G:q<lIj(8`?Jeo=iK4Sylui#75\n\'$Yr.7WJ89e\nJUA30d,M|7\0V-\"rjqtoGi\';9k/\njmU7PNOuFaɆ	AMDMl|flz\\_F5E]kZ[VEeETbFJ>/ϗk|yISQd	1X)rKppn[(2]jWY=}\'KZ;nHV\\Ʈ̷8ʏB=Y=jIS#*KB5=:^;=-NiWCztgt4p_;\\4l_tl`(򳊤0g̡C92˜ʊR27\n0ܠNzZbVo1E:#s_`F|oL=|BcKg!(XS84HCUP	n(mj)=FO}s)V\"@-7+Z}@?m2_4vh~#9lǌ-HŶ+HtHYF+30f	iJSJKK.а)Ұ]C`#tBŀ%j4~+`uxoWԳ39B}8?y^mKgx?U\n-N\'Cy66 \"BM]ezS[UI\n	\n0	oE﫢PdZFP^9щC&~H[=bZ]F]lیR!̟6L!e&~u^ozzO=YOǧӫBhpng$:MsbhoU<ek<2ɤMN%%Rh|ESxtjSP):Hܟ45Ȱ\0#\\fMR\n:_Z\0>?nTZ`%zz-UA%\"MXegVуrJX],:Sp\"\\ 2$@ʣi2T.s/QMN;SP\\2!F!~{!+_\\=;H-sKQXrO<Jtܘ@Uv*q.Ĺb_0ˑ*7ؒ\nr^Q]&H0./DkiQiXegiTmy1VSYr2 3pbWI	5y<[$=N2+iGV<QHmwv!.ޜb:[LJHA)-(EtBXWVIT\\YM%5T^]K5:	5n)(3l:qj` h!цD	5Ft߯zzTXBh-{S-~i7>}n2s^4̮J˽@h^X.xjӼoCo֛ܿ]۶rEE˯CYcΔΘ;w>mظIujQ^W3Ͻ ;={_&Ң-6w~+LF{-矗4wO(G]hC^ӏ?{L\0wwYT;GUu5+rSNt-}~3w?жm)226_-+;b*D:RǮQҏxv/_eHQ:S)	trl߅>ICM\'ET4uՅ:j@ ޛ\\u	>ip=*0J`O<H;r_ϙۦt10O>W*MA^o3Wӡ]	/@WZfc#K~4޽,1[[o+=ng)Qr6}HKsS~622R*x. [^<tED]{~CFv	)KgQNu<)5FI=פ,dma:=acT*tςixhʣ؄@kɑ\"nz0@QC)LP&1BQtJ!DPcVwGuV&ڴ-62]fс3yn]O7fWơb칈߷+ɴ=7g:f0nmMKՏ.hcXePCQ@\"(1\\g4l)NUZFĲ ;jWj$(8Uup)D ]ՔU\\NJ|{V:M;2O+d^cKmv)2Wo/kudvgխ*رcT]j@jkke0jFo!F!ʾ4Zõn Zfg1s;yZ	!I	QDSTgA16q*H=&mǏQ_>5{E\nFN1GK@z,So2z몥Q\n0hML4t\nm4cBQ+.h9;W#&>\\ZNB&	N͆hݢ}TYf\'3w$$B\07?P]3܏O\nz.@e\nNܞu}PHB̣C\\kCnH#dK\0oA#6\"C)483☆*V4T-v~JT.~^Q+D١	q߅%lzDTB.[mцPX\\ӭh=Hv5XKaV\\d?_`Kt\\ށ2NJԶq*Fdsan9ݟGbatÓU<.b qJjpYbaWm͐aAtRDQ9ҋBg9\'I_[KAtidH|9҄ɟ,QqA-$ESwPiIU*	0gl\n2fL\"]\\e-D\\Z!doC&(1PYQ3GVcB!b˗ZBBL8\n5?(#\0O]`?]R(M,GO#ԟ8\\H-\n0q`PW\n/4`봡@\nj5ԵO\"[QMEBs)0#VL	ݑ[dȝG;R4PHd4qkٔ_Y\0\'^GՔTm66bK<\\OyB=ϫxHbb]!v{PFZX%,.4I4.ԹW9:,G5;T~lDzÑnt(Bl/ߔM\nymMs)?}J5$%{K\n>-~\0*9+DZ֋Z*u*N-^G*KHqLE	X~e\nTJ?(\'8߼r/g˶K6c`;JlCQ1aZ_ A?e7ʺ?\n6ϓGSxdo<6.KݢitriBC)Ϩj]d(/0)F%PH7o[}--Q25۲}i3w\nb#z[lRգZyS%*z%bp:UX4@bw\0@zκd|P޿-%PDTU_ƿ@`?/X(j.򢡢`ERMqǚYәey0zV`UA$w`J@5յTSUKU5TT\\PF%HtHeʥ9},\n0JeʲJ\").1Rc)9=AF`\nF`NiHIikBqg-k ҷ vֱTlfռ=jn8g\'+lތxUF9_Ҳ\n&c*\nj(+K:K!!ETUPHA5ѝҺPQOa-JUrPKS[BÅ*`P[P\\eIZ>fq	vAp|\"1JpG*-?@\'c0:g\\IzGeRȆ+5 X{E^}@xDS6=!(0Y[E:A57Y\"pc\0(3	ҭϜ|#ieGv*cwh46i\'iwL37?ʃ9bG֪\'\0O|\\lN(9`$)5Μ]i1W/怤r\"n1Ar,\",\"õu[b9C{\"|`:^ݸ\n*V#Ty^d3YĦs,YDA9j/g뙘F	`X|*2tQ&\'n6-f\0gG Mz\nkU.Ӻ>f{d6u.c	~>ht?7ahlڦ}SQ1R]mTTi^oOW^^\\^7TU[L@ҍ\0%-6pk\0f\'s`BzNЖ#N\"\0@s.ںJlU]Y^MeUTQZI%T_&-5F	\",FǆɧSZ-d&5uGPHeT*ܴaLl*UU먺I28@GBilNpچ7^GXwNQariCJY	vPubcK3.h䣵 ^7PIJ-43AXI~Ҿ<)4t-GQNԖ(2ZRG8fz4S;[[+R%	Ap*/凝>Eƫ62Ǵ%<wrrFa`tNRZ@Fź`\\U#EzwoշX|⊹_Fў6]J%[YQ-]U\\AVؔtHHp)Wn&4cIMHeglMV&ܐ[X\\T5#fl\0#<\'Jь	Rda\\BV\nr\\\'x\nVΰTMgбNH-R8-E3<b\"HWιg8.he)4ӗo\n-Ln18\nڷJG[fՇ4%tr`j5ƣl2Ұ\0l*fĻB6~Q43#0n>c5|`^\0t=#zڒ5YAG&\'(=؅Q °n\0@X` 	칠g~RF.V]B9Ҿsu2bM_!jwQOм퇨{B\\EQ+n2o_c{[uxx?x___%Di`dib%h1S&Arhӑ:ZPBSzm5=[JM5]-ΤhcZe *Gt~CtiVâjY !QҊcFc\nSJRQrr%S.A& j,V7GTQf]LJ7?uA<.0|R|?7m^C?o8,{\'ȮI(dN*\nʠ`V	ZҘkV-fiC\"CNA4Ä8-iQ!\\pq\\nQOa{WShm-IlZ>CHF[J8E@H۲{hJu|`!\"1syjr=Fۧ}O)a4Rb)$5ee4($%o\"Yd0jNݓG>m=\0D|Ayug\n^\'.:$SHjERPD/W(+X_FeTYT.\n*[IVQMy5VֈV|:eu]|OuT<4Y2Oxt[(]Z\nvcc)<R\n[|Ȃ=^tʒ{t.Y:^d;@Š(*}Ȉ8#CY%j6IFd3::Q۴	/ĺɶ&<:iYɰmֈ|J*.Ez8cjxZ声\0{V(r*!=d7hSsP)ZȒ%MԔ=ʪI.\"}yhGWTCn#[<@6>Viy`#\\yf9_m;}+ѓ y@J4{t/X2hN!JI9B(-#LQ(oZG!ڰzE/*RPmv1dwl}^\n^iy`|zm.k/m\\j\\>R)G|`u;[׫vQqE5EC{z\n^@}Ģo{ݜX,P/6@$1`cT\\$EF+Ϙ0xO%M6w@(-AX#k*xO?ė\\|TA<XQZZC\'Q$󳋨(JY^Z!ԊO/-WT)\nb)!5NNBSMdNJ\'EC4V*9^TdByC Y۶ԞUg,l+lXvힹ_aN=Rh(*zӰYBS}k}|̕#6VK]*7++}/W\\Rl7uz҉T+6t\\7$(Y\nXLĜ>DiyvA/&_0-{@i>\"ch6TKa(101(MT~Oa0zia)#;i.VnTZ\nS3ĲH.e3Gi~?|0,n#КEL8DHX0>=uFqQ҅Q`[].ܡ?ɪBiO郻}O-qL.oX6=-O1k^`(/^c8㽗fU_^MG2G^{Jiyv`z-VY[n8xFB7>4Lm#(6:HUe܏AN_3:!`5|KCp%CLlb6\"*c#7>9QrzMJ1MNm(-_o/hQ^髐{ط_a;duH<wL3֍	lt;\"&[茍3#\0J٪epTP-!\"8.7Xˊ\\mkAYE~CY-]z!.2:|j*E\\^?urǏ-M]UhUF,3He}OJ!p9g^$1\nw2C%<D!mӔat3\\Eأ0֮\\|Ƚ9W#sCjuFZmVreY6q:\\rVw32:G`m/ׇm_`$3!.,q\'F\'\"Xۋ_Ua8&!J.94<TƱ\nz_id2<=fTZ2^kֽJ/\"qg4q>ӕiq4e F\0B=}m>#:SߌiPP.9Nmu\\a;i$\\;M-v?\0aM#߈~:F͝7P\0/,bHg+72Չ#>wyW) \n$;&[@ʊ+*J+e9jk@*sXd&HlX_F|ַV\"`C_iBL}uPv5T_&	фfE͉\"eφfփg]XDKvڳ~Νїn).hfj.;uIqA8-j,=MFOcGeQPQc/\n@\nF<46-7f´	JAEa-ekQ骽JvA7gn0}<7ﮣJK}MI}4qA&!ƣ?\0/p_ؖ7gC\'d{h4ꗑ*=MPmTTHux:)-l4s7\\TIoхAtK\\L3\nWŷa\"+7ЕUɵ(D!mwW5n`9):z.ZH!N/EVX`\"o9g\"WBA2tݔw½\\nZ*02h	}ziC:Diyt_yvkfZڟ[M߭6e#x FWK=ؗ\"(&ZkQ\nNJ BH&\"\"H#F%s^pA\"C0	0:Px \nAX6$n}t189bqy/mh,сԁ\'YJ4k>)(:䓼>Hc3bH+kGd2wǍ5 J`]5/ټ!7*bR,CBL≟u fLyK|Uq\"J2\0eXaL/\'UT-ɴXY)G[;\0gu0!{50ay/7#DG_\"wFd/0h\'l9JC@\0c|~A9G/:+K[+ZBb&n0_G^EBa8@/]|8`9:A Ws\0@ped|{WVyR`HZxbGQs-b0(JE0=ߢW\"q1A p=[-ғ-\0FF\\0FZjqnD:&BfSH1V&Xe0I3rǛB>+^i0߄\0.lΝ>DVմASE*kT#ژ\'pL/^d Z׍ࢍRʾ\0S{StcUird$ta\0:\"9Ofcf\'Mj9͊V!_EZ-Q YזV-\0AС=u*j56qΦQ9\\wˉBB):6\"B)\"R+~FCbx#axb#Զ1#.$G,>\'1]b2^Ų%lw]}YqhʳbkV/໑+}[%dVG+M{3fN<7EiGx^s,,W|Wٗ!fôj,nRkq@&\"QB-S&\nІ\'u;00*`1daa[\030\n\030\n\030\n\030\n\030\n\030\n\030\n\030\np&,q*w=Ts(jPZI%ŝFqDa]R)wvL\'j1wj擮s*5bD*>O8iSb)C2wOgdƽ\03תǩTt&b@1H!l,{T7K9D4vML\'w(	aZ0:*i?O9>B2k01-{\nttoj1堛?~Ja,G+i,L\'TZҗxJS\'P\'/B=Dͱ|zag=W^-(2LZm94Ra|`R)/ 8n\0Jϫ~4~YCjѶ[1+z 0.̴>F*u5jA(4HRS/PeR .a\\iUktߩdfzhByr)bGn`1w9s,L7Б?v`RKP\'.3(\\ˣ H|0G`}\nXpYK_Ps$]^:ia>F#}WQmFrfW8z	:z/`v9CoiJX0CXxF*~M`.!{PZM;,afCY.!l}K>Q+v-߭	h=*5xuv,:rק~gQf1W`frJkc[\0_nN@u=t9Ŕ0%	H\0tWI_Z?N8q2ÕJu%8&:{xc	[L@4,XٺY|g+-a̰\03	r<3C❤/?:x`&ڕ)2U0>\n0p٫1>(w0`f9d.Ti1J*XQ}0Gc	(*Q_P00P \0]*wWaf,~ej+{ð\03w֚EQd}MHrKi(Ԟ;a\0E*էD00P/	N3oGS@y;$^r*{RJx:jK|1è0P/\0781ZiEP<&,ºRh$2N=0fXB48(TI1MUZ%},PFCS*a|`&\\\"vwFi	~+5WOG%C=aXW:ݕz&|0ÔF=H-bNQaf8eO]7`@ɞuClkEShdW`fN)ʞz`782LiY 픆g\'f/GXTea`&8΂z6*zcu{3a|`&mHduC╽Dd<ɝ\'PxJPQM50k$$GC1шUnfzmrs@Wl\nZՠ2TI김\"B(S+\03Gnʞ:Di(sg\"rpeqbG~yRnO5d*_W9`\"fʞIqq_\n00p`8(<Tiy6»[˫xe<%Hv\n㸩Cj\"B\":H5Lm`N说,LAW5am+}\'HWP1ՆuKWZ	H !f)n\0eM#_.AҗTR嶣Q\0B!dt80\03ImºZk#\\<{rD}=Ǆڙ/;\0s&\\4Bi	F` *_[31%4JhϤ	e_& A)C왨ڛ%˖픏f\"7\\*r`geЎUmi)&>TiAM \"IDދ1-,L`!J}ݞ(`.X>fG3a]ڈy@km	ike3;+{& E\"d\n	WZFX{`!,LQJy\\BNBl8D>+\\VŜ[i5!mMztϖx٩}?*{&9,Ⱦe,a,L@;?ziBESW\"H3ppiÞٌ6.)l[|HnQ{*7VZ^3Dj\'_U_akX\'큩^$E.[nT&PD&	LA[Q(SYuf\"!H۞&㕫\"Fc*b\0nOU\'_R}JKP/o-8f\nXߔz9JH_TN{2^*HpP]gw;b)Va\03?e+GL\\ /PJn[׋9}S_._iU!?QGϯB_\"CUlےt>f`!cNiS:$LfGJQ`ktTj)V.y[/(n\\#0o0Fh\\\nx%IA.Qi9gx)l.hƶ­ʞ}jP|0ڰik)VcE͡\\xz5O\\@gSZDYJ+),_GUqW\'\0Fl7yk{@cFˠ܆x_WJigXVKL:|GD6=M9)iJ)\0wt?H#>pdԙ<3(1rߒe(o|u\'/=EC90Kix}nHw[HX\0,S4/(B\0?Wix+z/4`U_ʫ\"/(3iPAZʲMʞ	v9,t^}awXVOX4jr.[M35DpF-]b:-VZ&j(ioBE\'a0N)&U& KZP9,Z;ˆ~[#KPzL^\0o7zE%	DXF0\'JAs	#-mPg\"9=M1Ȣ&9_i1,cAImRpBr3`T\\]ƔXÂM@t^M+(G<<0bN|i-\03+=5B*L/__iF?y!ŎN0L`f;@;uG%\"ϷʘAAʕ=0a\0w\'U-UZTlt~jܥp0a >3F*uҰr *=;\\1`fFd(hZlLW0af:޸h$аPd%Hޠ3(f4\'`O0.KX	[uxK$-#x`iu:Xίha֯G*g=d\'.H!4\"\\92zQ͑\\}oZ@T59_.,Lgӑ;>&Cyr@O]DѧT0-0DD%7	{e_Q`iM~\'HN0*0-${:uVo	2CS)nBx`qXw0lyp*Ŏ+Qb7C7O:FnKWRГè	[Fdwo9aD;jb]a`f7ޣ-u&9~PByҗa|`\0Ș(8>J9Aa!)3ra_a<Dx4x\n\n\nWx;bǝaƗ ,0U{Oafxi+W$l3	Fw%G`LUƧaf/N3og@Uڃ8,%D	naO%I6Jc9<0^z	:|dtg2^uU00^: Y䚒l\\`f:>Qo	j\'`aTB0u4sNvd9l0?0*-2^#sQabjO&C\"I6\\Xaޖ:x`V]p0~0QohS)j8lp;,Cnl1K&ٸo2V`\0u1uzi{2]ya@-`A{o^#Q0nga\nƇ啐6)Vܩa`aQvA30\n\030\n\030\n\030\n\030\n\030\n\030\n\030\n\030\n\030\n\030\n\030\n\030\n\030\n\030\n\030\n\030\n\030\n\030\n\030\n\030\n\030\n\030\n\030\n\030\n\030\n\030\n\030\n\030\n\030\n\030\n\030\n\030\n\030\n\030\n\030\n\030\n\030\n\030\n\030\n\030\n\030\n\030\n\030\n\030\n\030\n\030\n\030\n\030\n\030\n\030\n\030\n\030\n\030\n\030\n\030\n\030\n\030\n\030\n\030\n\030\n\030\n\030\n\030\n\030\n\030\n\030\n\030\n\030\n\030\n\030\n\030\n\030\n\030\n\030\n\030\n\030\n\030\n\030\n\030\n\030\n\030\n\030\n\030\n\030\n\030\n\030\n\030\n\030\n\030\n\030\n\0301aaNodfaoSYk 000B[3ɮfCF6(6x1̏\nVMSQai?-xki@-8\0\0\0\0IENDB`");



SET FOREIGN_KEY_CHECKS=1;